line,pred,y,n_fields,population
C1.427.16,11.346624835756913,13.292187,5,427
C1.427.36,11.30884720317056,-13.4916935,5,427
C1.401.42,11.277799448286874,1.1933131,6,401
C1.379.88,11.144589392090207,10.673341,5,379
C1.401.18,10.712565080718118,-4.59602,6,401
C1.427.85,10.567418968196197,-8.029054,5,427
C1.401.51,10.464705140526835,-10.736216,5,401
C1.401.81,10.398075740090484,6.2375464,6,401
C1.401.87,10.346554017601587,-0.32662022,6,401
C1.401.7,10.261165357204884,-4.514587,6,401
C1.401.27,10.136197397718913,11.174459,5,401
C1.427.11,10.103555696844452,4.5959063,5,427
C1.427.19,9.919946924398412,17.215246,5,427
C1.380.82,9.735386372544209,22.81773,5,380
C1.401.20,9.631131863072005,-5.92007,6,401
C1.380.137,9.57410337449393,-12.038742,4,380
C1.427.4,9.54298369229291,12.173447,5,427
C1.401.92,9.30987092597362,-11.275514,5,401
C1.380.154,9.269431975296714,18.74703,5,380
C1.401.94,9.251561682309305,-6.55422,6,401
C1.401.76,9.241886799566243,9.750564,5,401
C1.401.36,9.19673874212543,11.59918,6,401
C1.427.34,9.108211931892365,7.1017065,5,427
C1.401.32,9.104950623586037,-19.686554,6,401
C1.401.41,9.081295885690405,-10.22858,5,401
C1.401.56,8.96559535085352,-9.255103,6,401
C1.401.74,8.918068344562146,3.7910297,6,401
C1.401.77,8.88823534228855,-24.26442,6,401
C1.380.41,8.842003670819883,0.50137067,5,380
C1.380.22,8.819772677234514,11.918308,4,380
C1.401.86,8.80135773593035,-1.6368536,6,401
C1.401.19,8.792564709746292,-2.319237,6,401
C1.380.57,8.718799329556637,-15.468912,4,380
C1.380.67,8.635963704102528,-1.2819871,4,380
C1.380.36,8.633804274619678,-3.2689292,5,380
C1.401.75,8.59931994641353,10.013306,5,401
C1.428.152,8.583255083596685,9.354998,6,428
C1.380.5,8.550205298709516,-16.267889,5,380
C1.401.33,8.525269616790988,-2.6995869,6,401
C1.401.30,8.499355758093245,6.5723963,6,401
C1.380.11,8.484143319872246,13.942538,4,380
C1.401.15,8.406845615283384,-1.577236,5,401
C1.380.106,8.38393900399704,-5.375409,5,380
C1.401.1,8.378161755238697,-4.276137,6,401
C1.401.89,8.37109937149606,6.435113,6,401
C1.384.112,8.329074796530886,8.287371,2,384
C1.401.21,8.308228681436495,-0.7591369,6,401
C1.380.150,8.294428069238577,9.645571,5,380
C1.428.143,8.29144089040027,-5.0479693,6,428
C1.380.170,8.269329482256678,15.69721,5,380
C1.380.160,8.253475427176898,7.8712907,5,380
C1.428.95,8.25163630105118,11.81803,6,428
C1.384.135,8.24165268260252,18.68692,2,384
C1.427.12,8.221871531695248,-6.5142937,5,427
C1.401.34,8.212685210235723,-21.171593,5,401
C1.401.59,8.1557623120467,8.854084,5,401
C1.384.109,8.15571900889428,4.96397,2,384
C1.401.88,8.154926539061854,-8.994716,5,401
C1.401.54,8.154155779916382,-9.081487,6,401
C1.401.68,8.142472456699752,5.136863,6,401
C1.428.146,8.110990967151803,-0.45628604,6,428
C1.384.23,8.024065322917734,11.087871,2,384
C1.384.159,8.005242348090466,-1.1776797,2,384
C1.401.38,8.004940916588918,-13.305254,6,401
C1.428.194,7.992443169081354,5.830914,6,428
C1.401.4,7.987351960475162,-7.26692,6,401
C1.401.5,7.987351960475162,-20.094337,6,401
C1.380.26,7.958298644880828,-11.816549,5,380
C1.401.55,7.947627435204239,-29.633835,5,401
C1.380.86,7.896305057824846,23.202507,4,380
C1.380.198,7.88494054078163,-0.8486693,5,380
C1.380.112,7.879175648208299,11.807831,5,380
C1.427.23,7.867411388045657,12.902866,5,427
C1.384.147,7.850884562666691,12.821671,2,384
C1.427.6,7.837271409504127,-5.5128136,5,427
C1.401.91,7.832473742077581,-15.108937,6,401
C1.384.131,7.817078316312802,15.96677,2,384
C1.380.132,7.815014674672934,18.115711,5,380
C1.380.99,7.7967273252365015,5.6083508,5,380
C1.401.69,7.779782151596748,-8.27917,6,401
C1.384.47,7.754929830591335,-4.2507796,2,384
C1.401.79,7.7534809667079285,-7.179872,5,401
C1.428.110,7.749286040518202,10.299364,6,428
C1.428.140,7.748750577663237,11.043164,6,428
C1.401.58,7.737657926225054,-16.64802,6,401
C1.391.52,7.7372931722260745,-21.717253,4,391
C1.379.26,7.732576192316602,-3.0171587,5,379
C1.401.40,7.71487345916465,-5.376237,6,401
C1.379.53,7.687860312656915,-5.2514863,6,379
C1.381.16,7.6756635660043475,10.7895,5,381
C1.384.114,7.662463789325207,-2.5977297,2,384
C1.384.19,7.64252261043513,6.6504703,2,384
C1.380.163,7.637924383029666,-0.3187635,4,380
C1.380.176,7.636658153103289,15.65015,5,380
C1.401.85,7.631793460249824,-2.4342868,6,401
C1.401.64,7.6311585870293035,4.3840466,6,401
C1.380.83,7.6270459961493495,2.0795307,5,380
C1.380.50,7.6158797989732765,17.75123,5,380
C1.384.148,7.604940563616842,3.7404203,2,384
C1.401.13,7.599722737095959,-14.83917,6,401
C1.381.37,7.5994025060629955,5.3577003,5,381
C1.380.155,7.584673445455427,7.3725305,5,380
C1.428.214,7.573241254113558,3.8247473,6,428
C1.380.77,7.557700383390122,0.31807068,5,380
C1.427.27,7.551268355495149,-11.855333,5,427
C1.428.197,7.534454512924739,5.0888166,5,428
C1.380.10,7.488244874186835,3.7799506,5,380
C1.380.136,7.487042375874203,0.8297707,5,380
C1.384.6,7.479100569150391,5.1839204,2,384
C1.384.163,7.4593689790644655,-9.88983,2,384
C1.379.66,7.4222048669452505,0.48394698,6,379
C1.381.108,7.419009163629979,18.795479,4,381
C1.380.34,7.388571928794201,-9.5905695,5,380
C1.401.83,7.3878617174451,6.717863,6,401
C1.429.89,7.377817959278369,5.746232,7,429
C1.380.177,7.37512649160419,-10.97559,5,380
C1.380.59,7.3580629987267105,-0.2480371,4,380
C1.384.126,7.357028515794738,23.49312,2,384
C1.380.172,7.3495558188937,-4.7004495,5,380
C1.428.192,7.343394698517594,1.5957307,6,428
C1.384.137,7.339113224318689,9.835521,2,384
C1.380.118,7.323101074775427,8.224638,4,380
C1.384.96,7.278127482232884,19.68827,2,384
C1.379.56,7.27808860048124,-15.13462,6,379
C1.380.16,7.273749275864927,-3.4308894,5,380
C1.384.95,7.272206657862506,19.70142,2,384
C1.384.17,7.203466626077314,8.51317,2,384
C1.384.32,7.200064947906661,14.97777,2,384
C1.401.66,7.194106842121366,-2.973037,6,401
C1.381.95,7.190444966580245,7.77052,5,381
C1.384.146,7.1618332429107125,6.3612204,2,384
C1.380.114,7.144131531474516,4.271011,5,380
C1.384.89,7.13380814584336,6.4813204,2,384
C1.380.162,7.132038038104871,8.290771,5,380
C1.428.208,7.127568972277795,5.3792305,6,428
C1.428.100,7.105455336302345,8.390564,6,428
C1.380.117,7.103639758842791,-8.14329,5,380
C1.384.48,7.099802202233766,23.23327,2,384
C1.391.53,7.093162770659477,2.898448,4,391
C1.384.49,7.0929166959355445,-9.479779,2,384
C1.380.148,7.049138561293705,7.1005306,5,380
C1.380.192,7.046285827508205,-1.0076871,4,380
C1.427.87,7.021953463171028,-22.6127,4,427
C1.381.6,7.020310836634509,-0.9908085,3,381
C1.401.22,7.00365108153769,-7.1487203,6,401
C1.380.76,6.998213689350972,-12.856629,5,380
C1.384.66,6.98326024777011,14.65722,2,384
C1.401.60,6.981144814730697,-20.083437,6,401
C1.428.229,6.979299431135358,19.778847,6,428
C1.400.112,6.977749157477481,7.7948437,4,400
C1.380.167,6.975924650876699,4.7658706,5,380
C1.381.120,6.965328616129055,3.9263601,5,381
C1.384.133,6.959758629723181,5.6870203,2,384
C1.427.25,6.951650193120657,21.665667,5,427
C1.391.65,6.948127800119621,-16.097427,4,391
C1.380.140,6.934142969650682,23.624367,4,380
C1.380.78,6.930008376363476,-8.193769,5,380
C1.380.80,6.929747853545906,-5.6853294,5,380
C1.388.140,6.927968212125038,7.089261,5,388
C1.379.57,6.922520880836262,-5.4391365,6,379
C1.388.3,6.917285704727124,-18.796219,5,388
C1.384.46,6.915089461623295,19.89907,2,384
C1.384.35,6.913617424383513,17.88142,2,384
C1.379.42,6.905827475477015,9.863661,5,379
C1.428.184,6.886034709505472,16.805647,6,428
C1.380.105,6.8831989684282595,12.863891,5,380
C1.384.82,6.8810192082829635,15.987571,2,384
C1.380.166,6.865304743047724,19.810587,4,380
C1.388.4,6.862975139450251,20.779602,5,388
C1.384.67,6.859577336583441,22.01332,2,384
C1.401.26,6.849886309551855,-1.3797536,6,401
C1.427.26,6.844895658531513,9.069547,5,427
C1.384.107,6.844500111217426,33.88297,2,384
C1.428.193,6.830754898616658,5.336747,6,428
C1.388.129,6.826234069445175,4.4118166,4,388
C1.381.27,6.824673949178758,-4.1643796,5,381
C1.388.195,6.8067708587596165,0.6284413,5,388
C1.381.80,6.805967828109716,9.38772,5,381
C1.379.15,6.795435539975159,-0.84310305,6,379
C1.384.144,6.786581149758224,12.618421,2,384
C1.380.152,6.7784455751143,24.692432,4,380
C1.381.193,6.776483889318033,3.2010002,5,381
C1.388.200,6.775681210503225,-11.894659,5,388
C1.384.88,6.765580354282856,1.1454703,2,384
C1.380.97,6.761889178205334,11.88055,5,380
C1.380.15,6.759099719789217,6.4761105,5,380
C1.381.56,6.758065326647544,2.1884003,5,381
C1.401.24,6.748414292147561,-16.526903,6,401
C1.384.18,6.745677221737317,4.9876704,2,384
C1.388.107,6.73862897646877,-32.388477,5,388
C1.380.92,6.735151384284417,-2.5886693,5,380
C1.384.5,6.732703977220797,22.96522,2,384
C1.428.226,6.7245443113570555,9.9837475,6,428
C1.380.17,6.720276051478201,-1.2757293,5,380
C1.428.148,6.718965259808016,-20.15242,6,428
C1.401.80,6.7177591320394265,-15.4453535,6,401
C1.380.69,6.714936921658918,7.650871,5,380
C1.381.153,6.708852497828883,24.77788,5,381
C1.384.40,6.704234585447926,-0.3346297,2,384
C1.388.172,6.693051379846649,1.0102212,5,388
C1.380.19,6.673898958353311,5.567351,5,380
C1.427.97,6.667941748670249,-2.6315737,5,427
C1.384.39,6.655452710946357,6.76527,2,384
C1.388.37,6.650270178364717,7.062921,5,388
C1.400.62,6.649764758600471,-11.533656,4,400
C1.379.50,6.64688412135806,-7.678203,6,379
C1.380.40,6.645008473154322,1.8725829,4,380
C1.428.220,6.644555584693795,-1.159636,6,428
C1.379.32,6.641971095443118,-6.6942863,6,379
C1.401.47,6.635504399980076,-5.0171704,6,401
C1.428.176,6.63260015851441,8.412864,6,428
C1.388.125,6.6319955961982,-15.289959,5,388
C1.380.88,6.627089137541419,7.146291,5,380
C1.428.206,6.6227731294618355,-1.1278027,6,428
C1.428.225,6.621407976843136,-10.141819,6,428
C1.428.209,6.616274885511011,0.6795473,6,428
C1.401.6,6.614413176705004,-24.178988,6,401
C1.421.82,6.613521582660219,-9.9009285,4,421
C1.384.7,6.61229842839382,14.34682,2,384
C1.427.33,6.6088111481970975,-4.7055936,5,427
C1.391.60,6.60847145095134,-7.657302,4,391
C1.381.132,6.602460872904506,17.402765,4,381
C1.427.8,6.600687507637949,-12.813153,5,427
C1.391.57,6.596112909427158,-6.351452,4,391
C1.380.193,6.59335459014337,-7.2228293,5,380
C1.401.53,6.590507521139509,-5.806736,5,401
C1.380.25,6.5803989254602,7.181463,4,380
C1.388.170,6.580117207627829,-2.3396714,4,388
C1.401.63,6.565702725111841,5.8438463,6,401
C1.384.42,6.564431783093475,19.47492,2,384
C1.430.115,6.5641508944217435,7.689318,5,430
C1.428.145,6.562941644978358,13.161581,6,428
C1.388.182,6.562609493286821,16.21606,5,388
C1.384.22,6.554673101512336,27.09692,2,384
C1.428.94,6.55319169807592,2.6460474,6,428
C1.384.8,6.552049581193204,27.33342,2,384
C1.427.24,6.550842423937775,-1.1720337,5,427
C1.380.153,6.550219346606752,11.942071,5,380
C1.379.36,6.547512931920868,-13.281653,6,379
C1.401.72,6.541326324159916,11.266184,5,401
C1.379.75,6.540315067834462,-1.7910697,6,379
C1.428.107,6.5398197171551145,-1.1681861,6,428
C1.428.123,6.520655573087848,-15.476152,6,428
C1.384.56,6.518811509303097,17.30192,2,384
C1.388.166,6.50893303157019,-8.488499,5,388
C1.380.65,6.506385323536717,12.390591,5,380
C1.412.25,6.504683567453445,10.762907,6,412
C1.381.71,6.503985173540644,28.178915,4,381
C1.380.131,6.498910186003257,2.7155907,5,380
C1.381.148,6.493065471572682,-10.53158,5,381
C1.380.79,6.492761749593499,-15.070917,4,380
C1.380.111,6.486159097231958,-3.1283293,5,380
C1.380.130,6.483043317731497,2.4074907,5,380
C1.427.88,6.4792816732065095,2.7072463,5,427
C1.380.13,6.476291207744878,-0.5249293,5,380
C1.388.192,6.472138147320452,6.9704213,5,388
C1.380.30,6.471963683123056,-11.986062,4,380
C1.380.194,6.467136178166916,-3.0664694,5,380
C1.379.7,6.46468671935898,-0.66596365,5,379
C1.381.24,6.4522116546721096,11.80352,5,381
C1.380.49,6.446595842569027,7.702211,5,380
C1.401.67,6.4460263246702425,-18.495554,6,401
C1.388.149,6.44507193693198,-1.1199213,4,388
C1.427.98,6.437988183592144,-23.770998,4,427
C1.401.93,6.436867901167789,2.0028799,6,401
C1.381.26,6.42745113556318,6.19498,5,381
C1.384.87,6.423970505950022,19.84932,2,384
C1.380.113,6.416871350210637,-10.250489,5,380
C1.381.126,6.415200178101275,7.09096,5,381
C1.379.48,6.413561967060236,-17.337158,5,379
C1.380.191,6.411489341538853,7.571613,4,380
C1.384.21,6.400469718390799,27.30962,2,384
C1.380.63,6.396300634915257,9.82929,5,380
C1.391.8,6.390252461543524,-10.228177,4,391
C1.381.158,6.388082753232753,12.66816,5,381
C1.380.158,6.384668006730831,8.951811,5,380
C1.401.28,6.383274239541346,-20.236788,6,401
C1.381.124,6.378371351986304,4.66342,5,381
C1.428.217,6.373151773619567,8.540547,6,428
C1.384.26,6.363728109175728,20.45207,2,384
C1.429.26,6.357074705175704,11.736743,5,429
C1.384.91,6.350101272176375,7.5154204,2,384
C1.380.199,6.345964862575137,22.423931,5,380
C1.384.150,6.345495255979069,14.1762705,2,384
C1.381.112,6.343123493122572,3.2615402,5,381
C1.384.12,6.3415867156565575,18.42487,2,384
C1.380.139,6.338948720751583,0.8134107,5,380
C1.380.141,6.3371875163346525,-4.4366093,5,380
C1.384.28,6.329868640871403,10.18912,2,384
C1.384.102,6.329111157702449,7.67672,2,384
C1.385.114,6.323389488398558,-0.6022052,5,385
C1.401.96,6.322578519564494,-15.725754,6,401
C1.380.23,6.315577986154422,1.7838907,5,380
C1.384.10,6.314532562400668,-4.3614798,2,384
C1.384.134,6.307337501049107,0.24182029,2,384
C1.384.93,6.306760777354045,35.24212,2,384
C1.428.174,6.294266143648461,22.042652,5,428
C1.401.16,6.290851204948828,-5.785287,6,401
C1.384.129,6.287775134860519,21.72167,2,384
C1.428.126,6.28536435939288,1.209114,6,428
C1.384.119,6.28234955730294,1.7489203,2,384
C1.380.64,6.27875955440569,11.124011,5,380
C1.388.178,6.26717198701859,-9.136109,4,388
C1.384.44,6.256020605298601,0.5577703,2,384
C1.428.173,6.2555748530706845,-0.27683604,6,428
C1.421.94,6.252261475299531,8.931602,5,421
C1.388.145,6.248152911512313,4.9778285,4,388
C1.384.74,6.247131830050162,11.91877,2,384
C1.388.124,6.229791687406081,-5.1390386,5,388
C1.380.66,6.226476278336661,14.000338,4,380
C1.384.120,6.226269344575877,29.57267,2,384
C1.381.22,6.223803566009557,10.3571005,5,381
C1.379.18,6.220037457668947,-5.7166862,6,379
C1.388.42,6.215961190737236,7.321101,5,388
C1.428.150,6.214878132479626,9.741064,6,428
C1.380.165,6.214864939177227,7.3455305,5,380
C1.384.31,6.206799959587725,11.55457,2,384
C1.391.50,6.205361318124282,-6.2464714,3,391
C1.379.62,6.18487128653393,-58.08481,2,379
C1.381.5,6.18375779875877,9.807341,5,381
C1.381.39,6.176854371549605,6.3530803,5,381
C1.381.138,6.170775990904329,9.82678,5,381
C1.388.19,6.167119675075032,5.3111415,5,388
C1.384.85,6.157000171389724,30.73472,2,384
C1.421.3,6.147986827817175,4.333921,5,421
C1.380.33,6.144380860697316,-6.185149,5,380
C1.429.88,6.142995167754885,-24.132069,7,429
C1.428.204,6.142327278915938,7.846114,6,428
C1.388.190,6.136206805424201,-5.0701785,5,388
C1.421.21,6.130304982220046,8.818481,5,421
C1.384.37,6.116564055048417,9.33457,2,384
C1.388.137,6.108550025907521,-16.622118,5,388
C1.379.91,6.104762740122662,-42.041798,4,379
C1.391.36,6.103455025760867,2.652873,4,391
C1.421.6,6.098798289311586,-8.127802,4,421
C1.388.15,6.097307532092252,9.381928,4,388
C1.380.18,6.0912801059666135,9.688571,5,380
C1.381.36,6.086132898741846,6.9023404,5,381
C1.384.52,6.083217458857075,21.79177,2,384
C1.428.104,6.077787767538533,1.2233973,6,428
C1.401.57,6.074560163532506,-12.53217,6,401
C1.380.142,6.072640646547607,4.06501,3,380
C1.384.167,6.07173516565422,-4.36793,2,384
C1.385.78,6.070451179699826,-27.467745,6,385
C1.388.179,6.047667178299857,-5.0499988,5,388
C1.380.75,6.045691090262029,-8.590129,5,380
C1.384.24,6.042131443371499,29.20202,2,384
C1.429.29,6.0167491857215305,-18.286434,6,429
C1.388.84,6.013450868142686,4.0676413,5,388
C1.428.128,6.011071642919363,3.6161306,6,428
C1.379.87,6.0005812777363525,-1.4199697,6,379
C1.381.62,5.999636946155033,7.5406404,5,381
C1.379.92,5.998741882486383,-32.6254,4,379
C1.381.84,5.995531036840581,17.599821,5,381
C1.384.92,5.992111301136121,17.21797,2,384
C1.384.62,5.9886634594683,12.60137,2,384
C1.384.53,5.985437211551969,-3.2911298,2,384
C1.401.37,5.978127171099765,-25.44197,6,401
C1.380.85,5.968213132173245,10.5372305,5,380
C1.388.198,5.963143896887009,-14.435439,5,388
C1.379.19,5.962353037304168,-12.571319,5,379
C1.421.83,5.95817205581042,3.919961,5,421
C1.388.41,5.950087555620773,-2.1324387,5,388
C1.384.181,5.945358196488951,22.98527,2,384
C1.380.28,5.9442659230983494,8.337009,3,380
C1.427.28,5.9325795651737385,5.6379266,5,427
C1.391.28,5.9278615884589065,-6.433427,4,391
C1.401.35,5.926826809213216,-3.7633703,6,401
C1.381.178,5.926447673237144,11.363689,4,381
C1.381.147,5.922681863695085,4.03106,5,381
C1.388.196,5.921225569986844,0.06872126,5,388
C1.388.104,5.917552721081086,-1.0177587,5,388
C1.421.52,5.912214805437748,5.761561,5,421
C1.388.66,5.905749405942641,-17.854662,3,388
C1.428.92,5.905550551751627,10.683645,5,428
C1.391.63,5.899965518632837,-22.066751,4,391
C1.388.174,5.8992566349999604,18.163921,5,388
C1.388.21,5.894919034916164,-12.562422,4,388
C1.380.55,5.894177726078135,-4.289862,4,380
C1.384.20,5.886227558546756,9.04282,2,384
C1.381.31,5.885126491489257,4.68862,5,381
C1.380.61,5.883766007763545,10.052771,5,380
C1.388.113,5.883673048275289,-9.469638,3,388
C1.421.2,5.873072607643011,6.642701,5,421
C1.384.11,5.868821272096244,3.1469703,2,384
C1.384.151,5.8638761715259164,13.125071,2,384
C1.421.35,5.862195683743541,-15.793959,5,421
C1.421.203,5.861181355365119,-2.8272388,5,421
C1.381.41,5.8574985347684825,-4.9587197,5,381
C1.384.29,5.8547299379450894,-4.54583,2,384
C1.381.15,5.854075777433011,19.74318,5,381
C1.421.205,5.852896983884545,-1.1036519,4,421
C1.381.9,5.847906509646908,-4.9213996,5,381
C1.384.117,5.8462278560020415,9.01437,2,384
C1.421.132,5.845357434682149,8.411281,5,421
C1.388.32,5.844091423662309,-2.2743988,5,388
C1.388.131,5.836649351435227,-10.268621,4,388
C1.429.67,5.835675008757272,3.7334175,7,429
C1.384.2,5.829309402578126,2.6423204,2,384
C1.380.74,5.825306501718212,-3.5145693,5,380
C1.428.124,5.823733805321427,-2.0443027,6,428
C1.384.16,5.823240209556993,4.11427,2,384
C1.384.30,5.820307001680587,22.73632,2,384
C1.380.134,5.812444918265651,-5.313669,5,380
C1.384.33,5.81199893327272,-8.04463,2,384
C1.380.159,5.811868775809599,10.784183,4,380
C1.421.126,5.80234331576876,-7.790439,5,421
C1.388.133,5.801158354106406,-5.801771,4,388
C1.388.73,5.795065392095114,-11.657139,5,388
C1.388.80,5.795020314661899,9.828261,5,388
C1.381.145,5.788539383676813,-5.9133596,5,381
C1.412.121,5.788142887515297,3.5263572,6,412
C1.428.228,5.786368090766306,2.2796807,6,428
C1.380.72,5.78197469488074,3.2695308,5,380
C1.429.93,5.780431146599514,-18.928041,6,429
C1.385.29,5.780317871504731,9.393822,6,385
C1.412.19,5.776841493033109,-7.208826,6,412
C1.421.138,5.771942223745013,5.1258903,4,421
C1.391.9,5.769261099671947,5.2901483,4,391
C1.381.133,5.7690409493534345,8.29774,5,381
C1.388.8,5.766565729948107,-4.5730386,5,388
C1.421.73,5.764442932040613,-0.20025891,5,421
C1.381.152,5.76418080532513,13.77944,5,381
C1.381.161,5.760677946312799,10.78172,5,381
C1.421.26,5.757814698893834,-3.988499,5,421
C1.423.97,5.750882521761624,18.765335,6,423
C1.380.184,5.749823490966652,21.512371,5,380
C1.384.180,5.7411760844668684,-11.49518,2,384
C1.385.58,5.727875628093949,12.817505,6,385
C1.388.67,5.725698589801239,7.292581,5,388
C1.381.104,5.7237186323198985,3.2589202,5,381
C1.428.196,5.7215653291013515,3.1550639,6,428
C1.380.135,5.713279933940754,7.792731,5,380
C1.381.130,5.710922909107373,14.061,5,381
C1.384.78,5.703706110038902,3.8101702,2,384
C1.381.58,5.695818070701342,-7.5683,5,381
C1.380.94,5.689422913458393,3.2647579,4,380
C1.380.60,5.685897324484325,-11.25997,5,380
C1.384.77,5.682332774012916,10.80607,2,384
C1.423.107,5.6822443794408155,8.881719,6,423
C1.388.188,5.678261512857755,7.1787014,5,388
C1.381.8,5.678009021359699,9.734261,5,381
C1.388.9,5.677447518249399,21.088982,5,388
C1.380.29,5.674337298556623,-15.97265,5,380
C1.380.96,5.6649814023632725,19.121408,4,380
C1.381.21,5.661592013575409,3.9747403,5,381
C1.388.70,5.659840270375149,3.6024613,5,388
C1.380.149,5.657662094834406,-2.1021671,4,380
C1.381.134,5.6541635141833,0.5035402,5,381
C1.427.22,5.652380108732151,-8.948653,5,427
C1.381.90,5.6373494619085305,-3.4947398,5,381
C1.401.11,5.632964961096725,-11.184287,6,401
C1.381.4,5.62834966530486,14.56689,4,381
C1.400.98,5.626975231484881,3.1863935,4,400
C1.388.89,5.626715519508831,-10.310279,5,388
C1.388.92,5.624311099309161,-18.271446,4,388
C1.388.123,5.623599853529346,-1.3833587,5,388
C1.427.100,5.622445232202653,3.6205864,5,427
C1.427.99,5.62134720415202,-3.9477336,5,427
C1.421.77,5.616168599041489,3.9246213,4,421
C1.391.34,5.615680644180874,-4.242977,4,391
C1.388.54,5.615004823044258,-10.597746,4,388
C1.381.168,5.614041350762455,9.57442,5,381
C1.429.25,5.613676166538905,-8.906282,7,429
C1.428.199,5.607302385884388,3.262914,6,428
C1.427.90,5.601526481341406,1.5786064,5,427
C1.380.42,5.598735421400026,2.7241707,5,380
C1.388.91,5.598463244041299,-7.668759,5,388
C1.421.141,5.598054248236176,-5.368979,5,421
C1.379.16,5.597830145029903,-1.3327197,6,379
C1.384.113,5.595172118889044,24.02257,2,384
C1.381.45,5.58876576189741,-2.0465598,5,381
C1.421.74,5.588132457586728,-9.458577,4,421
C1.380.195,5.587890463906783,10.437291,5,380
C1.421.76,5.585102022306816,-2.967679,5,421
C1.421.108,5.583886898859863,5.298981,5,421
C1.379.59,5.575832509821137,-6.724553,6,379
C1.379.41,5.575123888968122,12.374381,5,379
C1.388.116,5.573900961691214,-9.828739,5,388
C1.384.61,5.57183436865096,3.1284204,2,384
C1.439.5,5.571157744034378,15.243882,5,439
C1.388.1,5.568766695841113,-7.338496,4,388
C1.388.22,5.562280021115308,2.2058814,5,388
C1.379.17,5.560121063680461,-16.620354,6,379
C1.385.129,5.55322960042726,-19.965279,6,385
C1.388.163,5.55259372970545,-10.6674385,5,388
C1.421.116,5.547534311851661,7.7091813,5,421
C1.384.43,5.543188469247099,2.7497704,2,384
C1.388.187,5.542898575092346,-1.1189387,5,388
C1.428.131,5.541533106252615,0.72801393,6,428
C1.380.46,5.537851289117962,-10.77465,5,380
C1.381.149,5.532903748182767,-1.8694105,4,381
C1.388.40,5.526460467117124,5.9889812,5,388
C1.428.118,5.522032244590175,-11.205603,6,428
C1.381.106,5.519763540162443,10.96222,5,381
C1.428.183,5.518999674693753,0.056030627,6,428
C1.384.64,5.518177145993547,20.40422,2,384
C1.423.25,5.516270900622142,-1.632565,6,423
C1.421.39,5.514086735826519,6.128921,5,421
C1.381.105,5.510912796984457,13.38,5,381
C1.381.42,5.504177894801623,-0.1337598,5,381
C1.379.49,5.499782084185919,2.1814969,6,379
C1.429.105,5.495706561523182,-4.102911,7,429
C1.421.136,5.486827793417282,-1.144059,5,421
C1.388.12,5.486121202907388,-2.0513186,5,388
C1.388.132,5.484139133589713,10.140066,4,388
C1.419.55,5.481578360297762,-4.729202,4,419
C1.384.86,5.477447622738363,15.09082,2,384
C1.414.6,5.464367930417771,-0.6796287,4,414
C1.428.182,5.461113579180072,10.67063,6,428
C1.429.64,5.46004743546452,7.734403,7,429
C1.388.77,5.4556600587001025,9.977121,5,388
C1.388.55,5.443084483532666,-9.359299,5,388
C1.388.183,5.431774699625926,-4.2648387,5,388
C1.401.12,5.430298438734855,-13.84517,6,401
C1.379.47,5.42763967342036,-11.532803,6,379
C1.423.165,5.42324886098439,4.9749684,6,423
C1.381.78,5.419974501723643,6.40846,5,381
C1.388.194,5.419506008190111,0.51918125,5,388
C1.428.111,5.4188248205354475,-7.134236,6,428
C1.380.32,5.404668980367519,3.6045506,5,380
C1.381.194,5.398867427737526,-4.2093596,5,381
C1.423.116,5.396238630430191,10.265635,6,423
C1.421.133,5.395628329921608,-13.866585,4,421
C1.429.106,5.392652752366986,1.3405232,6,429
C1.421.27,5.39161975000741,7.2057962,4,421
C1.421.135,5.383085162146971,-1.7593789,5,421
C1.381.23,5.38222075838593,4.6161404,5,381
C1.411.9,5.3790827631750275,12.1867,3,411
C1.380.54,5.371935324897233,15.592811,5,380
C1.421.109,5.370025714964849,-9.646819,5,421
C1.421.185,5.369983306926328,-0.17505892,5,421
C1.379.4,5.367419866890751,-18.896036,6,379
C1.388.10,5.367399926324121,5.6780014,5,388
C1.388.53,5.367151031045315,3.7432213,5,388
C1.429.46,5.364004704474772,-24.833412,6,429
C1.384.142,5.358807355087055,-22.93078,2,384
C1.384.81,5.357931133093912,25.36807,2,384
C1.388.122,5.357545612645219,-12.332779,5,388
C1.379.33,5.3529224443484695,-15.340453,6,379
C1.380.196,5.351108094143313,-8.21223,5,380
C1.388.161,5.350395752217615,-2.6726964,4,388
C1.421.125,5.348794275998287,2.1060011,5,421
C1.388.87,5.3478534687365205,-9.639218,5,388
C1.429.63,5.347511510274862,-10.820578,5,429
C1.411.62,5.345815313812929,-17.025667,3,411
C1.423.17,5.344562049218796,-6.307482,5,423
C1.385.128,5.344293785941896,-1.3343948,6,385
C1.421.9,5.343578765814005,-1.3094989,5,421
C1.439.83,5.343223029123848,14.051941,4,439
C1.381.87,5.342760418774609,9.818342,4,381
C1.430.136,5.342015577594802,8.737799,5,430
C1.388.117,5.339016038041389,1.9513413,5,388
C1.427.10,5.338821952657644,-4.5809536,5,427
C1.384.125,5.334222814144242,-0.5038797,2,384
C1.401.25,5.333573449313424,-4.374737,6,401
C1.380.190,5.329465785218063,-12.368189,5,380
C1.384.73,5.323394700744641,21.67627,2,384
C1.384.41,5.318093137334785,10.51122,2,384
C1.388.11,5.312295889570811,4.2804413,5,388
C1.427.105,5.311875954385003,-27.025494,5,427
C1.379.31,5.305016206586569,5.8709345,5,379
C1.428.207,5.304908829457966,-2.0685027,6,428
C1.379.81,5.303695963528087,-3.4391198,6,379
C1.421.15,5.30208008630764,6.015821,5,421
C1.429.61,5.29931098740067,-11.255611,7,429
C1.388.115,5.297882425272185,-13.631296,4,388
C1.381.172,5.296903019084993,11.34648,5,381
C1.388.85,5.293017029542052,-4.950679,5,388
C1.423.24,5.290183381814282,5.2190514,6,423
C1.401.31,5.289824455233655,-14.887987,6,401
C1.379.28,5.288066688658468,3.0184803,6,379
C1.381.68,5.287905312878034,6.4592004,5,381
C1.428.116,5.28611203268668,-6.6321692,6,428
C1.421.117,5.285268608120997,0.6415211,5,421
C1.427.3,5.273971563647086,6.978546,5,427
C1.400.20,5.273255370728507,6.8041186,4,400
C1.423.81,5.269585601833669,10.850668,6,423
C1.411.2,5.266136717646037,9.4714,3,411
C1.384.72,5.256579440485536,10.07862,2,384
C1.421.106,5.255398295353664,-2.665319,5,421
C1.379.1,5.2495151092974925,0.5386136,6,379
C1.421.148,5.248862054316971,4.317741,5,421
C1.384.38,5.247280099033003,19.93467,2,384
C1.428.122,5.246144798676671,7.747664,6,428
C1.381.59,5.2454868760403945,21.5219,5,381
C1.381.70,5.238999456963973,-3.6106398,5,381
C1.429.101,5.238473933815192,-14.176625,7,429
C1.419.106,5.237972808325372,-1.008721,5,419
C1.423.66,5.234999218092616,-3.5431318,6,423
C1.421.84,5.231825039823997,-6.4621587,5,421
C1.388.136,5.228848139132555,-3.9494963,4,388
C1.401.10,5.207934986085731,-6.1671367,6,401
C1.381.136,5.20756915968049,6.3763003,5,381
C1.421.115,5.202759668810942,-0.2666589,5,421
C1.423.90,5.200037126282576,8.761018,6,423
C1.421.183,5.199028098470018,-0.63847893,5,421
C1.381.98,5.198985512535314,4.4573603,5,381
C1.421.112,5.197867729581185,-7.335679,5,421
C1.419.45,5.196013384966512,7.781639,5,419
C1.400.84,5.193079609069373,-19.106506,4,400
C1.418.64,5.186189059715148,14.844493,4,418
C1.381.195,5.1858288962200385,-7.37564,5,381
C1.419.76,5.18574266758246,-9.035801,5,419
C1.428.154,5.184684342982631,-3.1783361,6,428
C1.388.100,5.181493688412026,-0.07385874,5,388
C1.421.50,5.1781402930559555,4.4040613,5,421
C1.381.142,5.1781319906814245,-11.28596,5,381
C1.379.51,5.176976957462596,-10.03727,6,379
C1.428.137,5.176163923269018,-1.1495028,6,428
C1.381.55,5.17546417961986,13.477,5,381
C1.388.63,5.175106508559708,5.4132214,5,388
C1.421.10,5.173928712285187,-5.289979,5,421
C1.421.20,5.172988275276412,1.9106811,5,421
C1.388.176,5.168329164351595,-29.2673,5,388
C1.384.70,5.162322309848412,40.41362,2,384
C1.428.139,5.1605078313832085,0.39932758,5,428
C1.384.103,5.158271272812873,-4.5986295,2,384
C1.421.103,5.147941750619546,0.9051611,5,421
C1.429.99,5.142764830632288,-12.13516,4,429
C1.423.30,5.139759353129996,-3.4284985,6,423
C1.419.69,5.133930457226771,-3.0928624,4,419
C1.381.67,5.131982778657317,18.75578,5,381
C1.388.52,5.1299450697071745,1.2681613,5,388
C1.421.123,5.129038775153915,4.720081,5,421
C1.428.165,5.1272595528144205,-10.749352,6,428
C1.421.5,5.124690859071551,-0.2813189,5,421
C1.381.32,5.124312887301328,-6.6341996,5,381
C1.380.12,5.123678469695219,12.91429,5,380
C1.388.5,5.1236567967396605,22.280058,3,388
C1.381.117,5.121752356131627,-2.1530597,5,381
C1.384.50,5.12162782000642,8.7349205,2,384
C1.428.120,5.120521824705443,13.269831,6,428
C1.421.100,5.118279401002566,-3.8920538,4,421
C1.429.94,5.114609197302572,-1.0637671,6,429
C1.421.146,5.113484728558972,-7.340453,4,421
C1.379.21,5.112494659034797,3.9770637,6,379
C1.384.68,5.10737628145039,-18.38243,2,384
C1.388.68,5.104989547401065,-1.2059988,5,388
C1.428.171,5.102687251720107,-8.303536,6,428
C1.429.20,5.097525160609359,8.661732,7,429
C1.421.207,5.096187993237345,6.175601,5,421
C1.380.110,5.090051493449248,5.320413,4,380
C1.401.9,5.0873983508640865,-19.257637,6,401
C1.388.76,5.085369127709767,-20.089022,4,388
C1.399.29,5.084862442932548,1.4799871,6,399
C1.400.79,5.08105550512697,-5.1101565,4,400
C1.381.176,5.079552121946682,7.88382,5,381
C1.421.66,5.076462395558087,4.786281,5,421
C1.385.37,5.0695040660303805,-13.205548,5,385
C1.421.67,5.066602812188029,-6.4165187,5,421
C1.421.113,5.064116781953949,-1.6248589,5,421
C1.384.188,5.064089412526571,29.37957,2,384
C1.381.13,5.055165002063755,10.233792,4,381
C1.388.127,5.051539759937409,1.0539285,3,388
C1.384.34,5.048356834812791,15.32302,2,384
C1.381.165,5.044214160651914,-15.81312,5,381
C1.423.13,5.041953271546834,-2.8770318,6,423
C1.388.105,5.041551733654444,-7.5014987,5,388
C1.381.141,5.034923874064381,0.9133402,5,381
C1.381.157,5.031418289311634,8.293941,5,381
C1.388.180,5.025358553070523,-9.109738,5,388
C1.379.43,5.022401826017932,-0.8893697,6,379
C1.421.17,5.020920134153515,-7.645299,5,421
C1.418.21,5.020559082344702,8.184584,5,418
C1.385.113,5.020014976587266,7.6282654,5,385
C1.428.101,5.009955656382298,7.6073475,6,428
C1.381.57,5.002206548468574,11.88004,5,381
C1.380.58,5.00204752436332,-1.8357893,5,380
C1.423.23,5.000261561175724,13.018582,5,423
C1.399.8,4.990276313630297,6.1737704,6,399
C1.391.46,4.988835887433587,-18.584526,4,391
C1.421.107,4.985974997032444,2.754241,5,421
C1.388.126,4.984213525155625,2.2667613,5,388
C1.411.67,4.981726631049366,16.807034,3,411
C1.381.155,4.977999257831663,-0.9721198,5,381
C1.381.118,4.977455767077692,-7.2683396,5,381
C1.421.98,4.970930597351498,3.934961,5,421
C1.428.125,4.970636351152934,16.652063,6,428
C1.423.148,4.96688596094096,11.403122,5,423
C1.398.9,4.958063645598691,15.335709,6,398
C1.423.103,4.953901042456426,6.422885,6,423
C1.384.90,4.95299488604243,13.89672,2,384
C1.388.79,4.952277845855072,-11.158198,5,388
C1.381.60,4.94636504970807,2.8278203,5,381
C1.388.33,4.94440706714701,1.7881613,5,388
C1.421.88,4.9432126748268965,-15.032319,5,421
C1.419.44,4.941817022658036,-5.269761,5,419
C1.391.45,4.939446710653614,-5.661327,4,391
C1.421.92,4.935821493825264,0.47572166,4,421
C1.380.147,4.933287805193529,15.739931,5,380
C1.421.129,4.93283545108052,4.131321,5,421
C1.429.77,4.932342765805559,2.1887462,7,429
C1.379.45,4.930593427886222,11.46138,6,379
C1.423.43,4.930514481686999,-2.9616983,6,423
C1.385.80,4.9276696058020555,-4.338895,6,385
C1.421.147,4.924772246636555,3.647361,5,421
C1.380.70,4.922448463934612,1.4833707,5,380
C1.381.44,4.916559228712445,8.42012,5,381
C1.381.18,4.916139038995666,8.35772,5,381
C1.423.12,4.909817577219762,1.0199516,6,423
C1.421.182,4.908848595709308,7.974081,5,421
C1.427.18,4.908628019861412,-10.060234,5,427
C1.391.23,4.906935475299983,4.6309757,3,391
C1.398.105,4.902034427713075,-3.5856915,6,398
C1.388.158,4.895467416197231,-16.027939,5,388
C1.384.166,4.892892631418703,-12.69333,2,384
C1.428.115,4.891378483447928,-2.5131195,6,428
C1.388.18,4.891160718839878,-0.42083874,5,388
C1.421.144,4.88748920286829,-7.4850388,5,421
C1.388.169,4.886118160688515,-2.1649187,5,388
C1.427.2,4.885176767958765,-10.736374,5,427
C1.427.92,4.880170029309516,7.2182865,5,427
C1.380.24,4.879482769654798,3.9397507,5,380
C1.423.14,4.879329482464063,4.707885,6,423
C1.423.86,4.878600570679592,-0.33493173,6,423
C1.421.137,4.875871535038392,-3.2020988,5,421
C1.384.54,4.87381342760187,23.17087,2,384
C1.379.6,4.873456889027722,-1.2363197,6,379
C1.421.24,4.8694134235608395,1.2009811,5,421
C1.428.114,4.864407436464464,-1.945536,6,428
C1.428.105,4.859910035655595,13.643414,6,428
C1.384.25,4.859552822403368,23.86087,2,384
C1.421.142,4.8551566460985125,-0.8138989,5,421
C1.427.93,4.854317624019664,-12.083254,5,427
C1.423.96,4.851469876440205,12.2174225,5,423
C1.423.73,4.8493065147616,0.9205849,6,423
C1.381.100,4.846245917066974,-0.9223798,5,381
C1.398.40,4.845390576344438,2.7993753,6,398
C1.423.136,4.843690390448025,14.7851515,6,423
C1.384.80,4.8425420107356025,-1.7354797,2,384
C1.411.33,4.84246001513788,5.9382,3,411
C1.389.11,4.842298490813685,-10.428103,3,389
C1.388.38,4.840090811123201,5.3212614,5,388
C1.411.45,4.83860739614555,19.09448,2,411
C1.400.101,4.835826242241957,-29.19008,4,400
C1.381.12,4.834531483467631,1.5304002,5,381
C1.423.22,4.83446105492739,-0.41246507,6,423
C1.429.74,4.831011980815801,-4.6098137,6,429
C1.381.33,4.829397045855573,4.22068,5,381
C1.421.145,4.829134143213683,-1.689899,5,421
C1.388.71,4.826858153047296,2.2096813,5,388
C1.423.176,4.824421637312936,5.969535,6,423
C1.388.193,4.821489231496677,-3.4642987,5,388
C1.412.22,4.820892096385554,1.3243238,6,412
C1.401.29,4.819964434040204,-12.855437,6,401
C1.423.98,4.8178997579478615,0.3776516,6,423
C1.385.71,4.81495341278941,1.7387748,5,385
C1.388.191,4.812377002563312,8.857982,5,388
C1.388.144,4.808027502096814,-2.9859986,5,388
C1.381.114,4.807516298644123,10.856592,4,381
C1.421.75,4.8065267380220975,3.115561,5,421
C1.381.175,4.806518653378084,-1.2964398,5,381
C1.388.189,4.804651667318993,-7.760759,5,388
C1.423.139,4.803600097318419,3.8622348,6,423
C1.411.32,4.799233228570332,24.90673,2,411
C1.381.99,4.796215037435643,1.0175402,5,381
C1.380.44,4.794509324522355,1.0749106,5,380
C1.398.8,4.794247591647978,-6.7977247,6,398
C1.400.17,4.79370935158464,-0.5099564,4,400
C1.381.92,4.7930843484403765,-4.7283597,5,381
C1.411.12,4.792718390286002,3.6125998,3,411
C1.399.31,4.792578566584863,0.43105382,6,399
C1.428.213,4.792044166490802,-12.537252,6,428
C1.429.35,4.790508443252695,7.503859,4,429
C1.381.3,4.787145139257745,19.13198,5,381
C1.388.13,4.786088871900433,-7.732319,5,388
C1.421.58,4.784725399548629,-1.2021989,5,421
C1.421.59,4.784147105451366,-7.227079,5,421
C1.380.31,4.780844128668884,5.4892907,5,380
C1.428.99,4.7780579595704555,7.673264,6,428
C1.423.110,4.777901830710464,16.136501,6,423
C1.393.30,4.775924663179046,-10.792339,4,393
C1.388.184,4.774036372476428,-2.5466788,5,388
C1.421.118,4.773825063724904,2.2169812,5,421
C1.388.102,4.768644689608238,4.5526614,5,388
C1.400.57,4.76701990407618,14.079288,3,400
C1.388.128,4.764728017031087,-1.0047787,5,388
C1.429.59,4.764689570024626,-3.9807825,7,429
C1.412.74,4.763539501102523,5.330925,5,412
C1.398.16,4.751215686236202,15.709079,5,398
C1.427.1,4.745915113591699,5.47487,4,427
C1.388.101,4.742948171228404,6.803441,5,388
C1.381.69,4.739635793425626,15.99438,5,381
C1.391.54,4.739552842309448,-21.634651,4,391
C1.429.83,4.73324381070199,-4.3199396,7,429
C1.423.37,4.731405017549938,13.971118,6,423
C1.423.102,4.731324485351561,1.4469849,6,423
C1.429.50,4.730142448223098,8.249942,6,429
C1.380.164,4.728218907736889,7.1841507,5,380
C1.388.138,4.727475149336289,-4.5608387,5,388
C1.399.6,4.723913248257685,11.838361,5,399
C1.381.38,4.7224881183980205,-6.72496,5,381
C1.428.212,4.716512298190924,9.023557,5,428
C1.384.3,4.715705499714775,18.132221,2,384
C1.423.21,4.706526714116562,0.05325159,6,423
C1.423.10,4.706526714116562,6.7940683,6,423
C1.381.128,4.704926700945571,11.005467,4,381
C1.398.61,4.700308431557387,-8.654775,6,398
C1.412.145,4.699141516735736,2.6608446,5,412
C1.423.20,4.698845836114155,9.390158,5,423
C1.419.59,4.698808058630449,-0.87068105,5,419
C1.391.24,4.697680233855553,-23.315851,4,391
C1.419.77,4.697669093555644,-2.475361,5,419
C1.391.26,4.697609343393789,-40.17017,3,391
C1.388.65,4.695680466874979,-7.8149185,5,388
C1.421.122,4.695507541268094,3.9111211,5,421
C1.398.44,4.695403157925152,-2.3000247,6,398
C1.421.56,4.6940668941585235,10.785821,5,421
C1.388.83,4.693525414119179,-0.62661874,5,388
C1.400.87,4.692179821770597,-22.069681,4,400
C1.423.16,4.6895364759553555,-0.8679651,6,423
C1.388.171,4.689466457223158,-3.2283964,4,388
C1.421.90,4.680776081711045,0.97054106,5,421
C1.388.69,4.677440925418383,-7.317319,5,388
C1.429.40,4.674076406650646,-8.169045,6,429
C1.381.7,4.670704944714819,18.48698,5,381
C1.400.68,4.6704777675897455,-7.0615063,4,400
C1.412.113,4.665591140270271,-6.328643,6,412
C1.424.195,4.6646538480375535,13.442199,5,424
C1.412.142,4.662812051964039,2.5836737,6,412
C1.419.57,4.659158668234362,3.617979,5,419
C1.421.68,4.6568303844420225,-10.892439,5,421
C1.384.75,4.656017350331713,4.3665705,2,384
C1.381.119,4.654236290536817,10.414021,5,381
C1.399.59,4.653261759160597,11.013581,5,399
C1.423.125,4.649457018497857,0.63506824,6,423
C1.380.56,4.647560515533781,5.940631,5,380
C1.421.78,4.646600277260842,7.431796,4,421
C1.430.5,4.638062583840302,8.361,4,430
C1.388.185,4.637076638119619,10.474241,5,388
C1.423.45,4.6364713721751665,2.4749017,6,423
C1.421.87,4.636396825914134,-4.0576787,5,421
C1.418.35,4.635134550868468,11.326004,5,418
C1.418.12,4.633858422519627,23.720024,5,418
C1.423.109,4.633531759584433,10.422585,6,423
C1.381.28,4.631000713455483,17.68372,5,381
C1.421.204,4.629952982114012,6.890221,5,421
C1.384.162,4.629023175337029,11.44307,2,384
C1.428.136,4.626612385171469,7.6626806,6,428
C1.421.139,4.624324317276235,5.2039013,5,421
C1.395.41,4.621817277803321,-2.0615675,7,395
C1.423.115,4.617192125838579,3.2802682,6,423
C1.430.143,4.612636855295796,-2.1018817,5,430
C1.391.35,4.611731876514689,25.244947,4,391
C1.381.189,4.608686789703829,10.76076,5,381
C1.380.9,4.60260854416575,-4.6404295,5,380
C1.423.94,4.602513134087467,15.025285,6,423
C1.435.63,4.601161672900137,-4.580142,7,435
C1.388.147,4.5992343585627555,0.75816125,5,388
C1.421.62,4.593647460595962,-11.538139,5,421
C1.396.142,4.588231433254742,22.33622,5,396
C1.413.55,4.585421186082788,1.1548709,2,413
C1.423.75,4.58281108756443,4.4677014,6,423
C1.428.201,4.575057918203545,-11.515053,6,428
C1.423.87,4.573992532874258,10.349651,6,423
C1.423.106,4.562039488537311,1.3474424,5,423
C1.421.99,4.559761811293473,-1.789879,5,421
C1.423.82,4.55653318427699,3.0955184,6,423
C1.421.64,4.550827200722015,4.6186013,5,421
C1.400.61,4.549463845719285,1.8243686,4,400
C1.391.25,4.544939198739588,-17.007027,4,391
C1.439.15,4.544799935396711,7.843198,4,439
C1.384.132,4.543432711834215,10.55337,2,384
C1.379.35,4.540837563585761,8.512513,6,379
C1.388.44,4.53726336938216,-6.7218785,5,388
C1.423.36,4.536747600703149,21.583652,6,423
C1.427.102,4.531852056202465,-10.070233,5,427
C1.419.100,4.531687043920286,-1.921641,5,419
C1.398.95,4.527743602784569,6.174492,6,398
C1.421.37,4.524137540477459,7.7286654,4,421
C1.423.70,4.521982684824789,7.4902177,5,423
C1.411.34,4.510654989652147,-9.532869,2,411
C1.385.46,4.5095145930627725,-12.416345,6,385
C1.388.36,4.506644612373075,3.2957788,4,388
C1.439.17,4.504931567250552,10.328622,5,439
C1.435.10,4.502446190758439,7.5052423,6,435
C1.423.120,4.502040479266957,9.2292185,6,423
C1.421.85,4.501538004808404,8.075801,5,421
C1.429.49,4.499077657023508,1.2387319,7,429
C1.398.4,4.49861878912286,5.7541595,5,398
C1.423.33,4.4963849482635725,6.1858516,6,423
C1.423.83,4.495110101425299,4.005485,6,423
C1.429.2,4.4931357362732,7.1845064,6,429
C1.411.30,4.4914633481487645,3.7249665,3,411
C1.388.49,4.490718734530243,-14.490859,5,388
C1.388.121,4.49035475279448,2.3195286,4,388
C1.429.23,4.487324119770411,-10.846439,7,429
C1.396.153,4.4845111770538795,-0.21792106,5,396
C1.428.159,4.479287692687303,-4.145886,6,428
C1.381.177,4.477869268946564,-1.7625198,5,381
C1.381.150,4.4777666048974165,1.9268402,5,381
C1.381.40,4.47120548795235,2.9135802,5,381
C1.412.6,4.4702902841554435,-0.4071762,6,412
C1.389.216,4.4675744375639,-0.6784367,3,389
C1.388.6,4.465693367867325,-1.3503714,4,388
C1.416.49,4.462730311594053,-5.3023806,4,416
C1.398.13,4.462550305762011,7.565142,6,398
C1.385.145,4.459438154412712,0.6387148,5,385
C1.411.64,4.455543706753563,14.791931,2,411
C1.423.78,4.450501661773558,9.451985,6,423
C1.421.114,4.44961850633394,-5.1788387,5,421
C1.421.140,4.447677071511956,-5.2546988,5,421
C1.381.111,4.447497391027547,8.749701,5,381
C1.381.135,4.44649113568487,4.0793004,5,381
C1.398.100,4.4454671932544985,-2.761758,6,398
C1.429.65,4.445177847705766,-15.473254,7,429
C1.411.82,4.4430476287584435,14.874333,3,411
C1.423.134,4.440893046982862,4.1555347,6,423
C1.381.167,4.44045206453275,-5.5141196,5,381
C1.388.164,4.4398695762271405,1.7017412,5,388
C1.398.75,4.437269953645783,6.5969086,6,398
C1.388.17,4.435903812260099,10.983361,5,388
C1.423.88,4.430424712956343,5.501652,6,423
C1.400.103,4.425252295930826,-7.4436812,4,400
C1.388.30,4.422660077542141,-1.3163587,5,388
C1.381.52,4.422551489306066,9.4003,5,381
C1.419.74,4.4218176717130175,-5.6996613,5,419
C1.421.69,4.421034972789175,-11.127778,4,421
C1.391.61,4.418905182032456,-16.180477,4,391
C1.421.4,4.41586152111474,-1.1881783,4,421
C1.399.1,4.414322895920428,18.960554,6,399
C1.379.58,4.414230635305974,-10.758186,6,379
C1.400.47,4.410883545184053,15.149243,4,400
C1.428.170,4.410028227156924,16.305882,6,428
C1.412.37,4.409934196022177,-11.1768,5,412
C1.411.3,4.406533045290715,14.231481,2,411
C1.429.69,4.405074232710309,-1.2780825,7,429
C1.428.158,4.402938264230389,-0.2088946,5,428
C1.380.138,4.40044947951067,1.6077907,5,380
C1.384.139,4.399127100045878,3.3185704,2,384
C1.437.117,4.397906429539559,-7.113651,6,437
C1.418.31,4.3967928635669775,11.356704,5,418
C1.384.65,4.3959194112357824,22.39082,2,384
C1.423.41,4.394787442952388,-2.171015,6,423
C1.419.43,4.394451642965392,2.162899,5,419
C1.381.156,4.392619509445102,9.01208,5,381
C1.385.86,4.387684034277449,-11.857578,6,385
C1.423.39,4.386126114452844,12.104368,6,423
C1.436.105,4.3819779290452,3.382212,7,436
C1.421.80,4.379893324469827,-1.6555189,5,421
C1.384.60,4.3797203035216805,5.7965703,2,384
C1.416.19,4.379016723093402,-2.2165058,4,416
C1.412.76,4.375749739637451,-2.153015,5,412
C1.423.50,4.3751176249110895,-9.395632,6,423
C1.388.97,4.37215368283619,-0.26671875,5,388
C1.428.168,4.371325318470042,7.233464,6,428
C1.421.48,4.3705866276852054,7.9422812,5,421
C1.388.96,4.370555503753687,9.410329,4,388
C1.411.20,4.366039374871236,-2.7834747,2,411
C1.380.47,4.365836333637137,-18.574017,4,380
C1.395.32,4.36548534311194,-1.7711532,7,395
C1.423.44,4.3495966885809265,16.111403,6,423
C1.400.45,4.348701088217545,-3.8772314,4,400
C1.391.58,4.3436073225775775,9.220923,4,391
C1.399.45,4.3413608981941225,-2.889036,5,399
C1.429.104,4.341289402110063,-20.180225,5,429
C1.428.149,4.340354966082331,-3.673736,6,428
C1.381.81,4.33908443139167,17.0523,5,381
C1.400.65,4.333808681728206,-5.366731,4,400
C1.396.179,4.333757704786493,6.259359,5,396
C1.421.7,4.332171217015484,-6.671679,5,421
C1.421.49,4.33087592054264,-8.528099,5,421
C1.380.182,4.328812214265113,-1.3688693,5,380
C1.388.16,4.32707118215594,-7.3996186,5,388
C1.430.49,4.324242671788775,6.2343783,5,430
C1.442.99,4.322299419541653,28.230946,6,442
C1.411.8,4.319361361551768,-3.3809667,3,411
C1.381.196,4.319200427090164,17.51552,5,381
C1.421.63,4.31880227790294,-1.1383389,5,421
C1.380.89,4.316397004755705,1.2479507,5,380
C1.381.146,4.314220762613592,-7.0440598,5,381
C1.381.179,4.313521447878741,-10.24728,5,381
C1.393.11,4.3124931011781795,-2.3225856,4,393
C1.421.210,4.31090432158007,-0.2655189,5,421
C1.388.43,4.307861149638093,13.8234415,5,388
C1.379.11,4.30353102759745,0.77911365,6,379
C1.449.1,4.303476315139026,-5.1923466,5,449
C1.380.187,4.3032965609528855,-5.820289,5,380
C1.393.17,4.302914874062676,0.19221824,5,393
C1.381.72,4.302860019395872,16.5854,5,381
C1.388.64,4.297183768129514,0.95760125,5,388
C1.398.15,4.2886653781816895,-2.407708,6,398
C1.396.97,4.288173457655638,-0.14099059,4,396
C1.421.28,4.285281496338274,7.655648,4,421
C1.413.46,4.283551177557511,8.629409,2,413
C1.423.51,4.283518600006301,4.564635,6,423
C1.391.55,4.283383015771862,-8.072327,4,391
C1.379.40,4.281764742702789,-14.308686,6,379
C1.388.14,4.2812401695594495,1.6630613,5,388
C1.400.69,4.280813808060124,8.417394,4,400
C1.384.59,4.279177875911827,1.2952203,2,384
C1.421.208,4.275928893572856,0.5313811,5,421
C1.385.13,4.275028525851352,-9.414595,6,385
C1.421.91,4.272286581488604,-1.0481789,5,421
C1.381.191,4.27181325309729,-8.62056,5,381
C1.391.42,4.267723397675582,-16.481602,4,391
C1.423.172,4.265588372441148,7.35106,5,423
C1.400.54,4.265557171951119,4.6204686,4,400
C1.421.25,4.26497741416124,3.3194966,4,421
C1.379.29,4.26118567855524,-13.440653,6,379
C1.437.41,4.260425773278963,5.319616,6,437
C1.435.69,4.260035101519342,6.8565726,8,435
C1.430.86,4.25544118864687,-0.28454176,5,430
C1.423.101,4.247022783884084,5.665135,6,423
C1.435.58,4.243960244624009,-10.821085,7,435
C1.421.95,4.2436593662343585,-1.7513989,5,421
C1.418.20,4.243592601160251,22.011644,5,418
C1.411.42,4.242612307643695,-1.9271667,3,411
C1.381.131,4.242462111836807,21.254454,4,381
C1.439.45,4.235888761869394,9.668022,5,439
C1.399.36,4.232346912352102,-2.7676296,6,399
C1.385.16,4.227336909204804,-6.5610948,6,385
C1.388.167,4.216478930835451,7.0779214,5,388
C1.381.93,4.215431659539754,13.65522,5,381
C1.380.90,4.215222094010653,12.4522705,5,380
C1.419.11,4.215058648053526,-2.561321,5,419
C1.396.135,4.213313723801353,3.8506188,5,396
C1.421.200,4.211814588949411,-8.348559,5,421
C1.391.33,4.211795056424989,-1.022177,4,391
C1.416.142,4.201448566220982,8.353495,4,416
C1.391.17,4.199996732350174,-1.708352,4,391
C1.398.131,4.198483541832042,-3.283008,6,398
C1.439.70,4.196716207765143,18.516003,5,439
C1.381.63,4.195213846878819,0.24368021,5,381
C1.424.152,4.194042500710046,21.504961,4,424
C1.423.144,4.193399594594759,1.8351516,6,423
C1.421.19,4.193088342989156,5.797381,5,421
C1.423.113,4.1910918457586535,5.8905015,6,423
C1.401.23,4.187958961259368,-0.13955355,6,401
C1.421.70,4.187763554494693,-8.542899,5,421
C1.391.6,4.182432539459268,3.361598,4,391
C1.421.96,4.182216857081506,3.093981,5,421
C1.423.2,4.182111204551133,1.394985,6,423
C1.421.143,4.1795288535643085,-1.9208989,5,421
C1.398.36,4.179132962285499,-0.4909747,6,398
C1.423.170,4.177796908368602,8.174501,6,423
C1.429.48,4.175202624988885,-7.7127967,7,429
C1.418.36,4.174351094399913,23.046185,5,418
C1.423.42,4.174177657268309,4.970735,6,423
C1.423.29,4.173810415085386,-11.533815,6,423
C1.393.58,4.173353527746603,0.6484393,4,393
C1.423.168,4.171424690337096,-3.4536817,6,423
C1.396.46,4.171289640187593,11.331409,4,396
C1.398.125,4.167337563610099,-5.2797413,6,398
C1.421.8,4.164063234561136,-9.301479,5,421
C1.389.53,4.160577733914107,-1.31337,3,389
C1.419.96,4.156308189107148,-2.189121,5,419
C1.421.134,4.147243096897051,-0.5882989,5,421
C1.421.1,4.142543888637808,3.7275412,5,421
C1.435.107,4.142325188200752,-1.5605023,8,435
C1.388.93,4.1420030894866695,-8.5087385,5,388
C1.423.111,4.13869284688745,12.257502,6,423
C1.381.54,4.133927928347541,-0.9534598,5,381
C1.421.131,4.133098556868487,2.477561,5,421
C1.412.91,4.132459232078054,-17.483536,5,412
C1.423.92,4.132147209556241,10.673785,6,423
C1.385.123,4.126780087748504,-2.9294875,5,385
C1.388.151,4.122860870895893,4.8988414,5,388
C1.391.31,4.121697289896513,-9.304327,4,391
C1.429.96,4.121099931752476,-16.102312,6,429
C1.398.108,4.119045138044206,-2.6366432,5,398
C1.412.78,4.118806654174375,-4.255554,4,412
C1.439.32,4.117252575849595,6.558602,5,439
C1.412.90,4.114168157735446,-8.438475,5,412
C1.418.32,4.114081557814241,4.1373835,5,418
C1.437.115,4.112571416326366,-3.3821237,5,437
C1.419.17,4.108299459760339,-3.4049811,5,419
C1.423.31,4.107113091278501,4.1786847,6,423
C1.388.120,4.106763642318468,-9.589771,4,388
C1.391.18,4.104970344473948,2.471509,3,391
C1.399.27,4.101042571078689,10.565961,5,399
C1.423.141,4.096804414554247,19.734543,5,423
C1.423.19,4.096327793908138,3.4938517,6,423
C1.400.82,4.094939972462457,-1.0291064,4,400
C1.381.17,4.094533115711474,10.39826,5,381
C1.412.120,4.0942262086045735,-9.394076,6,412
C1.388.156,4.0867032909184,-1.4164988,5,388
C1.388.56,4.080927118812908,1.3592658,4,388
C1.411.66,4.0783379277050775,-4.5490003,3,411
C1.399.14,4.07566293343943,-16.342047,6,399
C1.435.113,4.073637431312529,6.4814863,7,435
C1.419.14,4.07237423887239,3.516919,5,419
C1.421.16,4.071638501050376,-2.192499,5,421
C1.399.56,4.067290729872628,2.399521,5,399
C1.396.193,4.0668760192890945,-5.001159,4,396
C1.412.7,4.066830929650429,-1.8672595,6,412
C1.423.67,4.0663987196438365,6.3432684,6,423
C1.429.1,4.065367111867772,-16.02777,7,429
C1.388.61,4.05872015240683,-0.07829874,5,388
C1.429.42,4.054560629481636,13.7055235,6,429
C1.449.73,4.053940340818872,-2.9598496,6,449
C1.398.123,4.049271589895241,2.9992254,6,398
C1.388.72,4.048533759567206,-18.65972,5,388
C1.419.81,4.045073026290855,15.448819,5,419
C1.395.17,4.043911603846299,0.9115897,7,395
C1.388.119,4.043812450085186,6.0975814,5,388
C1.411.5,4.043637912713944,2.7965434,2,411
C1.398.12,4.042261355153883,-2.4269247,6,398
C1.430.23,4.040211100434015,19.717678,5,430
C1.419.107,4.038689125927313,-0.37646103,5,419
C1.391.2,4.033921811840037,0.6390481,4,391
C1.398.49,4.033619964696409,-5.435845,5,398
C1.412.123,4.030903206435599,-0.9844069,5,412
C1.398.37,4.029109812849889,1.1243253,6,398
C1.423.64,4.028713373145618,-0.27021506,6,423
C1.395.19,4.0264361951598415,-12.844182,7,395
C1.414.34,4.026020550484882,2.2181942,3,414
C1.437.43,4.024345863796355,-4.735384,6,437
C1.437.22,4.020278743022061,-3.663601,6,437
C1.412.89,4.017242574739379,-7.113435,5,412
C1.379.30,4.002674066683743,-24.582787,6,379
C1.396.82,3.999683299532126,-0.10430106,5,396
C1.400.56,3.9973635792154805,-13.375807,4,400
C1.421.38,3.9963419657052452,-6.2918787,5,421
C1.421.14,3.9942098883016075,6.014801,5,421
C1.388.118,3.9935808291200137,11.030561,5,388
C1.421.60,3.9918519235686865,-3.0739589,5,421
C1.429.79,3.9872036973646305,-9.2529335,6,429
C1.423.84,3.983906125875404,4.178585,6,423
C1.395.27,3.977671991307066,-10.677043,6,395
C1.423.74,3.976895854352295,-1.4110651,6,423
C1.423.100,3.9747137304940883,-3.6673985,6,423
C1.421.124,3.972301826024338,-4.112319,5,421
C1.411.13,3.9715622716175685,4.8778434,2,411
C1.430.135,3.970433157191891,1.8188382,5,430
C1.416.56,3.9700825390144714,-6.266481,4,416
C1.421.130,3.968946148128849,-4.898159,5,421
C1.395.42,3.968732745025353,-11.370496,7,395
C1.423.114,3.966705690552263,18.480684,6,423
C1.391.47,3.966566111071377,-4.838752,4,391
C1.381.19,3.9650506068695823,25.584,5,381
C1.423.61,3.9605511558820665,-1.8432484,6,423
C1.423.4,3.952166895040349,8.444318,6,423
C1.398.93,3.9497496360603868,-16.201874,6,398
C1.429.28,3.946721245353998,-9.737226,7,429
C1.435.23,3.9457804077380056,6.99131,8,435
C1.419.71,3.945428938369153,-3.821561,5,419
C1.384.121,3.942938637175723,5.1267204,2,384
C1.423.122,3.9424364930880524,5.9782515,6,423
C1.412.124,3.9423939293988126,-9.816193,6,412
C1.424.112,3.941747830867865,2.1410782,5,424
C1.429.11,3.9407740405321774,-4.296582,7,429
C1.412.130,3.937489277408184,-16.298527,6,412
C1.423.89,3.935312952310151,-2.545162,5,423
C1.398.120,3.9314168663607663,-10.588103,5,398
C1.385.70,3.9306203121927434,-14.122579,6,385
C1.442.36,3.9224084972433073,5.9859953,6,442
C1.419.118,3.921190333725525,7.624199,5,419
C1.435.26,3.9201306296249814,-1.7471346,7,435
C1.419.79,3.9201253419473754,-6.763361,5,419
C1.398.102,3.9198083975051667,6.9540753,6,398
C1.398.60,3.916360495898911,-25.288858,6,398
C1.379.24,3.916095919001394,-16.383018,5,379
C1.398.39,3.908198820363068,7.9315753,6,398
C1.388.45,3.900888747604641,-10.431899,5,388
C1.423.93,3.900058017265685,4.389773,5,423
C1.388.58,3.899964366965691,1.0605413,5,388
C1.423.59,3.8956902431771785,9.476003,5,423
C1.400.32,3.893960143848554,3.1141937,4,400
C1.423.56,3.891887824014185,-3.0077484,6,423
C1.398.56,3.8908198472447215,-5.0497913,6,398
C1.385.143,3.886543725325026,-0.24371529,5,385
C1.391.40,3.8862555292722996,-7.899552,4,391
C1.413.7,3.8831593707402514,1.9038382,3,413
C1.398.32,3.8814337174630036,-2.8289385,5,398
C1.391.20,3.8799845332888547,-3.6758518,4,391
C1.411.22,3.876917469407251,-3.346869,2,411
C1.439.50,3.875154248097863,9.372042,5,439
C1.412.112,3.8741766895014025,-13.90331,6,412
C1.400.46,3.872349824258836,-2.3973315,4,400
C1.411.28,3.8715403200309324,11.536933,3,411
C1.429.111,3.8713980059243043,-7.120746,5,429
C1.398.89,3.8712735281205792,-4.6030912,6,398
C1.423.79,3.871053646238972,11.671358,5,423
C1.381.182,3.868756601949286,5.15888,5,381
C1.393.47,3.8686216514692355,10.991358,5,393
C1.429.8,3.8668447937876214,-15.182139,7,429
C1.398.83,3.866411500831053,-7.678858,6,398
C1.412.48,3.8657552919076505,3.566074,6,412
C1.380.43,3.8641965007958032,5.0758505,5,380
C1.429.85,3.8641497900153947,2.4414678,4,429
C1.421.54,3.8635984967550523,-11.411859,5,421
C1.430.13,3.861598605705596,18.118698,5,430
C1.398.128,3.861464092617583,0.7001416,5,398
C1.398.121,3.8599870942998327,-5.1964245,6,398
C1.429.17,3.8583882291948277,-14.469225,7,429
C1.423.11,3.85667446882085,3.3309681,6,423
C1.435.118,3.855196707217,-8.523557,7,435
C1.388.81,3.853508557321288,9.521361,5,388
C1.423.71,3.8533151976712774,9.687385,6,423
C1.398.58,3.852627767558678,6.7974753,6,398
C1.398.113,3.8525040664022177,-13.573358,6,398
C1.385.27,3.849732177323395,7.826405,6,385
C1.436.97,3.8496240182500077,2.8691416,6,436
C1.384.76,3.847684615778364,16.572071,2,384
C1.385.28,3.847545913069577,9.088722,6,385
C1.423.57,3.8472565292095955,2.4803183,6,423
C1.429.47,3.843962105389654,3.2634318,7,429
C1.389.185,3.841728015890514,18.690598,3,389
C1.429.82,3.841052218480535,-16.643593,6,429
C1.419.113,3.8409370579914435,-0.27790362,4,419
C1.423.8,3.838818961073217,6.912385,6,423
C1.416.23,3.8325516347202297,9.015969,4,416
C1.398.119,3.8312479353859294,-2.4435413,6,398
C1.412.122,3.830058361118445,3.1865072,6,412
C1.419.91,3.827797268720499,-10.755541,5,419
C1.384.58,3.823268485104093,3.5464203,2,384
C1.429.38,3.820808846389695,-15.199401,6,429
C1.379.27,3.819149128128131,0.55666363,6,379
C1.412.53,3.8139697392580456,2.6710253,5,412
C1.411.24,3.8106355602834596,5.8645434,2,411
C1.439.52,3.807269251970984,-1.8330982,5,439
C1.418.57,3.8014098332652395,9.156704,5,418
C1.400.60,3.801143001234732,-4.3184066,4,400
C1.388.2,3.8006472170503955,2.9552612,5,388
C1.439.59,3.7988886526378844,14.675022,5,439
C1.391.66,3.7986667932393563,-21.677351,4,391
C1.419.12,3.7977612158008633,-10.688253,4,419
C1.414.64,3.79697516666284,-15.235679,4,414
C1.416.97,3.795006419199005,-5.0157557,4,416
C1.398.97,3.7944988647875615,8.454108,6,398
C1.423.5,3.792923115400433,6.3793683,6,423
C1.401.52,3.7912679305175403,-17.925886,6,401
C1.435.119,3.786180839482542,0.7635864,7,435
C1.435.59,3.78500430292907,1.3018721,7,435
C1.439.3,3.7841490611626134,9.441942,5,439
C1.411.26,3.7821969076703508,13.294434,3,411
C1.398.84,3.7820312715038966,-8.589841,6,398
C1.412.107,3.7815938134820324,9.419623,6,412
C1.419.80,3.7787198665168096,5.9621944,3,419
C1.393.43,3.776448304330563,11.136839,4,393
C1.421.18,3.7685370320899936,2.3702412,5,421
C1.399.35,3.767320218639179,-12.311346,6,399
C1.436.12,3.766849288316258,5.6476884,6,436
C1.419.97,3.7653044952853763,4.560783,3,419
C1.423.72,3.76026392685483,4.887718,6,423
C1.421.34,3.751765809360824,-7.499859,5,421
C1.381.184,3.7512886588074728,9.16998,5,381
C1.419.9,3.7487688022314836,-4.470681,5,419
C1.393.86,3.7469035487240157,4.732478,5,393
C1.419.48,3.746589787877545,-3.376641,5,419
C1.400.31,3.745131740882167,-4.8529816,4,400
C1.421.57,3.7435721404802123,-2.746219,5,421
C1.391.13,3.7417428744554333,0.7241423,3,391
C1.421.36,3.7393347336689398,3.797481,5,421
C1.412.143,3.7392152008559303,-6.498943,6,412
C1.423.55,3.738280741876443,9.229322,5,423
C1.393.66,3.737737818008299,5.6320143,4,393
C1.398.85,3.7366757583835017,-7.6958413,6,398
C1.439.21,3.7324962086258098,13.582242,5,439
C1.393.54,3.7275794019836055,4.9837785,5,393
C1.439.64,3.727412966782603,16.863663,5,439
C1.436.37,3.722160108081145,5.5548887,6,436
C1.411.41,3.7205625928568398,9.671367,3,411
C1.400.83,3.7191451697995794,18.61657,4,400
C1.429.103,3.7175251186551233,-3.3656967,7,429
C1.435.51,3.7172658567794903,-15.686813,7,435
C1.411.58,3.71649082796741,12.534433,3,411
C1.439.56,3.7105504816376302,14.775942,5,439
C1.426.43,3.7076439266269596,11.675632,5,426
C1.442.46,3.7074749904941826,24.460361,6,442
C1.391.22,3.706854072505831,-21.484503,4,391
C1.418.9,3.7028198479285446,34.233044,5,418
C1.398.22,3.6988820892874137,1.113792,6,398
C1.423.34,3.697970159742184,-0.59974843,6,423
C1.412.116,3.694965691550331,-4.391826,6,412
C1.418.48,3.6949310683476098,18.208744,5,418
C1.449.49,3.692873201586138,-5.6905,6,449
C1.393.25,3.6873943078195057,-1.9312618,5,393
C1.399.19,3.6816608908758695,-1.2734795,6,399
C1.436.115,3.680930201063676,-0.13844524,7,436
C1.413.20,3.678462986822433,-11.105928,3,413
C1.385.149,3.668916144572846,12.107855,6,385
C1.398.48,3.6676171824705683,-2.1081247,6,398
C1.442.76,3.6676158154408705,23.888712,6,442
C1.436.126,3.665204730957644,-10.525584,5,436
C1.412.65,3.6635130005735808,-3.9615948,5,412
C1.436.146,3.6623955332688047,4.372069,7,436
C1.399.15,3.662141742650474,-9.598963,6,399
C1.412.73,3.661883347753865,-6.537826,6,412
C1.398.7,3.661450646574143,-4.9880414,6,398
C1.400.70,3.6607156655134196,-1.3634443,3,400
C1.416.5,3.659433828351403,11.059269,4,416
C1.429.72,3.657075794976681,-22.899847,5,429
C1.379.22,3.6555050943195435,-11.081019,6,379
C1.391.14,3.654993192564008,-16.835377,4,391
C1.435.57,3.6533818460086813,-3.674385,7,435
C1.423.108,3.652825796301499,4.755285,6,423
C1.419.99,3.65021878612611,-11.348879,4,419
C1.429.78,3.6476056104583656,-13.411725,6,429
C1.423.91,3.646847625253914,4.8582683,6,423
C1.439.57,3.645066156243329,5.617127,4,439
C1.385.52,3.644520001753379,-14.230765,5,385
C1.444.41,3.643785098979697,-6.450753,5,444
C1.398.24,3.6380439490327685,-3.209043,5,398
C1.442.86,3.634648831971026,26.768745,6,442
C1.384.9,3.6270315720930157,17.32612,2,384
C1.423.128,3.626981975927062,6.542223,4,423
C1.412.3,3.624984462769485,-5.0354595,6,412
C1.393.61,3.624763463447968,6.875438,5,393
C1.403.57,3.6234110797915617,10.0524,5,403
C1.436.82,3.6225516559321043,4.579355,7,436
C1.388.74,3.6209940329942554,3.2791412,5,388
C1.439.11,3.614313177975862,14.282562,5,439
C1.400.85,3.61341793193317,19.888622,3,400
C1.388.168,3.612163135156687,5.6063013,5,388
C1.419.86,3.6121186808737025,-3.862121,5,419
C1.398.30,3.6120139015576047,9.838392,6,398
C1.393.74,3.6105055353779885,4.4524393,4,393
C1.395.60,3.610358521624599,1.655704,7,395
C1.442.13,3.608217263027982,16.592562,6,442
C1.391.38,3.607670052930635,-4.003202,4,391
C1.423.27,3.6063495194486888,10.392735,6,423
C1.429.22,3.6053515992943197,-15.058482,7,429
C1.413.61,3.604246840625986,-2.8183284,3,413
C1.439.42,3.602402047562918,6.652342,5,439
C1.391.51,3.6005283680960907,7.1017756,3,391
C1.435.15,3.600520719810376,-15.1685705,7,435
C1.395.35,3.5994832358747657,-8.844968,7,395
C1.399.43,3.598897347815092,-2.7491963,6,399
C1.391.56,3.596250821954382,-4.947702,4,391
C1.442.6,3.595613269452843,33.129704,5,442
C1.436.144,3.592502114094611,2.5102262,7,436
C1.395.18,3.5917390522134327,-5.1169534,7,395
C1.421.110,3.588079153392583,-5.683579,5,421
C1.412.75,3.585688256923675,-7.954155,5,412
C1.419.85,3.5843505999847616,-0.33408105,5,419
C1.398.14,3.581199905088499,-7.818475,6,398
C1.398.46,3.5811644580047415,8.043239,5,398
C1.400.59,3.5801419078413352,0.4724936,4,400
C1.421.23,3.580139676595857,-7.809219,5,421
C1.424.162,3.580027948885145,19.933178,5,424
C1.421.111,3.5799662168501327,17.371666,4,421
C1.419.84,3.579482810066956,-12.759329,4,419
C1.416.103,3.578569147601318,16.452795,4,416
C1.423.9,3.5745463942750564,1.0366424,5,423
C1.423.3,3.5745463942750564,4.5139184,6,423
C1.423.7,3.5730687341816165,9.2257185,6,423
C1.423.15,3.5730687341816165,7.2387733,5,423
C1.398.116,3.572893678355158,4.4784784,5,398
C1.423.85,3.572641289290177,0.76228493,6,423
C1.435.131,3.5719732564684836,-0.5165842,5,435
C1.436.131,3.5678613797053056,5.9978023,6,436
C1.419.114,3.56744732752277,-4.6996613,5,419
C1.385.144,3.5640361744731086,1.5282885,6,385
C1.416.98,3.563886137177496,15.175419,4,416
C1.423.77,3.562068205795305,0.40963492,6,423
C1.413.27,3.5600998986827315,1.1213715,3,413
C1.418.27,3.5577547384120165,26.048344,5,418
C1.435.88,3.5556574379482755,-4.0234275,8,435
C1.413.56,3.5529716678741754,-3.8763952,3,413
C1.444.96,3.5471705561428526,-14.128904,7,444
C1.412.149,3.5452795816644165,-2.2136762,6,412
C1.398.130,3.5445143031329014,1.1952753,6,398
C1.439.34,3.5443577143657685,7.8857217,5,439
C1.393.14,3.542929285078628,6.7098784,5,393
C1.411.39,3.541363560178033,5.7236667,3,411
C1.391.21,3.5411639380324105,-10.907752,4,391
C1.430.149,3.5405368199381457,10.196138,5,430
C1.398.109,3.539807864104472,-9.893374,6,398
C1.388.88,3.539735354332731,4.6189814,5,388
C1.439.68,3.539220953489774,8.696022,5,439
C1.398.47,3.5386617101860893,9.122309,6,398
C1.436.64,3.5384245155956466,0.75549763,7,436
C1.411.51,3.5334863581693843,-12.715267,3,411
C1.388.165,3.5317940431634507,0.66798127,5,388
C1.423.69,3.530893002249974,15.088569,6,423
C1.380.81,3.530628884689183,14.026933,4,380
C1.411.48,3.529124976692106,22.723167,3,411
C1.439.25,3.525451669735768,5.274662,5,439
C1.435.20,3.524184165263044,-2.6390023,8,435
C1.421.119,3.5229599031167926,-2.521359,5,421
C1.398.21,3.5195241810028985,-4.2336245,6,398
C1.442.77,3.5164740686036393,10.168395,6,442
C1.416.120,3.514235107451723,-6.5332055,4,416
C1.396.148,3.513573639535132,7.409079,5,396
C1.398.134,3.512597150310776,-4.285408,6,398
C1.418.41,3.51237329477496,20.835443,4,418
C1.398.27,3.5094955184798207,-1.9064081,6,398
C1.389.82,3.509198308989427,-11.178689,2,389
C1.449.11,3.5067962909654695,-0.76379955,6,449
C1.396.42,3.502952224549914,-9.749741,5,396
C1.398.99,3.501334266080439,-5.820158,6,398
C1.412.93,3.5004082909102787,3.5009053,5,412
C1.388.152,3.4995789370553543,-0.63814634,4,388
C1.398.92,3.499206840902996,-8.470541,6,398
C1.419.63,3.4971649230686688,-1.545961,5,419
C1.379.54,3.495827843899111,-6.8411865,6,379
C1.391.4,3.4942591805185033,-25.799301,4,391
C1.442.37,3.4936253264269737,11.703145,6,442
C1.423.118,3.4903925052327875,6.4038515,6,423
C1.437.59,3.489865278729055,2.4577992,6,437
C1.393.63,3.4871018559913574,6.6859894,4,393
C1.412.140,3.4830888456263156,-7.5226264,6,412
C1.424.20,3.4828453355593654,-2.8071816,5,424
C1.398.45,3.478712667878219,-16.76604,6,398
C1.385.102,3.4751695708034904,0.58125514,6,385
C1.398.10,3.4746250677508654,1.2609086,6,398
C1.419.47,3.4730685601680364,6.180339,5,419
C1.449.25,3.472039555947632,-6.2174163,6,449
C1.435.74,3.47081653331762,-0.0036648188,8,435
C1.429.108,3.466013179191765,-22.101168,7,429
C1.436.56,3.4642561281515802,-1.9980125,5,436
C1.385.119,3.4629401007335248,5.160022,6,385
C1.398.52,3.4623266841265186,-2.7391248,6,398
C1.400.34,3.4609434608675365,-14.830932,4,400
C1.398.88,3.4592437936444966,3.607692,6,398
C1.436.108,3.4584765543304363,1.7570833,7,436
C1.385.64,3.4581268125011797,11.798422,6,385
C1.436.76,3.456987828271228,0.14531189,7,436
C1.388.199,3.4564819471142525,2.1448038,4,388
C1.391.43,3.4513482603174297,-28.490202,4,391
C1.436.59,3.450730895839232,-0.5273024,7,436
C1.424.44,3.4501889512915795,11.184918,5,424
C1.421.120,3.447837602579803,-6.7318387,5,421
C1.414.2,3.447462197847225,16.780771,4,414
C1.437.84,3.4454385671996115,-4.789951,6,437
C1.436.66,3.4452400068529427,5.3918805,6,436
C1.436.50,3.4443898857854927,-9.849931,7,436
C1.435.138,3.4413995149389844,6.0327353,8,435
C1.437.38,3.439947502547462,-2.3696675,6,437
C1.391.29,3.434324116097876,3.877223,4,391
C1.436.117,3.432599336639526,-1.5421312,6,436
C1.398.31,3.431678853703205,3.392492,6,398
C1.385.161,3.430189577862859,-5.373678,6,385
C1.398.86,3.4284444205056084,-0.6231231,5,398
C1.413.75,3.4274100244226102,-6.507295,3,413
C1.385.2,3.424603488192944,-21.958378,6,385
C1.444.16,3.4226334648045222,9.646981,7,444
C1.393.41,3.420147339878438,14.306089,4,393
C1.398.90,3.4178495156733946,-19.013807,6,398
C1.423.142,3.415869365634373,7.006968,6,423
C1.414.24,3.415476396055175,-17.642931,2,414
C1.449.37,3.415458737040693,2.9127839,6,449
C1.398.103,3.4139129608179855,-2.4418414,6,398
C1.418.30,3.410880028924111,22.731564,5,418
C1.429.45,3.4073409827163714,1.6388233,6,429
C1.398.73,3.4058286528128066,-14.386263,5,398
C1.421.186,3.4050161452527106,-9.648119,5,421
C1.429.52,3.403215267212108,-8.25471,6,429
C1.436.3,3.4030329269071253,5.1357403,7,436
C1.398.70,3.4024575184544203,-11.048308,6,398
C1.419.90,3.402278924277421,4.353659,5,419
C1.398.94,3.4010919154829624,-5.8156414,6,398
C1.416.8,3.400426478031941,-0.3479807,4,416
C1.391.10,3.4001412777305853,-1.5012019,4,391
C1.435.49,3.3993130918390317,-0.6463707,7,435
C1.421.121,3.399026968252215,8.708041,5,421
C1.436.68,3.3971097678435593,2.045169,7,436
C1.423.60,3.3964982520520013,11.7225685,6,423
C1.423.52,3.3952191568937446,3.850235,6,423
C1.429.5,3.3929148734744636,-19.89014,6,429
C1.439.8,3.3896804414539825,12.689042,5,439
C1.393.76,3.3892435504568597,-7.3238616,5,393
C1.379.25,3.387800502494863,-10.958719,6,379
C1.384.84,3.3873478722626253,-10.50293,2,384
C1.430.16,3.3861272721195443,1.249201,4,430
C1.411.57,3.385850434909392,2.8198667,3,411
C1.393.20,3.38289695922453,-3.6263618,5,393
C1.390.54,3.3827816905645394,23.394176,3,390
C1.396.105,3.381813981618165,-4.0627413,5,396
C1.398.80,3.380289154252038,-12.985358,6,398
C1.439.33,3.379032530686803,18.008322,5,439
C1.442.11,3.378054765371123,14.914629,6,442
C1.418.13,3.3776443924844526,15.478424,5,418
C1.398.72,3.373356847607444,-20.907808,6,398
C1.393.68,3.370274686492172,-6.256282,5,393
C1.391.16,3.369997785108047,-19.299652,4,391
C1.423.1,3.369371686621212,1.6379683,6,423
C1.444.68,3.364603732865421,-16.120996,6,444
C1.398.19,3.364059005094103,9.373909,6,398
C1.398.62,3.363187136446965,-2.0565913,6,398
C1.412.147,3.362716307816697,-14.289927,6,412
C1.442.110,3.3623214638446792,16.920612,6,442
C1.396.64,3.359946145038669,-7.293881,5,396
C1.436.29,3.3577235989558143,1.5796547,7,436
C1.398.34,3.3571567937412086,-9.943661,5,398
C1.389.45,3.3553588512012187,-13.130194,2,389
C1.421.101,3.3538310980009682,-7.097419,5,421
C1.416.70,3.352166819487678,-8.597031,4,416
C1.423.143,3.351094286442583,7.0905185,6,423
C1.442.52,3.3508953800376085,7.1936955,6,442
C1.414.47,3.344405949201582,-10.867172,3,414
C1.391.62,3.3436847980595767,-21.822176,4,391
C1.436.23,3.3400886462102615,3.9490404,7,436
C1.391.32,3.339796384480698,-8.599702,4,391
C1.393.72,3.3386056438693,8.474278,5,393
C1.419.50,3.3352646544144755,-9.780402,4,419
C1.436.127,3.3341093333463054,-6.2322598,7,436
C1.439.29,3.333343409116933,12.348322,5,439
C1.391.41,3.332428369744784,5.180398,4,391
C1.435.70,3.3319705909768693,-3.4683564,7,435
C1.419.67,3.3291744585292675,-7.794661,5,419
C1.437.53,3.3268701036014803,-2.3237674,6,437
C1.411.76,3.326776394859109,-3.4869,3,411
C1.419.16,3.32550060399952,-2.622301,5,419
C1.429.76,3.3222518435090858,-5.31296,6,429
C1.439.75,3.3194816547795445,9.204902,5,439
C1.379.14,3.31931816160095,-17.833864,5,379
C1.435.121,3.316234024675496,1.0483292,7,435
C1.436.53,3.3152259449650745,-0.21554525,7,436
C1.414.70,3.3133716818888526,3.7284713,4,414
C1.436.91,3.3133382870721304,2.4791691,7,436
C1.398.122,3.3099367315858177,-30.870125,6,398
C1.412.14,3.3078916175277935,-12.348793,6,412
C1.412.39,3.307681824562946,-1.2673762,6,412
C1.435.140,3.307478557487441,-1.3847023,8,435
C1.414.7,3.3073641631037343,1.3000213,4,414
C1.393.22,3.3069774502952893,10.046398,5,393
C1.382.108,3.3033028424386766,0.4467304,6,382
C1.412.126,3.3031744182912903,-5.172475,5,412
C1.436.122,3.3031206861629974,0.4826976,7,436
C1.432.59,3.302018932318933,3.1038113,5,432
C1.439.7,3.299611594603921,13.824855,4,439
C1.414.72,3.298512467534405,14.865683,3,414
C1.399.34,3.2930845264197015,-8.794279,5,399
C1.436.112,3.291749596121503,2.0308976,7,436
C1.419.51,3.2906516158499213,7.027199,5,419
C1.395.23,3.289295355566305,8.02409,7,395
C1.437.100,3.288693458955692,-0.47980082,6,437
C1.391.59,3.288125027177984,-29.055302,4,391
C1.395.7,3.2862169209781684,-0.39796746,7,395
C1.430.9,3.280951530826528,3.2545183,5,430
C1.413.54,3.279731797194057,-9.154495,3,413
C1.431.21,3.2792213251518336,-11.305217,5,431
C1.419.98,3.2756731426693775,-5.791521,5,419
C1.426.37,3.2733475933362857,19.575087,6,426
C1.391.15,3.272625726564661,-0.93612695,4,391
C1.379.12,3.2708322256781437,-4.8745837,5,379
C1.398.69,3.265694786804672,4.344392,6,398
C1.435.100,3.2653045404476555,10.496172,7,435
C1.436.9,3.2634907899479955,7.7550187,6,436
C1.398.26,3.258524853111319,7.041725,6,398
C1.419.41,3.257470810070401,6.092279,5,419
C1.435.126,3.256172801262628,0.5447227,8,435
C1.398.87,3.255881692101911,-15.0826435,5,398
C1.430.124,3.2551292982223843,3.4826002,4,430
C1.436.148,3.251995324840395,-2.4413738,7,436
C1.435.22,3.2515793797889585,-1.1718918,7,435
C1.436.7,3.251252296058803,2.0998833,7,436
C1.398.23,3.2495806420298465,-2.708608,6,398
C1.400.71,3.2464034189331654,-14.467681,4,400
C1.435.99,3.2448684108404278,-0.38408983,8,435
C1.412.13,3.244577881356578,-3.6080928,6,412
C1.426.46,3.244295696382662,8.487969,6,426
C1.398.2,3.241933659991694,4.358959,5,398
C1.412.31,3.241642645373004,-15.339843,6,412
C1.403.23,3.236540218939674,7.1298394,5,403
C1.429.68,3.2329456163007033,-8.976196,7,429
C1.436.134,3.2323707753555833,7.534069,7,436
C1.436.42,3.231352031637224,-2.3463025,7,436
C1.418.19,3.230497614042868,31.298384,5,418
C1.435.124,3.227162236436435,-5.6834564,7,435
C1.391.12,3.226973641137444,-15.181552,4,391
C1.419.2,3.2266403348452806,5.474248,4,419
C1.429.71,3.2265406363417273,-0.80092084,4,429
C1.412.36,3.2261252556029762,-6.603543,6,412
C1.439.12,3.222770105912024,24.918451,4,439
C1.396.107,3.2187663658194947,-1.513141,5,396
C1.388.99,3.213139847085706,1.1208613,5,388
C1.419.4,3.212625461643967,-12.266041,5,419
C1.396.100,3.211889976317996,6.9129767,4,396
C1.436.104,3.211785998669929,1.9099188,6,436
C1.435.47,3.2117130537758634,0.69494766,8,435
C1.393.13,3.210997604453197,-7.6673017,5,393
C1.393.2,3.2069815611935124,-5.2765017,5,393
C1.437.142,3.206511469580881,-3.3759043,5,437
C1.436.31,3.2063368462505824,3.0268188,6,436
C1.398.106,3.205512638738587,-3.993508,6,398
C1.435.77,3.2037046446908226,17.38019,5,435
C1.423.65,3.2022130356853853,20.291084,6,423
C1.444.18,3.2020543933238357,-9.830105,7,444
C1.436.141,3.2015124160168744,9.184797,7,436
C1.398.91,3.201239617829679,1.6803586,6,398
C1.412.16,3.2005943644891492,-6.9419594,6,412
C1.439.85,3.2004075084706325,12.540622,5,439
C1.393.65,3.198729228210627,20.899078,5,393
C1.426.83,3.1940166901018143,-1.0093637,6,426
C1.436.8,3.193570640790927,1.3823261,7,436
C1.429.4,3.1933074685197496,4.88444,6,429
C1.393.9,3.1931707271112804,3.5428982,5,393
C1.430.62,3.1924831812106933,-4.735862,5,430
C1.437.136,3.1910782864389575,-0.19285083,6,437
C1.442.25,3.1894141978553514,9.544079,6,442
C1.396.165,3.1875417954470744,6.740459,5,396
C1.385.131,3.1873200903518324,-11.932362,6,385
C1.419.49,3.1853942062164635,-7.304141,5,419
C1.393.62,3.1840416020071154,6.3241143,4,393
C1.416.91,3.179937071825145,9.119044,4,416
C1.437.7,3.1783257521405073,6.3240156,5,437
C1.395.29,3.178219859083599,-15.055453,7,395
C1.435.18,3.1774164703056638,6.0427976,8,435
C1.416.69,3.176453786085001,-7.0877557,4,416
C1.412.27,3.1745209487051826,-4.077626,6,412
C1.399.9,3.173856479977666,-10.402663,6,399
C1.416.45,3.1721202396828025,2.1905193,4,416
C1.391.19,3.171472354262097,-17.79129,3,391
C1.437.58,3.1696618277360273,5.4263325,6,437
C1.389.160,3.168715547888597,23.01603,3,389
C1.400.40,3.1668869130618758,-2.9220564,4,400
C1.412.99,3.166110430065554,-0.49790686,5,412
C1.436.18,3.1603045746703873,9.11184,7,436
C1.412.59,3.159037806636276,-2.995175,5,412
C1.418.16,3.158966587099067,20.522179,4,418
C1.400.66,3.1588795029791754,-10.044731,4,400
C1.423.48,3.155325425154642,12.217368,6,423
C1.393.16,3.151930637868199,8.18409,4,393
C1.398.59,3.147093403891563,-16.744808,6,398
C1.412.115,3.1469733919046017,-9.98856,6,412
C1.436.142,3.145943820424189,-4.2694883,7,436
C1.424.6,3.139364933876914,2.2305784,5,424
C1.393.73,3.1322713454370743,-0.6081607,4,393
C1.398.50,3.130877780767578,4.4315753,6,398
C1.439.1,3.130496273271349,6.824202,5,439
C1.436.116,3.1289190540858525,-2.992631,7,436
C1.393.67,3.1272564726800423,18.982151,3,393
C1.385.7,3.126208683303916,7.3600216,6,385
C1.439.76,3.1252087337369585,-5.1191583,5,439
C1.411.35,3.1236686822826,2.5342667,3,411
C1.436.39,3.1235369123452332,-0.7103595,7,436
C1.412.135,3.1232826967511387,-14.468926,6,412
C1.398.5,3.122579139628561,3.1072419,6,398
C1.398.115,3.121993926701805,-1.0451747,6,398
C1.396.38,3.121219069334909,-0.83290106,5,396
C1.419.61,3.1203076497720885,-7.585441,5,419
C1.435.82,3.119542208180225,-1.2624993,7,435
C1.444.59,3.119387643286762,-9.08598,6,444
C1.398.67,3.1180626132337355,0.18809198,6,398
C1.418.39,3.1167193414916015,4.1131635,5,418
C1.385.34,3.1164765831560977,-3.3378782,6,385
C1.385.115,3.115628943995917,8.998089,6,385
C1.393.46,3.113910243161032,1.0695583,5,393
C1.413.42,3.1127695492191916,3.5729048,3,413
C1.439.65,3.1124220618761735,2.6460218,5,439
C1.436.15,3.1108999875821906,-8.404945,7,436
C1.437.122,3.10358885898287,-9.612218,6,437
C1.421.81,3.102604285659542,-1.2834189,5,421
C1.393.26,3.1006813583538224,-0.48330176,5,393
C1.435.56,3.0975612823320207,2.1027293,7,435
C1.426.51,3.097367804373072,19.943686,6,426
C1.435.110,3.0972457051470776,4.88601,8,435
C1.429.43,3.095795976166205,-22.24079,5,429
C1.399.2,3.0940161638186505,4.756704,6,399
C1.412.38,3.093740537873232,-11.270434,5,412
C1.437.92,3.093629137696018,-7.9608045,5,437
C1.412.35,3.090605710550784,-15.481043,6,412
C1.439.26,3.085805904534189,14.465822,5,439
C1.411.49,3.084448406040574,-4.4188333,3,411
C1.416.16,3.0822561888659368,3.6707942,4,416
C1.436.81,3.0802941979995295,-2.4113739,7,436
C1.444.149,3.079130651668874,1.9774528,7,444
C1.418.33,3.078024801490232,28.954924,5,418
C1.411.1,3.0760924715717075,9.604834,3,411
C1.435.36,3.0751224933360444,1.3171006,7,435
C1.437.107,3.0739191857214023,-8.113001,6,437
C1.419.108,3.070107582740517,-12.294121,5,419
C1.419.40,3.06739096234647,-1.7506536,4,419
C1.435.46,3.065762334544888,1.3451968,6,435
C1.435.136,3.0639890291524186,-7.569471,7,435
C1.429.39,3.0638716925240614,-5.3626714,5,429
C1.413.14,3.063799616851725,5.714838,3,413
C1.436.99,3.061486477222728,2.5891805,6,436
C1.412.103,3.0541127232389473,-9.57391,6,412
C1.411.86,3.0531411942469577,0.55396664,3,411
C1.436.152,3.0525041254215144,-8.1536455,7,436
C1.396.12,3.0522446058018207,7.419979,5,396
C1.419.72,3.052241027917708,9.962599,5,419
C1.435.122,3.0521931198553887,-1.3121994,7,435
C1.437.147,3.050607599012553,-5.3874607,5,437
C1.439.62,3.049482013026974,15.529262,5,439
C1.419.95,3.048082994685506,-11.454961,5,419
C1.414.53,3.0453318848269126,-8.713586,3,414
C1.398.110,3.0450800106931655,-21.253942,5,398
C1.437.54,3.0445784326640526,-9.252951,6,437
C1.396.26,3.042054163594004,1.3041589,5,396
C1.444.153,3.0395117082540737,-5.050233,7,444
C1.436.52,3.0394755504995223,-2.0507312,6,436
C1.396.174,3.0359542609385075,-0.5919863,4,396
C1.399.32,3.033769705335146,0.8431038,6,399
C1.421.13,3.0336485677976275,0.36076108,5,421
C1.416.154,3.031461819387261,7.9267445,4,416
C1.442.87,3.030882282475058,12.7782955,6,442
C1.429.7,3.029797378960389,4.6362066,6,429
C1.400.64,3.0287186997551245,1.4662045,3,400
C1.400.13,3.0269844515205686,-2.6030314,4,400
C1.435.84,3.022832521917009,-6.605185,7,435
C1.416.99,3.019099163839338,-2.8211985,3,416
C1.426.91,3.0178785091896656,-9.328628,5,426
C1.435.38,3.015444754763821,-4.054428,7,435
C1.398.127,3.015068048373384,-3.804265,5,398
C1.419.1,3.0133646016683326,-1.3426734,2,419
C1.398.78,3.0109095291712444,-7.9158745,6,398
C1.414.26,3.009114734578015,4.7079945,3,414
C1.436.69,3.008009232905015,-2.3235881,7,436
C1.389.65,3.00746186408438,16.444496,3,389
C1.439.79,3.0072076102281025,20.740702,5,439
C1.416.35,3.005604264276439,1.8180943,4,416
C1.393.71,3.004051594139303,-19.224762,5,393
C1.379.67,3.002119623677537,-15.205753,6,379
C1.412.138,3.000442272639798,-16.217276,6,412
C1.439.27,2.999340181925375,11.929822,5,439
C1.412.58,2.9987738686565693,-7.915795,5,412
C1.437.129,2.9942663055167107,5.4289155,5,437
C1.437.91,2.993043613616976,-6.0460176,6,437
C1.412.125,2.9915987484141726,-8.116827,5,412
C1.393.28,2.9909882342753256,-2.6751819,5,393
C1.437.47,2.9900517952294066,1.5269556,5,437
C1.430.20,2.989462095211174,-2.7338219,5,430
C1.445.77,2.9874806782758614,-1.6012563,4,445
C1.435.98,2.9872987421764625,2.5916226,8,435
C1.429.62,2.9869513946807658,-7.0794578,6,429
C1.412.72,2.9847007041542954,-5.821443,6,412
C1.435.43,2.98404730613087,-5.807927,8,435
C1.412.81,2.978815849423983,-3.3070095,6,412
C1.400.109,2.977577363433811,-0.1015064,4,400
C1.426.90,2.9758787061465397,3.985732,5,426
C1.385.12,2.975616131210819,-6.606895,6,385
C1.398.11,2.9753981742556936,-1.799508,6,398
C1.393.40,2.9752023464662014,-12.103511,4,393
C1.411.46,2.973866063342822,-19.081667,3,411
C1.391.39,2.971105406782971,-0.91167694,4,391
C1.398.20,2.969012490510102,2.369792,6,398
C1.396.80,2.9686881385481634,1.4462589,5,396
C1.393.77,2.966888951242136,11.311914,4,393
C1.436.17,2.965733123169336,1.6242262,7,436
C1.442.16,2.965591091385597,17.901913,6,442
C1.400.106,2.964709148607678,-9.001831,4,400
C1.437.18,2.962705452659865,-11.071068,6,437
C1.411.16,2.9625438118106504,10.081567,3,411
C1.436.109,2.9614908548452594,2.3172688,6,436
C1.400.10,2.9610253405430433,-15.307656,4,400
C1.449.41,2.9599052501944807,-4.8662996,6,449
C1.396.99,2.959886916172318,2.7841794,4,396
C1.398.117,2.9584852645198803,3.3743587,6,398
C1.412.105,2.954142316588382,-7.2413764,6,412
C1.423.145,2.9538557398266074,-4.242515,6,423
C1.439.74,2.9537740216268182,8.008322,5,439
C1.396.185,2.9536513958738873,-9.545681,5,396
C1.435.1,2.952895652887073,1.9771864,7,435
C1.398.18,2.9528276034960514,12.016126,6,398
C1.435.14,2.951307934908524,10.724461,8,435
C1.411.40,2.951250173249726,2.9064333,3,411
C1.411.91,2.951250173249726,2.1485434,2,411
C1.411.98,2.951250173249726,-11.802819,2,411
C1.411.7,2.951250173249726,-4.8174667,3,411
C1.411.60,2.951250173249726,-20.9365,3,411
C1.400.21,2.950856626456215,-2.6184564,4,400
C1.436.79,2.9507548066406026,-6.6309595,7,436
C1.398.71,2.9504868767307,-13.113141,6,398
C1.436.143,2.950132736690191,7.4869547,7,436
C1.393.59,2.947166047499097,-4.689962,5,393
C1.412.2,2.946196517535816,-1.2565929,6,412
C1.445.166,2.946093851422084,-8.038475,4,445
C1.412.29,2.946050441847761,-11.985726,6,412
C1.419.115,2.945055717539588,4.8703465,4,419
C1.398.1,2.9444697821362475,-0.028274683,6,398
C1.412.45,2.9434334476290958,-1.8958095,6,412
C1.435.133,2.9423562328065818,-1.6515365,6,435
C1.396.84,2.937971035709349,7.6447587,5,396
C1.437.125,2.9376450591805665,-4.7162843,6,437
C1.436.25,2.937554548060803,1.4802691,7,436
C1.437.138,2.935568501519245,1.3381824,6,437
C1.403.33,2.935060218794713,6.6403995,5,403
C1.435.75,2.9335935622772853,-6.194742,7,435
C1.395.61,2.9334819929474665,0.615304,7,395
C1.445.9,2.9331836517120364,-0.7373522,4,445
C1.429.41,2.931216396218284,-21.142754,7,429
C1.439.54,2.930497391780451,18.081282,5,439
C1.411.53,2.9291212225262337,3.3754,3,411
C1.411.71,2.9291212225262337,-2.8142066,2,411
C1.411.105,2.9291212225262337,-7.3512564,2,411
C1.411.111,2.9291212225262337,-8.903269,2,411
C1.411.29,2.9291212225262337,17.035093,2,411
C1.396.35,2.924025184665853,-5.592621,5,396
C1.413.37,2.923233800803963,13.054071,3,413
C1.398.104,2.9217890942126115,6.510092,6,398
C1.437.90,2.920334116863383,0.11369917,6,437
C1.436.22,2.9200908309676783,0.9296548,7,436
C1.393.45,2.917684889997172,4.622578,5,393
C1.442.108,2.914251244350847,14.936846,6,442
C1.435.35,2.913208379386232,5.726229,7,435
C1.393.55,2.911811266521917,-8.1886215,5,393
C1.437.99,2.9117588647530535,10.066249,6,437
C1.398.6,2.9111008294509793,-6.4858246,6,398
C1.398.114,2.910136368799572,-3.929903,5,398
C1.435.65,2.9094430319931464,-3.3539772,8,435
C1.419.46,2.909327877970361,-3.2538211,5,419
C1.411.61,2.908602840160038,-0.68960005,3,411
C1.431.47,2.9084387948321786,17.786407,3,431
C1.391.27,2.908036719780854,-13.018452,4,391
C1.412.87,2.9071226043031397,3.061705,5,412
C1.412.108,2.905925523363844,-16.587126,6,412
C1.444.97,2.90585237250286,-7.0343614,7,444
C1.411.15,2.904869454195526,-0.09521901,2,411
C1.411.37,2.904869454195526,-11.943367,3,411
C1.411.36,2.904869454195526,-4.681819,2,411
C1.411.108,2.904869454195526,-16.3903,3,411
C1.411.107,2.904869454195526,-5.4003,3,411
C1.411.43,2.904869454195526,0.760731,2,411
C1.411.80,2.904869454195526,-16.176,3,411
C1.411.84,2.904869454195526,-4.4188333,3,411
C1.411.85,2.904869454195526,4.320881,2,411
C1.411.56,2.904869454195526,-10.7171,3,411
C1.411.54,2.904869454195526,-5.1067667,3,411
C1.411.89,2.904869454195526,-3.011269,2,411
C1.411.100,2.904869454195526,-9.290067,3,411
C1.411.103,2.904869454195526,-8.266833,3,411
C1.411.101,2.904869454195526,-15.777734,3,411
C1.437.82,2.9043655342189294,-9.370645,5,437
C1.379.10,2.9042262809568578,5.36808,6,379
C1.398.139,2.903187696656434,-3.9344246,6,398
C1.435.9,2.9020263442965093,9.378273,8,435
C1.391.48,2.9008176079559322,6.794648,4,391
C1.398.96,2.8991653485101034,5.385392,6,398
C1.439.20,2.898330752965205,12.247202,5,439
C1.419.78,2.8969355842532383,-14.368981,5,419
C1.412.11,2.896679876182444,3.025057,6,412
C1.436.98,2.8958674498863797,19.860197,7,436
C1.414.56,2.8952982076455496,5.438321,4,414
C1.416.25,2.8945242623467187,16.122293,4,416
C1.445.52,2.8915864471657566,-0.27352718,4,445
C1.435.86,2.890420055221652,5.649573,8,435
C1.398.124,2.8897486584918415,-9.701981,5,398
C1.437.20,2.8888926022330574,2.7360659,6,437
C1.442.96,2.8870595773319425,3.5330787,6,442
C1.436.2,2.8864474075679047,7.9127545,7,436
C1.393.64,2.8864198824478353,1.3818783,5,393
C1.439.84,2.8862313522286613,11.6225815,5,439
C1.426.100,2.8854568884422798,4.0412197,6,426
C1.432.37,2.885437582054324,-1.4118088,5,432
C1.437.67,2.8849564864134067,3.700816,6,437
C1.414.48,2.88476536688183,9.481896,4,414
C1.403.45,2.884660862803364,3.5529394,5,403
C1.439.61,2.883501095918215,7.2252417,5,439
C1.411.96,2.8827405034720335,-6.0675335,3,411
C1.435.150,2.8794086798185434,-8.492152,8,435
C1.412.44,2.878645545854106,-10.21266,6,412
C1.393.21,2.873245397876912,-7.8822017,5,393
C1.435.137,2.872992569908119,2.559915,7,435
C1.435.115,2.8711239452853152,0.9143293,7,435
C1.412.9,2.8706262474811646,-12.623593,6,412
C1.436.120,2.870209071977837,6.944425,6,436
C1.446.12,2.870116073343841,0.2439738,6,446
C1.411.17,2.8687109940192426,3.7938333,3,411
C1.411.25,2.8635281217909143,7.3377666,3,411
C1.419.89,2.8627420494833378,6.9391465,4,419
C1.393.34,2.8563129462125434,-14.787362,5,393
C1.393.29,2.855446463026755,-1.5704618,5,393
C1.436.14,2.8526370777832426,-2.5022242,5,436
C1.399.20,2.846625787151694,2.8295038,6,399
C1.429.75,2.8465615911611066,0.44110662,6,429
C1.444.25,2.845943640565776,-14.34929,7,444
C1.436.94,2.8457316103301236,-0.99504524,7,436
C1.393.12,2.844786990254066,-0.01458175,5,393
C1.412.17,2.844497801349767,0.9878738,6,412
C1.429.102,2.8444743154064187,4.387173,6,429
C1.383.187,2.84193897412434,-5.072392,5,383
C1.445.7,2.841515012882413,8.6269245,4,445
C1.442.88,2.8408984350066286,4.564662,6,442
C1.436.100,2.840335442513806,1.5397547,7,436
C1.385.41,2.839490571776245,-7.2119117,6,385
C1.412.54,2.8375161447535695,-11.047515,5,412
C1.442.97,2.836650291470679,5.208562,6,442
C1.442.21,2.8353214104768045,19.548578,6,442
C1.411.27,2.834498883188705,11.186067,3,411
C1.436.13,2.8339551868076565,6.2104406,7,436
C1.393.6,2.8333283764124375,-1.0674417,5,393
C1.393.7,2.8300600781807304,4.9183583,5,393
C1.436.106,2.8298532977954323,1.9449404,7,436
C1.436.119,2.827883870585676,1.3519119,7,436
C1.393.1,2.827594047279461,-3.3437219,5,393
C1.436.77,2.826816363320297,2.175669,7,436
C1.398.132,2.8260471510709326,2.150342,6,398
C1.429.32,2.824127414637996,5.502489,7,429
C1.437.102,2.8239236098982956,-11.600267,6,437
C1.437.6,2.8226878064591863,-9.468368,6,437
C1.412.24,2.8202573777443365,-19.925697,5,412
C1.400.58,2.8202217056675,-13.047406,4,400
C1.439.30,2.819940851179233,7.796742,5,439
C1.449.34,2.818904289977232,3.5547004,6,449
C1.393.79,2.8161325347327124,8.743399,5,393
C1.393.84,2.815916890057514,10.587014,4,393
C1.412.33,2.813765154414965,-14.119626,6,412
C1.419.73,2.81371971617352,-1.565777,4,419
C1.412.150,2.8126837297506806,-14.311293,6,412
C1.435.34,2.8121714347099838,-1.7485024,8,435
C1.413.40,2.811477038875432,7.6216717,3,413
C1.437.31,2.8105889117388787,4.1041327,4,437
C1.435.83,2.810576612275874,-1.9826024,8,435
C1.400.107,2.80936349283274,3.3846185,4,400
C1.414.32,2.8084454421815486,3.3750463,4,414
C1.444.81,2.8069860633371544,10.221813,6,444
C1.436.138,2.806295788521155,-1.7263812,6,436
C1.416.10,2.8038274415688424,-4.578531,4,416
C1.385.43,2.8034720553806407,2.3530748,5,385
C1.437.85,2.802701178852866,-0.23808417,6,437
C1.419.109,2.8008808789992474,-10.866581,5,419
C1.437.87,2.7994807251593326,3.6483657,6,437
C1.442.18,2.7984146295835104,9.295712,6,442
C1.387.86,2.7982823033151347,0.89555013,5,387
C1.419.38,2.7979674365685896,-27.20473,4,419
C1.412.154,2.7964177243199866,-5.712893,6,412
C1.429.109,2.79545946171666,-8.042233,6,429
C1.398.17,2.795164793293244,-4.976608,6,398
C1.398.77,2.7944399289704265,-1.643808,6,398
C1.412.49,2.7942510257333866,4.4054904,6,412
C1.436.124,2.792773639840893,0.3826119,7,436
C1.442.5,2.791976110620419,16.193178,6,442
C1.436.1,2.790332236904295,-2.4660041,5,436
C1.439.19,2.790318817606693,10.479301,5,439
C1.412.104,2.7901558037816527,-5.0798764,6,412
C1.416.131,2.789835782967516,-0.6194307,4,416
C1.385.160,2.7894797324337484,1.8540385,6,385
C1.396.125,2.789472437092512,7.206359,5,396
C1.412.52,2.7889460690483214,-11.496475,5,412
C1.423.32,2.7878591122956533,2.771785,6,423
C1.435.2,2.7860568056635002,-3.3956459,7,435
C1.435.152,2.7846044352425396,-8.16419,8,435
C1.444.39,2.783726616031662,-15.1382475,7,444
C1.429.34,2.777966590611611,-1.7522638,6,429
C1.436.54,2.77623191770787,-3.0593812,6,436
C1.393.35,2.7760125618036215,18.60194,4,393
C1.393.85,2.775311871630326,-9.275486,4,393
C1.436.27,2.773979855392604,9.941069,7,436
C1.435.19,2.77386447256358,18.349598,8,435
C1.413.58,2.7700061149906037,-7.4956617,3,413
C1.437.110,2.769480371318498,-7.206542,4,437
C1.396.79,2.764889582986737,8.241704,4,396
C1.393.18,2.763491678842645,-3.0711617,5,393
C1.437.69,2.7617422114891506,-0.073530175,5,437
C1.439.67,2.761697909122018,-1.2482781,5,439
C1.439.10,2.760400283176446,10.9273815,5,439
C1.393.38,2.7583556005833008,1.5001782,5,393
C1.435.42,2.757547221868505,1.9396864,7,435
C1.403.14,2.7574343552478693,1.3353595,5,403
C1.442.71,2.756690149608788,12.655579,6,442
C1.435.132,2.7546715662529855,-1.5202279,7,435
C1.396.69,2.7537014751501574,6.690499,5,396
C1.396.58,2.752037066263174,-0.16886558,4,396
C1.437.46,2.750313809325603,2.3509247,5,437
C1.399.52,2.7471778519519474,-9.90508,6,399
C1.398.55,2.746112976251111,-8.620424,6,398
C1.437.150,2.7452852338706175,-0.16243416,6,437
C1.435.120,2.743849733722178,5.1244006,7,435
C1.411.52,2.743422931454518,1.1398435,2,411
C1.398.66,2.742009214301085,-7.4371247,6,398
C1.437.131,2.7416107894200814,-10.5545845,6,437
C1.435.130,2.7397003996572664,2.7854102,8,435
C1.423.6,2.7377035985481872,8.222101,6,423
C1.429.66,2.737032123369823,-6.048554,7,429
C1.393.23,2.73585548943197,0.5107182,5,393
C1.435.11,2.7357927844172574,4.0949006,7,435
C1.418.18,2.7341390096264715,27.863243,5,418
C1.393.44,2.7333660531210184,-4.2179418,5,393
C1.412.10,2.732999297767591,-8.101426,6,412
C1.393.15,2.7306960566743217,-6.9965277,4,393
C1.430.112,2.7289803912289465,7.116898,5,430
C1.435.94,2.726693516820739,-5.41419,8,435
C1.393.48,2.7241691888087343,-0.6555357,4,393
C1.436.128,2.7239001235076326,-2.7799644,6,436
C1.398.43,2.722647202094292,-3.1173432,5,398
C1.435.128,2.7220743493639183,-8.751377,8,435
C1.398.136,2.7211593336581417,-6.607303,5,398
C1.418.5,2.719833339252054,0.5903237,5,418
C1.436.47,2.7172431395946632,2.2060547,7,436
C1.436.89,2.7169260880758452,-12.218702,7,436
C1.431.59,2.7167607898443693,9.907844,5,431
C1.389.177,2.7166637184787485,-3.0148034,3,389
C1.437.52,2.7145686798914115,-2.7646008,6,437
C1.393.53,2.712210420924403,0.08283825,5,393
C1.396.34,2.7118167954278243,-20.06629,4,396
C1.437.109,2.7111925859342176,11.118976,5,437
C1.435.129,2.7081776617619915,-5.3779697,6,435
C1.412.136,2.7080237608504762,6.9829736,6,412
C1.391.64,2.707884616300379,0.18987308,4,391
C1.393.3,2.7078775805563358,7.373698,5,393
C1.414.8,2.7064409978269546,1.0839714,4,414
C1.396.150,2.7049471879807654,7.4520187,5,396
C1.418.42,2.703959109108718,43.141968,4,418
C1.411.6,2.7035110168172385,-2.6132333,3,411
C1.411.65,2.702145558031393,6.3982334,3,411
C1.414.82,2.6993715016991344,16.167149,3,414
C1.412.151,2.699269953118534,-7.4100595,6,412
C1.398.68,2.6968586496568134,-17.998459,6,398
C1.449.72,2.696096014204843,3.9912837,6,449
C1.416.30,2.6955869765388134,-6.253781,4,416
C1.416.59,2.6949980354940446,9.884244,4,416
C1.435.139,2.6946979022668938,-3.6886919,7,435
C1.393.39,2.6944520021410647,-13.526536,4,393
C1.430.68,2.694091847185079,7.874738,5,430
C1.430.57,2.6939657555572887,-1.3221017,5,430
C1.442.54,2.693276797173542,8.982762,6,442
C1.435.8,2.691754193094005,-5.3848424,7,435
C1.436.24,2.6868297342292133,-3.638981,6,436
C1.435.105,2.6861027828095,-0.13485645,7,435
C1.436.6,2.681570476960289,3.1094975,7,436
C1.435.108,2.6770512165391622,6.9602804,6,435
C1.396.15,2.673454521308687,-16.851381,5,396
C1.396.57,2.6720175489310956,9.370639,5,396
C1.423.68,2.6693263811138572,-2.437915,6,423
C1.400.24,2.6678475835960365,-5.7494063,4,400
C1.400.108,2.66258304054949,-13.253906,4,400
C1.439.60,2.661595482736066,-0.60309815,5,439
C1.396.27,2.660943794646807,10.778639,5,396
C1.444.152,2.6587320636642566,6.3938866,6,444
C1.436.4,2.6565088608568317,-3.5699024,7,436
C1.442.12,2.656185607077011,5.509729,6,442
C1.436.84,2.6531936994249916,4.8776546,7,436
C1.400.6,2.6528030775497595,1.8588378,3,400
C1.445.143,2.6526543910899396,-8.749746,3,445
C1.413.5,2.651466033430538,-2.845895,3,413
C1.449.83,2.6504711707572572,1.8319504,6,449
C1.418.76,2.6493689348912577,6.6938534,4,418
C1.412.144,2.649261410815732,-2.4013429,6,412
C1.436.135,2.6472788393810567,1.5998416,6,436
C1.385.152,2.6465529478515784,18.108738,6,385
C1.391.37,2.646437249790717,-16.098627,4,391
C1.436.55,2.6453463190732007,-2.3711023,7,436
C1.449.60,2.6449371781927513,2.3905838,6,449
C1.435.90,2.642168892549541,0.5737977,8,435
C1.430.139,2.6416835260958256,2.480168,4,430
C1.437.50,2.64145217550637,-3.1796508,6,437
C1.442.82,2.6410384414561263,18.711113,6,442
C1.436.113,2.6407727040381044,6.720298,7,436
C1.442.101,2.6401549793571166,11.032012,6,442
C1.379.44,2.639705863049447,-18.31572,6,379
C1.398.101,2.6373066350913716,-12.837791,6,398
C1.419.3,2.6359115694908444,2.4345465,4,419
C1.446.7,2.6351788710005493,9.102074,6,446
C1.413.39,2.6347384007200794,-4.524195,3,413
C1.396.133,2.6344781928909495,5.720739,5,396
C1.435.111,2.6334860171375647,-4.4125867,6,435
C1.442.104,2.632814937403207,8.913029,6,442
C1.426.31,2.631898945512188,-3.7192802,6,426
C1.399.23,2.630212230863403,-9.164346,6,399
C1.399.21,2.629610774663377,-12.55318,6,399
C1.439.51,2.6284073017081098,5.9373016,5,439
C1.437.49,2.6263920419917177,-8.309084,6,437
C1.418.26,2.6199262967424275,32.720665,5,418
C1.437.25,2.6186309684135236,-17.170218,6,437
C1.399.22,2.6168009210395717,-0.9622795,6,399
C1.437.86,2.612834186805919,-2.7992153,5,437
C1.435.68,2.6125817497106523,4.0378604,8,435
C1.424.93,2.611655001129015,-11.613281,5,424
C1.413.10,2.6073718883534993,4.8400717,3,413
C1.437.37,2.602864019962595,-17.196081,5,437
C1.393.49,2.601273188399785,7.0076385,5,393
C1.437.80,2.600859621280456,0.18301584,6,437
C1.400.78,2.597986480689585,-9.380582,4,400
C1.436.20,2.5966797284664103,-13.445132,6,436
C1.414.17,2.5966114744908286,10.284246,4,414
C1.436.38,2.5965484136749537,16.569586,6,436
C1.437.70,2.5957776421219676,-0.76660085,6,437
C1.418.25,2.595724045051306,2.0832236,5,418
C1.399.11,2.5941090630612185,3.1966205,6,399
C1.414.10,2.5914343464248026,11.356346,4,414
C1.395.31,2.591356205017058,-12.113839,7,395
C1.437.137,2.5893356570982653,-4.7352843,6,437
C1.412.69,2.589168868458009,2.4924572,6,412
C1.413.47,2.588674743336878,-2.592195,3,413
C1.435.72,2.588458453389319,-18.850477,8,435
C1.435.117,2.5876308286652323,-2.5930278,7,435
C1.396.197,2.5863127089424274,1.1107637,4,396
C1.396.195,2.584520621666494,13.561164,4,396
C1.429.73,2.5830304476661508,-6.4127398,7,429
C1.400.1,2.582375468477283,1.1242186,4,400
C1.379.74,2.5803487925209097,-14.090078,5,379
C1.416.40,2.5778933519928446,5.8808694,4,416
C1.416.127,2.5775020608969155,0.18919429,4,416
C1.385.22,2.5755690544478504,-10.703608,5,385
C1.400.72,2.5743448573252663,-4.780206,4,400
C1.429.90,2.5726331764921633,11.794773,6,429
C1.445.142,2.5700198491428616,6.5030155,4,445
C1.400.104,2.5685283624792463,-10.396107,4,400
C1.437.4,2.5675918614034385,-0.20223416,6,437
C1.446.69,2.567283324293024,0.1740738,6,446
C1.435.67,2.566238961172326,-2.3777897,8,435
C1.436.16,2.561346425356874,-4.692631,7,436
C1.436.73,2.559339262922147,-3.3061595,7,436
C1.435.37,2.5591624763881273,6.643994,7,435
C1.435.66,2.558116582042274,-16.96417,7,435
C1.391.44,2.5561383064223944,2.1994982,4,391
C1.393.36,2.553324617009259,8.1135645,4,393
C1.424.43,2.553084590696794,14.384378,5,424
C1.436.19,2.5529472197887846,-7.557631,6,436
C1.444.98,2.549969580654629,-6.257347,7,444
C1.389.42,2.549736413011086,-13.229736,3,389
C1.436.93,2.5462686119239017,-8.667981,6,436
C1.430.59,2.5455845882297363,6.2244782,5,430
C1.412.5,2.545492627009262,5.635757,6,412
C1.437.78,2.5452680158432894,-19.786467,6,437
C1.449.71,2.5450800285010486,-3.550633,6,449
C1.412.131,2.542064803411591,-14.909769,4,412
C1.449.54,2.5416139551750088,0.32595003,5,449
C1.413.44,2.540939787946241,-17.139362,3,413
C1.435.149,2.540907696963159,5.1226726,8,435
C1.442.28,2.5378254782045233,2.5121121,6,442
C1.437.149,2.537388286119015,-14.86491,5,437
C1.436.147,2.537250960558525,1.6672976,7,436
C1.426.101,2.536804630316157,-4.241497,6,426
C1.419.18,2.5351895907337725,-4.507501,5,419
C1.435.41,2.535087827219052,-6.8143706,7,435
C1.412.114,2.5316268361995964,-2.2515762,6,412
C1.436.33,2.530319730231932,-0.36943096,7,436
C1.436.125,2.529959639026402,-1.9098738,7,436
C1.442.7,2.529681056154818,13.793379,6,442
C1.439.22,2.5287449479091273,16.087801,5,439
C1.385.4,2.526828410504609,-9.0790615,6,385
C1.442.65,2.526111998331372,14.155545,6,442
C1.412.77,2.5259375345598136,-8.927235,5,412
C1.414.33,2.5254491640588514,15.175171,4,414
C1.400.110,2.5252106088189956,-19.399382,4,400
C1.395.43,2.5252034832382457,8.11909,6,395
C1.444.75,2.524314740379622,-4.9773474,7,444
C1.436.67,2.5229293434135474,-1.0957167,7,436
C1.444.117,2.5209622127546965,-8.045319,7,444
C1.413.25,2.520632200799772,13.727105,3,413
C1.416.128,2.52012218656462,7.7155943,4,416
C1.437.42,2.519335223961294,2.790366,6,437
C1.416.34,2.5192520026976886,6.449694,4,416
C1.442.102,2.5178576405494604,3.8187954,6,442
C1.435.25,2.5151792116842384,2.2022727,8,435
C1.436.80,2.514967729938958,1.7979188,6,436
C1.437.114,2.5147869253209625,-3.8983045,5,437
C1.427.104,2.5135189615737104,7.890066,5,427
C1.413.45,2.5125963673536655,-1.4382617,3,413
C1.398.111,2.5119417750038657,-6.6622915,6,398
C1.437.29,2.5059030880907485,-14.901351,6,437
C1.442.38,2.5054660371390507,4.285062,6,442
C1.426.65,2.502890580387734,17.971186,6,426
C1.414.68,2.498958973667111,14.126196,4,414
C1.442.63,2.4950849420970624,19.137552,5,442
C1.436.71,2.4931841229221834,-4.0661883,7,436
C1.444.77,2.4893064945548202,2.760867,7,444
C1.435.145,2.488188114669618,-2.3614523,8,435
C1.396.116,2.4873451539871074,4.177919,5,396
C1.400.74,2.486830826072906,-23.76538,4,400
C1.418.53,2.485473468340239,17.398045,5,418
C1.393.69,2.4852146145243457,-2.8541818,5,393
C1.411.23,2.4825089941100065,1.022481,2,411
C1.389.168,2.4819146928073734,22.151264,3,389
C1.444.10,2.4800898410583194,4.21931,7,444
C1.435.142,2.479869385062883,17.623972,7,435
C1.430.133,2.477975754604292,12.109239,5,430
C1.419.39,2.4758136336660885,-13.663181,5,419
C1.398.63,2.475180085254973,0.898342,6,398
C1.396.30,2.47353866248805,0.44591895,5,396
C1.436.57,2.473452004408106,-2.267531,7,436
C1.435.4,2.4719996639005077,-10.241583,6,435
C1.442.81,2.4719456460155222,13.012562,6,442
C1.439.44,2.470634341183834,3.057802,5,439
C1.398.76,2.4699601907699122,-14.305291,6,398
C1.414.14,2.469358221457187,12.431521,4,414
C1.437.16,2.46767845597686,-13.898634,6,437
C1.393.80,2.467401261883411,-1.6721107,4,393
C1.436.139,2.4651199988604953,1.3538833,7,436
C1.442.94,2.4646489509850285,19.163912,6,442
C1.436.10,2.461426246475915,-0.053766746,6,436
C1.444.50,2.460445300226467,-6.220019,7,444
C1.446.47,2.4592035674194994,1.4864738,6,446
C1.398.74,2.457936110928469,-1.7127807,5,398
C1.437.10,2.457842653718776,-1.5531675,6,437
C1.449.62,2.45681442312883,20.925034,6,449
C1.444.86,2.456121212488527,-4.6676474,7,444
C1.412.1,2.453757126130107,-10.925799,3,412
C1.412.101,2.4531543322782956,1.8575737,6,412
C1.436.140,2.4522343709646757,3.9367023,6,436
C1.412.63,2.451148889757133,-9.238375,5,412
C1.446.23,2.450982757454468,9.661907,6,446
C1.430.111,2.4506657458389483,-3.601307,4,430
C1.435.28,2.447981904034692,4.130435,8,435
C1.398.53,2.447962072221734,-0.9688747,6,398
C1.444.17,2.446434826189789,-13.23329,7,444
C1.412.141,2.4380114116336595,-17.312943,6,412
C1.396.112,2.4372070258825214,2.902699,5,396
C1.412.134,2.4370216216939036,-6.693326,6,412
C1.395.44,2.436540363098094,-6.169039,7,395
C1.412.88,2.4363570000533303,-19.363276,5,412
C1.393.10,2.4358792136337954,-7.8200417,5,393
C1.419.119,2.4356671231146634,-0.8644286,4,419
C1.436.45,2.435310869348833,10.591969,6,436
C1.389.209,2.434806415561242,2.1703634,3,389
C1.414.79,2.434326082037295,-3.6028037,4,414
C1.412.92,2.433641344018055,-1.2519748,5,412
C1.393.37,2.432974574161437,-0.41500175,5,393
C1.430.48,2.4306841124966794,-4.994702,5,430
C1.437.13,2.430647366853751,-6.0639176,6,437
C1.411.69,2.429937923119749,-2.1520333,3,411
C1.411.63,2.429937923119749,4.7921667,3,411
C1.439.55,2.4297800719261713,13.485601,5,439
C1.412.128,2.428410694778498,-4.373727,5,412
C1.444.44,2.4284008214568042,2.9834423,6,444
C1.444.43,2.4275469061543773,-1.9362472,7,444
C1.390.133,2.4271498747421196,10.496276,3,390
C1.393.51,2.4236910831376526,-5.0306616,5,393
C1.431.50,2.4227871189298393,14.859163,5,431
C1.436.114,2.42080117597702,7.338212,7,436
C1.435.146,2.420367410363595,9.771064,6,435
C1.413.2,2.418834320933174,-0.37402844,3,413
C1.412.43,2.416897246330214,-11.258976,6,412
C1.383.19,2.414107327939091,9.33143,6,383
C1.398.82,2.4131643154114713,-4.5042915,6,398
C1.442.53,2.4114877639598116,8.064129,6,442
C1.435.12,2.4107854679996494,-0.277785,7,435
C1.436.35,2.408949309942008,6.0157547,7,436
C1.411.10,2.408285799589643,0.64583325,3,411
C1.444.47,2.408273373004489,0.4139134,6,444
C1.435.60,2.407616615351631,-4.3489423,7,435
C1.403.27,2.404563764351284,3.4614995,5,403
C1.385.31,2.403751350512971,-7.7508116,6,385
C1.413.57,2.403497205204926,-15.954441,2,413
C1.436.58,2.4017449344026764,-0.8248167,7,436
C1.395.38,2.401344712304352,6.342424,6,395
C1.379.55,2.3992850664651795,-6.0245256,4,379
C1.416.73,2.399118483809537,3.0887194,4,416
C1.416.96,2.3976126080071567,0.70306927,4,416
C1.385.101,2.3972520916342095,11.577422,6,385
C1.437.139,2.393785530046705,-4.4116173,6,437
C1.398.133,2.393049153026107,-4.7026215,5,398
C1.437.1,2.392171078242748,1.7291825,6,437
C1.437.73,2.3910431695880887,3.6342492,6,437
C1.442.60,2.389529480313723,6.084079,6,442
C1.436.62,2.3891951995119984,3.7520833,7,436
C1.393.57,2.3891479335462447,-5.904062,5,393
C1.390.129,2.3887267312235716,8.906376,3,390
C1.399.60,2.388221944172923,-7.8463793,6,399
C1.379.5,2.3878854698979746,-20.392902,4,379
C1.426.72,2.3873874938497193,-18.223516,5,426
C1.437.81,2.386668857104616,-13.803651,5,437
C1.412.47,2.3841552609144316,-23.096092,6,412
C1.411.75,2.3835572040655486,-6.353919,2,411
C1.411.87,2.3835572040655486,-7.209,3,411
C1.411.95,2.3835572040655486,5.9642,3,411
C1.411.97,2.3835572040655486,1.5586666,3,411
C1.411.94,2.3835572040655486,-7.695169,2,411
C1.411.47,2.3835572040655486,-6.2355666,3,411
C1.411.110,2.3835572040655486,-2.067019,2,411
C1.411.68,2.3835572040655486,19.146381,2,411
C1.411.81,2.3835572040655486,6.4185,3,411
C1.435.92,2.3831919870493983,0.13907212,7,435
C1.442.84,2.3819036732917893,13.031778,6,442
C1.379.37,2.3811491113871255,-7.6696386,5,379
C1.393.87,2.3802205763397724,-0.4457357,4,393
C1.396.83,2.3797602173806616,11.091619,5,396
C1.400.80,2.378974889248235,6.3484435,4,400
C1.393.70,2.3770522543919195,-3.7889347,4,393
C1.400.43,2.37577984481753,-22.112856,4,400
C1.439.24,2.375234851519122,6.1163816,5,439
C1.429.91,2.3742242585018274,-8.856997,7,429
C1.379.3,2.373513099047686,-6.449603,6,379
C1.449.57,2.3725467996256193,2.314217,6,449
C1.436.51,2.372433226169528,4.1773405,7,436
C1.437.71,2.3723758986035546,-6.6831107,5,437
C1.437.113,2.3718991972251096,-7.3779173,6,437
C1.432.3,2.3716277287357355,-2.104729,5,432
C1.416.72,2.3706357739205823,4.8256445,4,416
C1.430.4,2.368990240455511,-2.9286618,5,430
C1.449.28,2.368411863472789,14.99195,6,449
C1.396.2,2.367568771808442,17.1974,5,396
C1.436.75,2.3664429613117117,-3.8224452,7,436
C1.393.8,2.3657913614171098,0.68331826,5,393
C1.396.196,2.3651412649293504,9.284239,4,396
C1.437.132,2.3650127936606493,-11.4357,6,437
C1.444.114,2.3643402314290056,-0.20200436,7,444
C1.393.52,2.361338560941451,-15.557002,5,393
C1.444.136,2.359749506479204,-21.909233,7,444
C1.412.56,2.3581767732576178,-2.452535,5,412
C1.442.31,2.357492413458592,3.727562,6,442
C1.430.70,2.3561220162919203,15.990758,5,430
C1.391.11,2.3537611791155215,-4.963277,4,391
C1.429.31,2.353305485618908,-28.233862,4,429
C1.393.82,2.35258109415656,-6.1806417,5,393
C1.430.26,2.3516298916722893,-11.706801,5,430
C1.393.60,2.350656143428186,-2.7476017,5,393
C1.449.81,2.3503213257843147,-4.1891,6,449
C1.389.18,2.350047702809204,15.48613,3,389
C1.431.39,2.3493899218250243,2.4829113,4,431
C1.411.104,2.343343868119382,-16.5467,3,411
C1.413.22,2.3408043465612702,-4.578662,3,413
C1.383.171,2.3404530549905234,-11.032201,4,383
C1.416.29,2.3390052757390873,0.8520193,4,416
C1.385.69,2.337973341322808,4.5107384,6,385
C1.435.45,2.3373359389873514,-11.533899,7,435
C1.437.23,2.3369184268304837,-1.6208842,6,437
C1.445.165,2.3367816428240844,-10.727375,4,445
C1.395.14,2.335145948263022,-6.7687597,6,395
C1.442.78,2.3344250263567283,26.494312,6,442
C1.449.68,2.334408311292417,4.283367,6,449
C1.396.120,2.3333585019489678,6.6331787,5,396
C1.437.123,2.333344225294533,-4.940934,6,437
C1.439.49,2.3322558355398733,16.900782,5,439
C1.436.34,2.3310427323188425,-5.081831,7,436
C1.435.144,2.3307010257186267,-3.1966918,7,435
C1.442.90,2.328010797576558,18.002163,6,442
C1.416.152,2.32712130268064,11.810169,4,416
C1.403.20,2.3263126111129147,-2.3441205,5,403
C1.412.127,2.32570916918135,-8.806294,5,412
C1.396.106,2.3215473523323458,13.826399,5,396
C1.412.64,2.321204596567838,-6.3123293,4,412
C1.442.93,2.3183293069587685,21.952812,6,442
C1.393.75,2.3169078165979324,-1.9619018,5,393
C1.412.96,2.316488225998524,-1.0491762,6,412
C1.442.19,2.3163676343367707,23.457829,6,442
C1.403.32,2.3161808199465157,-0.46144056,5,403
C1.389.30,2.3147358579661597,2.6927633,3,389
C1.400.99,2.3135327814649114,-10.679156,4,400
C1.436.5,2.3132917348064623,-4.0883145,6,436
C1.419.104,2.3126898087589116,7.582059,5,419
C1.398.81,2.312593837744566,-6.5800915,6,398
C1.398.41,2.311300385482877,22.32886,6,398
C1.393.42,2.310558097133082,-13.5777855,4,393
C1.413.72,2.3089716943430427,-10.178995,3,413
C1.398.138,2.308937180898789,-0.17099135,6,398
C1.393.56,2.308637577050756,-8.577561,5,393
C1.442.66,2.3073934909537983,11.619979,6,442
C1.444.139,2.3047169219713246,1.3050243,7,444
C1.424.14,2.30434584657273,9.1175585,5,424
C1.393.4,2.3042110692702287,2.4030583,5,393
C1.396.115,2.302768453779144,7.340059,5,396
C1.416.58,2.3015501455360434,0.1142193,4,416
C1.435.101,2.3015068362814235,7.388323,8,435
C1.444.143,2.2982341456885385,-0.8793329,7,444
C1.396.90,2.297266925198804,7.2390513,4,396
C1.429.3,2.2971119373252713,1.3587654,5,429
C1.437.104,2.297068920693878,-2.3015342,6,437
C1.416.27,2.2938508070812116,0.9716193,4,416
C1.416.100,2.2935449134829997,0.7190443,4,416
C1.389.150,2.2922673008634535,17.339697,3,389
C1.437.146,2.292097966861348,-7.2561355,5,437
C1.396.4,2.2909187607707024,9.112652,4,396
C1.393.24,2.2898236792011804,-10.413211,4,393
C1.393.5,2.2886022094967253,-1.8334107,4,393
C1.442.33,2.286409946487638,18.567928,6,442
C1.436.65,2.2857220251079706,-0.2782881,7,436
C1.436.40,2.285559584481882,-4.3684883,7,436
C1.413.6,2.285391921766428,24.196505,3,413
C1.439.73,2.2832901212256194,12.395582,5,439
C1.393.83,2.281291179857566,0.17985825,5,393
C1.426.84,2.280910049108123,-2.947897,6,426
C1.437.133,2.280325347752202,-8.305701,6,437
C1.416.159,2.2794403276967703,2.6363194,4,416
C1.414.62,2.2794121181836373,3.3574963,4,414
C1.432.97,2.2790069604675174,7.485936,3,432
C1.437.36,2.2766011337971954,-8.251568,6,437
C1.436.30,2.2765465593966687,4.964569,7,436
C1.413.31,2.274795777118871,9.235704,3,413
C1.416.48,2.274511922891556,7.6916943,4,416
C1.412.110,2.2739255900713116,-15.495509,6,412
C1.431.6,2.2688901526162684,-12.823437,5,431
C1.412.30,2.2684287534244896,-7.020843,6,412
C1.414.16,2.2682886337062302,17.326916,3,414
C1.403.93,2.2668161084920326,13.760659,5,403
C1.442.51,2.2660706536271813,26.905346,6,442
C1.435.85,2.265419705785259,-1.4890648,8,435
C1.426.25,2.2641416069496305,23.456087,6,426
C1.439.39,2.263950587297965,9.892762,5,439
C1.412.21,2.2636334893150285,-8.004776,6,412
C1.396.16,2.263285205865016,5.321499,5,396
C1.445.71,2.262595546643968,-10.772694,5,445
C1.449.31,2.2621276007718127,-4.2030997,6,449
C1.396.7,2.25945360174572,-5.896561,5,396
C1.412.67,2.2593658141758692,-4.222435,5,412
C1.436.136,2.25823629393615,-5.3920736,7,436
C1.416.136,2.257840457358381,-7.8377557,4,416
C1.427.89,2.2548027828546324,-21.931654,5,427
C1.412.109,2.252212590456287,-3.2090595,6,412
C1.435.32,2.2490829691160448,6.409272,7,435
C1.416.76,2.2474080118596396,0.5065693,4,416
C1.442.95,2.2473028888339024,21.24828,6,442
C1.442.103,2.244742226997847,4.7689285,6,442
C1.435.147,2.2433702273253466,-4.1972136,7,435
C1.385.19,2.2406492407061647,-3.1566448,6,385
C1.383.199,2.24030186511658,-1.7537032,6,383
C1.393.78,2.2391501717217985,-0.7192218,5,393
C1.442.80,2.237456435205433,14.191396,6,442
C1.436.132,2.236131448338635,4.088419,6,436
C1.412.98,2.2348662210684433,-4.5658097,6,412
C1.437.127,2.2347831676742778,-12.327001,6,437
C1.436.102,2.2340366779551486,0.047940467,7,436
C1.412.86,2.2332879354240673,3.2171452,5,412
C1.396.182,2.233263313628843,8.267059,5,396
C1.400.55,2.232005448413504,-3.1146955,3,400
C1.442.20,2.231360179315042,4.4941745,5,442
C1.419.42,2.230825571132431,-0.5718786,4,419
C1.429.37,2.2300010209555525,-11.963417,6,429
C1.442.83,2.2296854150542944,13.149912,6,442
C1.449.56,2.2282255190733067,14.561517,6,449
C1.396.68,2.226330922186741,7.322659,5,396
C1.416.111,2.2258787926900485,8.331719,4,416
C1.414.55,2.225614378587782,10.5841465,4,414
C1.400.97,2.2239531014116456,-2.7627814,4,400
C1.435.141,2.221064860304754,7.003437,7,435
C1.446.46,2.221062641536612,-0.004292859,6,446
C1.418.73,2.220148800439557,30.136404,4,418
C1.400.52,2.2195336842309836,-9.953695,3,400
C1.396.176,2.217022622853607,3.373759,5,396
C1.416.32,2.216778174237261,-0.21993071,4,416
C1.436.95,2.2163460691847328,-5.1118593,7,436
C1.435.40,2.2153270613037535,-9.8986025,8,435
C1.436.46,2.214748624534759,-6.422328,6,436
C1.435.87,2.2147374953815966,-2.8996422,7,435
C1.416.24,2.211837247717495,11.331844,4,416
C1.400.91,2.2109288463262353,-11.996229,3,400
C1.442.91,2.210823274770782,17.029585,5,442
C1.436.107,2.2107314906855637,7.6774974,7,436
C1.427.96,2.2104795865340376,-2.8345735,5,427
C1.442.48,2.208447992384182,6.304062,6,442
C1.426.60,2.2035750615905805,-3.9524107,5,426
C1.437.153,2.2023293751205397,-15.780634,6,437
C1.436.118,2.201959509393455,-3.3439085,6,436
C1.412.70,2.2016082800070618,-8.41111,6,412
C1.429.70,2.200632682474606,-12.535475,5,429
C1.436.145,2.200615749160916,-3.9542596,7,436
C1.396.77,2.2005589638523615,0.5977044,4,396
C1.429.86,2.1995947062990284,-1.0438434,6,429
C1.449.85,2.197805719483678,3.7788503,6,449
C1.436.72,2.1966199172066667,1.5271976,7,436
C1.442.68,2.1920270943428872,17.157661,6,442
C1.442.24,2.191755540546826,13.886828,6,442
C1.445.13,2.1890269961960915,16.318075,4,445
C1.437.130,2.18876031340809,-20.162876,5,437
C1.396.74,2.188738605343325,8.150639,5,396
C1.393.33,2.183226885370853,3.8459642,4,393
C1.398.118,2.181526851803231,-11.354158,6,398
C1.399.16,2.1811711214969365,-6.8885627,6,399
C1.387.87,2.180522571627775,3.5723102,5,387
C1.396.111,2.1803761199608735,6.145799,5,396
C1.435.134,2.1801223923822475,0.4849102,8,435
C1.444.92,2.1797547629411382,-10.248176,7,444
C1.398.65,2.1788611261575097,-9.144642,5,398
C1.436.149,2.178757953139229,-12.306703,7,436
C1.400.95,2.1740358392350534,-3.4793065,4,400
C1.436.78,2.161470731786686,1.9700404,7,436
C1.437.39,2.1603575157998516,-5.242134,6,437
C1.389.223,2.160352588321649,8.998863,3,389
C1.429.60,2.1595115491359222,-2.0973017,5,429
C1.395.28,2.1588918230942853,-10.799186,5,395
C1.396.10,2.154917061117286,3.6908789,5,396
C1.393.19,2.1521530966270483,7.453089,4,393
C1.395.2,2.1517845798674924,-3.404396,7,395
C1.396.131,2.1488803303093236,7.426119,5,396
C1.442.40,2.1476937570902366,-1.4640379,6,442
C1.416.84,2.147196364146626,4.4165444,4,416
C1.442.79,2.1471471169043785,-1.114038,6,442
C1.383.27,2.1462474853055933,8.876014,6,383
C1.442.105,2.144856049981754,7.3801956,6,442
C1.412.80,2.1446811662852325,-10.088626,6,412
C1.437.88,2.141396847320178,-0.2756675,6,437
C1.445.98,2.1409874180672617,-24.796152,3,445
C1.399.53,2.1397684549168186,-6.7738795,6,399
C1.399.25,2.1369811842740103,-5.2093296,6,399
C1.389.180,2.1341170475296583,1.98443,3,389
C1.426.64,2.134086140489829,-1.0139803,6,426
C1.399.13,2.131079703884447,-19.701763,6,399
C1.400.18,2.1304784200259532,-8.859706,4,400
C1.442.59,2.1302902440782447,-11.775146,5,442
C1.416.21,2.1302637952092476,2.6917193,4,416
C1.430.52,2.129408119817071,2.9157982,5,430
C1.428.138,2.1285530473000267,4.9477806,6,428
C1.393.81,2.1276647085418534,2.8001182,5,393
C1.435.116,2.1271096018147446,3.1818006,7,435
C1.396.23,2.12698995281849,-3.414581,5,396
C1.403.88,2.1267123491669455,-4.2973404,5,403
C1.442.113,2.125450458308029,2.2127788,6,442
C1.437.17,2.1254472187129414,-8.093667,6,437
C1.396.127,2.1249900050778447,8.396799,5,396
C1.437.83,2.124315890741481,10.940449,6,437
C1.413.24,2.1238428915186023,6.591038,3,413
C1.382.79,2.122937153573449,-0.7163514,5,382
C1.442.89,2.1226985886034124,24.95893,6,442
C1.379.34,2.1206013545324556,-6.6402364,6,379
C1.437.105,2.1199448323290073,-4.828924,5,437
C1.437.51,2.119668747860922,-9.674401,6,437
C1.436.36,2.119461961789135,8.494184,7,436
C1.435.48,2.1161369375100154,-0.5222279,7,435
C1.431.52,2.1151405643911154,-8.030765,4,431
C1.437.135,2.1145947674930716,2.3756993,6,437
C1.393.50,2.112645186380646,-5.017462,5,393
C1.427.15,2.112145549832817,-15.991054,5,427
C1.414.77,2.111362978697605,11.364496,4,414
C1.396.92,2.109923619834975,6.7476587,5,396
C1.442.49,2.1096823874153157,-5.7759213,6,442
C1.412.40,2.1093128012179183,-3.3093596,6,412
C1.426.11,2.1087551843524315,11.958212,5,426
C1.437.101,2.1049123443492967,-4.810675,5,437
C1.439.63,2.102883805544011,17.990683,5,439
C1.416.162,2.1023903558282813,10.825319,3,416
C1.424.71,2.101678045740557,-16.482504,4,424
C1.444.145,2.100444084524754,19.616024,7,444
C1.416.26,2.0999460929030973,1.0332943,4,416
C1.442.32,2.0985493513815556,4.6401286,6,442
C1.437.103,2.0973116050192866,-5.000234,6,437
C1.412.82,2.0941483022000518,-0.109009534,6,412
C1.398.129,2.092289174770962,4.657142,6,398
C1.435.3,2.0919368017537803,-0.048548896,7,435
C1.444.64,2.090161294690729,11.704481,7,444
C1.445.147,2.090138655889031,2.4822743,3,445
C1.389.189,2.088011405121488,0.9214966,3,389
C1.393.27,2.0879712701364697,-6.208482,5,393
C1.436.111,2.0868991458201416,6.1824403,7,436
C1.419.101,2.0853609996797036,4.485423,4,419
C1.444.28,2.0847788252864485,-0.08473913,5,444
C1.389.24,2.084609511574575,-2.1515367,3,389
C1.418.14,2.083748059612357,11.375944,5,418
C1.424.147,2.083503690984829,-13.785682,5,424
C1.439.88,2.0820198222926813,3.0471418,5,439
C1.445.88,2.0807088177256365,-16.489025,4,445
C1.414.4,2.079971995372358,25.293783,3,414
C1.437.121,2.0795062355857743,-9.0661955,5,437
C1.429.81,2.0785715170601518,-4.4151683,7,429
C1.432.146,2.0782414868028574,4.462991,5,432
C1.398.42,2.076614429737231,4.699325,6,398
C1.435.125,2.0760357418469964,-6.675071,7,435
C1.432.126,2.075572162951077,10.213987,4,432
C1.389.175,2.0741501103024644,9.41033,3,389
C1.442.35,2.0730384625922214,13.222212,6,442
C1.390.83,2.0726564721871465,2.7839756,3,390
C1.396.25,2.071972228047354,-5.1944013,5,396
C1.437.32,2.071918820972137,-8.16493,5,437
C1.396.29,2.0707546914821116,-0.61796105,5,396
C1.396.39,2.0705728416931515,-8.561181,5,396
C1.437.68,2.0705520040041665,-3.2306845,5,437
C1.436.11,2.0693241518885275,-16.885689,7,436
C1.436.101,2.0666999258137984,-0.16583095,7,436
C1.399.24,2.0666130109362437,0.14407049,6,399
C1.432.73,2.066441809914107,-2.1865888,5,432
C1.437.9,2.0651957935938694,-20.620844,5,437
C1.398.112,2.065089883068364,-14.439825,6,398
C1.416.55,2.0649744269176367,18.505394,4,416
C1.398.38,2.0646476736246933,-0.7112247,6,398
C1.383.180,2.063599828951215,4.50918,6,383
C1.383.158,2.060690379227218,9.468913,6,383
C1.419.117,2.0602893759843366,1.959639,5,419
C1.390.52,2.056801006763524,17.189442,3,390
C1.437.76,2.054189936920981,-9.636684,6,437
C1.444.123,2.051762290806665,-5.828633,7,444
C1.430.50,2.050202074454328,5.883818,5,430
C1.439.23,2.0489465894364742,15.715422,5,439
C1.437.60,2.0477249200583656,-10.861518,6,437
C1.446.13,2.04561041457835,-8.427342,6,446
C1.399.30,2.044475942467456,-13.308279,6,399
C1.413.38,2.04441281434733,7.5404716,3,413
C1.392.4,2.0442828272070694,-23.995872,4,392
C1.444.30,2.0436620926584435,-12.176447,6,444
C1.442.72,2.0423109727158466,3.723162,6,442
C1.390.107,2.041594093791005,0.18184233,3,390
C1.442.57,2.0402696207014936,2.609812,6,442
C1.426.26,2.035901718361505,12.603336,6,426
C1.444.46,2.035856377390529,-13.715863,6,444
C1.445.65,2.0327100810637755,-10.143531,4,445
C1.419.82,2.0313056065661503,8.350879,5,419
C1.416.38,2.0310137656883525,11.387569,4,416
C1.413.8,2.0301612186581512,-13.712895,3,413
C1.439.6,2.0280358944111074,6.825542,5,439
C1.435.30,2.0265196316953444,2.3244727,8,435
C1.396.81,2.0242183975170813,11.0712185,5,396
C1.416.106,2.0237863386855044,-0.9143307,4,416
C1.437.95,2.022768879468105,-7.702784,6,437
C1.435.79,2.0200709994981016,-4.91704,8,435
C1.442.39,2.018175172008472,8.408579,6,442
C1.389.90,2.0174593183416283,-0.42233667,3,389
C1.396.91,2.014746428210235,1.209019,5,396
C1.444.112,2.013701544750518,-9.183604,7,444
C1.439.4,2.013522639364433,11.892082,5,439
C1.445.146,2.012065393604424,-0.8504594,4,445
C1.444.19,2.011458918446803,-5.004347,6,444
C1.449.30,2.010527424645329,13.040033,6,449
C1.436.28,2.007826103096923,2.0575833,7,436
C1.429.80,2.0074510915118515,-10.237734,6,429
C1.442.111,2.005512835849269,12.811012,6,442
C1.412.83,2.0051024997143956,3.103474,6,412
C1.439.9,2.0019590378147885,2.719682,5,439
C1.393.31,2.0011586798372254,2.6993582,5,393
C1.412.97,1.998771889655097,-8.15951,6,412
C1.439.37,1.9931631131548129,-1.7951381,5,439
C1.436.32,1.9911770498596602,-3.274731,7,436
C1.389.211,1.9910842433937692,7.6671634,3,389
C1.426.41,1.9899817298585163,2.074912,5,426
C1.398.64,1.9877604878929562,10.092742,6,398
C1.437.14,1.985907719113791,0.19581583,6,437
C1.439.28,1.9852204494062387,11.475162,5,439
C1.413.62,1.98512787077346,7.102605,3,413
C1.412.106,1.9839736685092053,-13.49496,6,412
C1.444.106,1.9824076909674326,11.85417,6,444
C1.444.48,1.9820170333276963,-7.8748617,7,444
C1.442.26,1.9796250976143484,17.436628,6,442
C1.435.55,1.9794214186978347,8.185579,7,435
C1.436.74,1.9775276522408662,0.5905548,7,436
C1.437.63,1.9771570826798757,0.2629825,6,437
C1.416.132,1.9765138678629885,11.409069,4,416
C1.437.56,1.975627061604991,-11.973184,4,437
C1.396.76,1.9745739429453633,-2.139501,5,396
C1.449.76,1.974346928835555,8.96485,6,449
C1.414.54,1.9738281555746735,4.971714,3,414
C1.437.140,1.9735297934577456,-2.1270175,6,437
C1.383.112,1.9715650131249147,16.76488,6,383
C1.398.79,1.9698898237040987,7.0897417,5,398
C1.435.127,1.9698741279469847,-5.1635566,7,435
C1.437.44,1.9686832656739124,-3.2961645,5,437
C1.398.33,1.9678747728537085,5.9224086,6,398
C1.432.92,1.9662244305739562,3.1586711,5,432
C1.446.2,1.9658307166384044,-13.342176,6,446
C1.437.94,1.9653538457899875,-10.679184,5,437
C1.398.3,1.9632037035319094,-5.140565,4,398
C1.416.158,1.9616307382284102,-2.3875318,3,416
C1.396.188,1.9611017597049922,10.6979265,4,396
C1.446.1,1.9610308705399315,-2.5496926,5,446
C1.396.87,1.9607190150889273,5.175399,5,396
C1.396.187,1.9604939733858735,18.040117,3,396
C1.424.61,1.9567116801613904,18.489174,4,424
C1.449.53,1.9566330305739996,1.8006135,5,449
C1.435.13,1.9563387673198942,2.2102602,8,435
C1.426.23,1.9555444588804367,0.35101974,6,426
C1.400.48,1.9546146540063403,-25.961182,4,400
C1.396.56,1.9544257237542222,15.266809,4,396
C1.435.39,1.9530485874355061,-14.970671,7,435
C1.436.92,1.9525661054644428,-4.0941167,7,436
C1.414.25,1.9517712607485527,22.302473,2,414
C1.396.40,1.949176116543735,3.076859,5,396
C1.435.102,1.947081083501718,-5.631042,7,435
C1.412.148,1.9461269610416656,-5.7024946,5,412
C1.445.80,1.9450187319093668,1.4382461,5,445
C1.395.22,1.9449907188303392,1.8386897,7,395
C1.396.45,1.9443890333125087,12.100899,5,396
C1.416.167,1.9437957420812315,-12.045957,2,416
C1.390.27,1.9435287798046683,13.438175,3,390
C1.398.28,1.9430737282786217,7.013792,6,398
C1.413.13,1.94206790997211,9.871672,3,413
C1.412.34,1.9419020652579382,-11.967926,6,412
C1.412.102,1.9414142650347823,1.5776238,6,412
C1.432.106,1.9410247952459188,-0.6615688,5,432
C1.399.3,1.9409289444475777,-4.738596,6,399
C1.437.97,1.9386073882116894,-2.2614675,6,437
C1.435.24,1.9377269487100601,8.336073,8,435
C1.412.68,1.9369847475681785,-6.402175,5,412
C1.396.117,1.93688610978106,2.2648294,4,396
C1.383.91,1.9362028717378659,5.7603135,6,383
C1.389.88,1.9330319128599707,12.531997,3,389
C1.390.119,1.931840912671584,11.892642,3,390
C1.445.5,1.9273179315055742,11.472693,4,445
C1.416.53,1.9262476012015706,8.578394,4,416
C1.414.9,1.9256608027558892,21.111822,4,414
C1.442.100,1.9226521523060318,12.835762,6,442
C1.400.92,1.9215208203873717,-5.6868286,3,400
C1.396.19,1.9177707231314447,5.890859,5,396
C1.413.11,1.9171905620428638,14.401072,3,413
C1.436.88,1.9170447343634935,0.54998547,6,436
C1.399.50,1.911837995883422,-4.862013,6,399
C1.430.65,1.9116257878051501,9.234198,4,430
C1.396.37,1.9114854356169355,-1.2322235,4,396
C1.446.11,1.9112889909301167,16.374357,6,446
C1.398.107,1.9110362272769017,-13.702042,6,398
C1.446.5,1.910898777111892,5.1832404,6,446
C1.400.38,1.9082391136524548,-22.752707,4,400
C1.383.197,1.9080101192328895,-0.13100319,6,383
C1.427.31,1.9078233699128437,-5.6226435,4,427
C1.442.4,1.9065077594871112,5.0247746,5,442
C1.393.32,1.9055719326721061,1.6035383,5,393
C1.413.66,1.9048902170445918,-8.987228,3,413
C1.416.28,1.904617739663559,1.3928016,3,416
C1.414.81,1.9034354708374177,5.305328,3,414
C1.444.55,1.9032139682631442,-17.641018,7,444
C1.437.28,1.902595382228952,3.948516,6,437
C1.385.53,1.9004768362956612,-3.6829948,6,385
C1.432.177,1.8990004235006859,1.1361911,5,432
C1.419.68,1.898284443600659,-0.12588105,5,419
C1.432.44,1.8975891094556958,0.98755115,5,432
C1.446.17,1.8970156052284748,8.434624,6,446
C1.418.45,1.896917331134561,16.968264,5,418
C1.414.69,1.8964326808788383,8.706171,4,414
C1.449.22,1.895319739309526,0.32136708,6,449
C1.426.35,1.893156992447768,15.089352,5,426
C1.398.98,1.891765281804741,6.626042,6,398
C1.439.80,1.8916250450495846,-1.1794181,5,439
C1.396.103,1.891001209528827,8.967959,5,396
C1.446.59,1.8902401381694445,4.2459574,6,446
C1.416.46,1.8899039539238685,-3.9378557,4,416
C1.403.63,1.8879387825615337,-6.1769805,5,403
C1.435.21,1.8861103376307147,-4.006885,7,435
C1.436.130,1.885882191617544,1.563769,7,436
C1.396.198,1.8846583459951758,13.901789,4,396
C1.419.53,1.8845572334271832,0.79797894,5,419
C1.418.80,1.8833488150363895,12.653864,5,418
C1.389.199,1.8828413770390708,-18.19727,3,389
C1.395.1,1.8805476243532595,3.2629325,7,395
C1.444.88,1.8789893321696913,-3.334947,7,444
C1.439.13,1.8778160535912796,2.947882,5,439
C1.446.24,1.8769220115050238,3.117757,6,446
C1.414.51,1.8764443765147074,18.254097,4,414
C1.412.71,1.8762346848459024,-3.3765595,6,412
C1.418.3,1.8739996753823986,15.687444,5,418
C1.399.12,1.8739737995058743,2.2373612,5,399
C1.398.135,1.873455145300027,11.270092,6,398
C1.429.57,1.8732857468125614,-7.001425,6,429
C1.449.7,1.8722053666074343,-6.7555995,6,449
C1.416.113,1.8690487875995176,7.748719,4,416
C1.389.142,1.868497755134478,9.510963,3,389
C1.391.49,1.8668801537996005,9.800199,4,391
C1.385.111,1.8631971012855162,14.107139,6,385
C1.446.19,1.8625041895616827,2.338024,6,446
C1.439.77,1.8615206440575696,9.690582,5,439
C1.385.21,1.8614541828421547,-15.338179,6,385
C1.416.149,1.8600483673549877,-4.518706,4,416
C1.416.82,1.858181899784077,4.496394,4,416
C1.446.21,1.8580522858929316,6.1340237,6,446
C1.444.13,1.8565881484386482,12.691296,7,444
C1.436.21,1.852739074050416,-1.4805167,7,436
C1.439.71,1.8517534564518094,0.6900419,5,439
C1.449.17,1.851677438161475,3.2564337,6,449
C1.437.145,1.8502515991650874,-9.9378,6,437
C1.426.1,1.8482994042628953,0.13251974,6,426
C1.442.55,1.8478742837686188,11.739612,6,442
C1.439.18,1.84747279426519,16.070683,5,439
C1.414.58,1.8457187700529312,5.3989215,4,414
C1.435.33,1.8450690884044927,-8.615856,7,435
C1.416.156,1.8435756453285157,5.5386944,4,416
C1.442.67,1.8419322096943145,6.7344456,6,442
C1.432.80,1.8399834632217662,-5.274209,5,432
C1.416.92,1.839361426324917,3.6373193,4,416
C1.413.1,1.8370350498607368,-15.281829,3,413
C1.387.148,1.8348759821353815,-14.54597,5,387
C1.426.48,1.8330204892910087,7.763522,4,426
C1.395.16,1.8320804363466923,-13.883239,7,395
C1.437.19,1.8320561197899257,0.63122463,5,437
C1.413.30,1.8304419446478402,-23.962765,2,413
C1.446.64,1.8299104248799447,-7.1210093,6,446
C1.383.49,1.8280499272185078,10.705447,6,383
C1.426.9,1.8250164166767493,-10.731538,5,426
C1.437.45,1.8244274318855416,-9.933767,6,437
C1.444.150,1.8239598591576123,-15.226447,7,444
C1.403.80,1.8233361629657479,-3.1585805,5,403
C1.442.73,1.8231299898461606,-5.723538,6,442
C1.383.29,1.8223040418009573,22.88318,6,383
C1.387.149,1.8220910357609368,0.5006501,5,387
C1.412.32,1.8215504373241191,-16.072643,6,412
C1.414.67,1.8207865347146353,-5.9458284,4,414
C1.389.115,1.82056385386638,1.9500966,3,389
C1.435.7,1.8195906345344164,-14.27759,8,435
C1.413.69,1.818740876452129,-31.431763,3,413
C1.412.12,1.8181128719629804,-10.766887,5,412
C1.426.73,1.8174819912115703,-0.17425261,4,426
C1.383.160,1.816377934252804,13.04348,6,383
C1.412.46,1.8158565505018736,-4.8004603,5,412
C1.442.45,1.8138356103320097,3.8510787,6,442
C1.436.61,1.8136744702030216,-1.4627452,7,436
C1.412.133,1.8121811295938162,1.5276238,6,412
C1.444.23,1.8106168977900143,-10.638247,6,444
C1.413.15,1.8105075639632597,2.6917715,3,413
C1.437.3,1.8094975889301343,1.0145658,6,437
C1.398.25,1.8094553532352797,3.807997,5,398
C1.424.41,1.8090140808474986,-12.537528,4,424
C1.396.119,1.8083712521692727,12.2214985,5,396
C1.396.172,1.8072323269460457,4.415319,5,396
C1.439.36,1.806660030486179,12.508622,5,439
C1.430.106,1.805474976588835,6.7427974,4,430
C1.403.19,1.8043733108568958,-6.2876205,5,403
C1.442.3,1.8037582365780225,9.334946,6,442
C1.413.19,1.8019754802688792,11.481238,3,413
C1.395.20,1.799358948126754,-8.256982,7,395
C1.444.142,1.7981865277010136,3.616867,7,444
C1.383.125,1.7975574391229785,-0.84796983,6,383
C1.396.11,1.7926729320096033,1.0628389,5,396
C1.437.33,1.7915656047323119,-3.9671175,6,437
C1.437.12,1.7901472508173686,-12.395934,6,437
C1.416.105,1.788261223749789,5.472844,4,416
C1.449.13,1.7882047433290413,-1.8488495,6,449
C1.416.115,1.787857276336139,2.4926443,4,416
C1.432.137,1.7866227751450054,-4.902529,5,432
C1.444.72,1.7851907802635525,-6.5840473,7,444
C1.383.101,1.7835002630709729,0.16571347,6,383
C1.436.129,1.7805191430692966,-8.74506,7,436
C1.444.156,1.7794272958016206,-10.963376,7,444
C1.445.12,1.7791087940706551,12.955675,4,445
C1.436.83,1.778175284338229,5.468583,7,436
C1.426.96,1.7773675210328526,2.6761825,5,426
C1.445.84,1.7773317554069277,-8.434414,5,445
C1.432.171,1.7762293954443986,0.05087118,5,432
C1.387.133,1.7753460818157685,-4.66073,5,387
C1.437.93,1.7746777800707085,-9.090401,6,437
C1.419.15,1.7736550398189028,0.071378954,5,419
C1.437.89,1.7726940950033958,-5.642901,6,437
C1.416.22,1.772502594636755,-0.1268307,4,416
C1.431.28,1.7717109340178447,5.1016865,4,431
C1.435.52,1.7710638250132373,18.382372,7,435
C1.438.42,1.768770966213217,-1.5419859,6,438
C1.413.43,1.767027416839231,4.024605,3,413
C1.444.102,1.7666324082688913,9.05223,6,444
C1.439.78,1.765999869520253,0.6229619,5,439
C1.439.35,1.7653144203646471,3.9521413,4,439
C1.416.116,1.764549429425067,-5.578106,4,416
C1.435.143,1.7640304693552415,7.8205547,6,435
C1.442.8,1.7625192226058652,11.835095,6,442
C1.435.78,1.7572430378257546,5.9041295,7,435
C1.445.91,1.7552582451257817,-11.491513,3,445
C1.439.41,1.7549467185252614,3.520562,5,439
C1.416.94,1.7513916327298154,12.592694,4,416
C1.396.85,1.7506028380323047,15.039659,5,396
C1.444.49,1.7504510663060862,12.6829815,7,444
C1.449.10,1.7490677111238133,-13.39145,6,449
C1.379.2,1.7485766013784836,-16.811058,5,379
C1.396.98,1.7480082297581303,3.7529988,5,396
C1.418.2,1.7478111019869094,1.6406037,5,418
C1.411.14,1.7471586194728759,-0.76500005,3,411
C1.437.61,1.7444552794735417,-4.8356175,6,437
C1.413.28,1.742107733735655,5.977705,3,413
C1.436.110,1.7399276647086823,3.9658833,7,436
C1.412.79,1.7376452119788661,-1.5695095,6,412
C1.424.28,1.7375017503097385,-4.8991218,5,424
C1.444.38,1.7373955756398194,5.6671243,7,444
C1.436.123,1.7372837064232878,5.8777404,7,436
C1.403.1,1.7359129008361003,4.1019793,5,403
C1.436.26,1.7355764072565079,3.1991189,6,436
C1.385.60,1.7340113292327797,-3.2209616,6,385
C1.396.61,1.7331745131200933,1.8303789,5,396
C1.444.118,1.7330893692759912,-12.722605,7,444
C1.399.5,1.7328631194935769,0.9191871,6,399
C1.437.2,1.7313906166524773,-6.615334,6,437
C1.413.26,1.7289386203485477,-1.3185284,3,413
C1.383.106,1.7278070661604235,14.34403,6,383
C1.396.95,1.726058451501449,12.682799,5,396
C1.437.119,1.7246693916545848,-21.76942,5,437
C1.426.14,1.7245530937669276,9.507952,5,426
C1.416.125,1.7210609640387549,-20.031157,4,416
C1.426.15,1.7188396578080967,-7.94948,6,426
C1.387.102,1.7181546689560858,8.20785,5,387
C1.449.27,1.7179627714819985,-2.5938497,6,449
C1.416.166,1.7178306561456411,-0.3653557,4,416
C1.426.61,1.7167053212348,9.98597,6,426
C1.396.159,1.7141295438452433,11.418599,5,396
C1.413.23,1.7136366430651886,-17.952194,3,413
C1.442.43,1.7133842790178913,0.40634537,6,442
C1.400.105,1.7129533119588427,-5.0203815,4,400
C1.444.108,1.7124667859024343,2.68632,6,444
C1.383.17,1.7087861738607717,7.8815136,6,383
C1.414.80,1.7086383711527333,7.3140965,4,414
C1.436.41,1.7041346382323819,-12.984902,7,436
C1.426.50,1.7017174967798754,-2.8102636,6,426
C1.445.10,1.701433604539093,25.30241,3,445
C1.383.55,1.700565534404939,5.0435467,6,383
C1.403.8,1.7005280943819818,5.5014596,5,403
C1.435.123,1.6986105316933062,-4.803777,8,435
C1.389.149,1.6978218775537728,-9.86257,3,389
C1.413.51,1.6976900736797849,-11.736762,3,413
C1.396.110,1.6955556933527278,-2.741661,5,396
C1.390.123,1.6939099640892943,2.311909,3,390
C1.396.166,1.6932429078895082,7.401059,5,396
C1.403.17,1.6931090700639764,-2.3445005,5,403
C1.445.111,1.6926800793950327,6.917306,5,445
C1.437.72,1.6906385301349436,-9.342768,6,437
C1.442.50,1.6903090674480732,2.7564454,6,442
C1.416.2,1.6874494758243916,5.845394,4,416
C1.390.110,1.6874136730110925,-11.216258,3,390
C1.444.83,1.685926926024556,-12.847304,7,444
C1.414.76,1.6854553674284654,16.415895,4,414
C1.438.28,1.6847666233606329,3.8236976,6,438
C1.442.44,1.6847167922113486,2.8620048,5,442
C1.437.108,1.684531710265112,-0.058584165,6,437
C1.414.11,1.683377625994152,18.852695,4,414
C1.383.56,1.6830933818301541,6.9659967,6,383
C1.396.138,1.6825420682121623,9.623339,5,396
C1.396.109,1.6823974821514573,6.720459,5,396
C1.390.19,1.6781949235621312,-10.576591,3,390
C1.412.152,1.6768727768579137,-11.922493,6,412
C1.431.9,1.6768241985445325,3.8228364,4,431
C1.399.28,1.676264127462428,5.4922037,6,399
C1.438.54,1.6758894385294592,-1.2231429,5,438
C1.442.74,1.6741898968343911,9.053362,6,442
C1.437.64,1.6740886804627744,-8.820234,6,437
C1.390.73,1.6738535669686898,18.985962,2,390
C1.390.28,1.6728548606287577,-9.898591,3,390
C1.383.25,1.672425417929441,22.89378,6,383
C1.440.78,1.6720155298062198,-14.083893,3,440
C1.435.93,1.6702564174892,-4.44837,6,435
C1.412.41,1.66842787419315,-11.875676,6,412
C1.396.158,1.6681564075265727,5.056399,5,396
C1.416.144,1.6674374552507383,0.89056927,4,416
C1.438.90,1.6653696692503577,-2.1093526,6,438
C1.385.142,1.6646538210129915,0.1500348,5,385
C1.424.50,1.6595863065077534,2.9519584,5,424
C1.383.80,1.6565744947126493,10.88123,6,383
C1.439.31,1.6559829580022554,5.4313617,5,439
C1.442.69,1.655847742509164,-1.8220546,6,442
C1.442.23,1.6552986175899587,20.226679,6,442
C1.383.35,1.6531123223875763,8.157313,6,383
C1.445.169,1.6528971597462394,6.719475,4,445
C1.442.9,1.6520547718219176,2.7932453,6,442
C1.445.50,1.651180113948428,4.21975,4,445
C1.390.58,1.650184380527591,-1.587391,3,390
C1.416.63,1.648928472202556,2.9654193,4,416
C1.436.121,1.6488286455841197,0.8517295,5,436
C1.390.70,1.648536439953837,-12.660891,3,390
C1.445.58,1.6484818459451025,-0.30241328,3,445
C1.398.126,1.6483278866745061,6.1585755,6,398
C1.435.148,1.647671894225044,1.4889511,7,435
C1.426.99,1.6469574613780609,16.681032,5,426
C1.416.83,1.6450303257435193,-2.0980058,4,416
C1.387.28,1.644665270227903,7.40523,5,387
C1.436.63,1.6432799170168875,1.5909119,7,436
C1.387.99,1.642871844702215,-5.3710046,4,387
C1.426.22,1.6428437534249862,10.75812,6,426
C1.435.44,1.641209652660473,-4.0535674,7,435
C1.390.118,1.6411391519753684,3.0914423,3,390
C1.396.86,1.6388783776193017,2.952919,5,396
C1.432.25,1.6376210212571352,3.3108113,5,432
C1.399.33,1.636124095364608,-8.949113,6,399
C1.445.121,1.6358919559690925,14.729466,5,445
C1.416.3,1.6340665016914127,-5.5092883,3,416
C1.389.49,1.6337955129217834,5.3883634,3,389
C1.387.24,1.633325422081116,0.80945015,5,387
C1.383.37,1.6323155287196234,10.078731,6,383
C1.412.119,1.630781964811658,-12.152677,6,412
C1.413.59,1.62991881971591,-22.946795,3,413
C1.403.74,1.629100080157864,-9.914101,5,403
C1.424.36,1.6276634378885848,3.0734584,5,424
C1.400.42,1.6264985052898464,-9.243029,3,400
C1.430.34,1.6253696945760883,-3.6637619,5,430
C1.437.124,1.624185189041007,0.3527156,5,437
C1.383.36,1.6232347204914166,0.40794683,6,383
C1.444.60,1.6227414287710094,-8.11469,7,444
C1.437.27,1.6215827252866684,-7.595151,6,437
C1.400.102,1.620127740338283,-3.1672313,4,400
C1.389.7,1.6197088607610464,14.417764,3,389
C1.437.106,1.6195634983166258,-2.1896844,5,437
C1.430.55,1.6190295206083012,-1.2510618,5,430
C1.383.99,1.6187524915159468,21.630064,6,383
C1.442.75,1.6186004130805138,13.142646,6,442
C1.387.137,1.618082336079952,-9.05865,5,387
C1.383.67,1.617435135352764,-2.0816925,5,383
C1.435.27,1.6167862429692297,6.970529,7,435
C1.442.2,1.615867737457599,8.054996,6,442
C1.396.49,1.6137326979293558,-8.41289,4,396
C1.440.83,1.6129797672068649,-2.9860194,5,440
C1.435.31,1.6108484591354715,-0.92821485,8,435
C1.442.27,1.6103522168077324,11.550162,6,442
C1.396.139,1.6098815968656708,17.122198,5,396
C1.442.58,1.6095053840960016,2.5945287,6,442
C1.382.28,1.6091825622541716,1.236155,5,382
C1.390.72,1.6085836803586946,13.484976,3,390
C1.387.3,1.6070596899255187,7.07053,5,387
C1.385.6,1.603987223799068,-1.7418615,6,385
C1.438.168,1.60345104803033,-3.7038026,6,438
C1.396.102,1.6007331192628527,-12.20034,4,396
C1.383.73,1.599520564323052,11.964964,6,383
C1.396.63,1.598812511028683,-2.985901,5,396
C1.438.33,1.5983129694625131,-7.4672856,6,438
C1.444.35,1.5966543747938773,-3.5561614,7,444
C1.430.3,1.59640895217765,12.626898,5,430
C1.405.19,1.59585455726465,1.2823366,5,405
C1.432.179,1.5954193485702493,3.7511113,5,432
C1.387.12,1.5951804390650794,3.3205502,5,387
C1.413.32,1.5943424962863062,5.311538,3,413
C1.416.60,1.593327343965352,-4.3846307,4,416
C1.442.34,1.5931449740820878,7.4502954,6,442
C1.414.49,1.5928283018560545,14.493821,4,414
C1.416.129,1.5913325637605757,0.8903443,4,416
C1.435.89,1.5910130076130182,3.2345436,7,435
C1.400.77,1.5891598669599787,-6.0238814,4,400
C1.413.52,1.5886951817837345,10.213172,3,413
C1.416.80,1.5883914117893891,2.7589693,4,416
C1.389.184,1.587004182526765,10.925963,3,389
C1.445.20,1.5869522388091204,3.66565,4,445
C1.432.52,1.5867068420370747,-2.7118688,5,432
C1.403.3,1.5864974160360068,-2.8938205,5,403
C1.430.21,1.583646258891376,-5.3193417,5,430
C1.442.47,1.583489161503685,2.936712,6,442
C1.429.15,1.5825109338043504,-3.986558,6,429
C1.426.55,1.581349029414597,10.499037,6,426
C1.389.113,1.5806429001276687,1.6037608,2,389
C1.414.37,1.5806176472847626,23.989872,4,414
C1.383.14,1.5782545584944245,8.330047,6,383
C1.437.11,1.5753594313588628,-2.476101,6,437
C1.436.133,1.5729578055750078,3.4943118,7,436
C1.438.55,1.5725657635817756,-6.997386,6,438
C1.383.104,1.5723711882477482,1.5039,5,383
C1.414.29,1.5709859505771777,3.0020463,4,414
C1.431.35,1.5698759789785466,-8.116297,5,431
C1.413.36,1.5684784452187779,22.142538,3,413
C1.424.156,1.56593043478209,6.9033356,4,424
C1.385.67,1.5654924575919356,-17.146023,3,385
C1.416.15,1.565185001327417,2.5394442,4,416
C1.437.15,1.5646147190354056,-20.738852,6,437
C1.390.113,1.5640436837421672,-1.3929577,3,390
C1.413.60,1.5630945519324182,-1.1639951,3,413
C1.438.1,1.5618904480400948,2.6583476,6,438
C1.437.96,1.5618420944362619,-6.7952676,6,437
C1.414.22,1.5617867355202903,-3.2747273,2,414
C1.437.75,1.5614566132530847,-20.015533,6,437
C1.431.66,1.5614241226501695,-2.3932636,4,431
C1.449.3,1.5603712518470816,-7.4963346,5,449
C1.389.77,1.5603245017158267,5.6927633,3,389
C1.385.38,1.5595932034932012,-1.0129452,5,385
C1.444.73,1.5588715167863294,1.41157,6,444
C1.387.144,1.55548810407754,3.0793502,5,387
C1.396.157,1.554724872464615,0.96333444,4,396
C1.446.18,1.553949257017624,7.3554873,5,446
C1.396.48,1.5537813892456604,2.964659,5,396
C1.398.57,1.5535466235775213,-15.526641,6,398
C1.389.48,1.5527025028469266,-1.5655366,3,389
C1.444.5,1.5520730863467105,-11.453847,7,444
C1.383.53,1.5518061367053566,8.12528,6,383
C1.383.57,1.5514230126291644,8.80928,6,383
C1.399.4,1.5510715473446215,1.5216538,6,399
C1.437.5,1.5492530223170211,15.311607,4,437
C1.416.20,1.5484427130543221,-2.2966807,4,416
C1.412.57,1.5456269221015675,-11.495135,5,412
C1.396.121,1.5447481110597643,5.191399,5,396
C1.413.35,1.5435653878315014,11.983972,3,413
C1.444.8,1.5433744852830047,-2.1471472,7,444
C1.437.62,1.5428598985897255,-4.048384,6,437
C1.403.25,1.5411024647122946,1.6728594,5,403
C1.438.41,1.540333582546414,10.6716175,5,438
C1.418.49,1.5400554036397611,11.844644,5,418
C1.383.113,1.5390083016564347,1.0792135,6,383
C1.390.55,1.5374558915762568,8.435442,3,390
C1.416.31,1.5371850913618044,2.2255692,4,416
C1.442.42,1.5365179595649148,11.914095,6,442
C1.435.81,1.535828778906517,-2.2038147,8,435
C1.444.42,1.5356885327964702,-8.056005,7,444
C1.444.80,1.5339063943231415,-3.5039043,7,444
C1.387.122,1.532113544876351,8.0969305,5,387
C1.438.44,1.5319256700762547,3.7931142,6,438
C1.446.8,1.5292586815312796,2.9764404,6,446
C1.416.101,1.5289049368155059,-2.5772557,4,416
C1.439.86,1.5287957777131942,6.952902,5,439
C1.435.5,1.5281226735368827,6.0222006,7,435
C1.424.197,1.528056950209592,0.35669833,5,424
C1.396.41,1.5264219179805005,-5.832641,5,396
C1.449.77,1.5259905990604428,5.5930934,5,449
C1.383.167,1.5255364380328693,9.137297,6,383
C1.383.116,1.5254178156401872,23.589714,6,383
C1.438.169,1.5239933742227378,12.301264,6,438
C1.416.12,1.5238274593054097,1.5228943,4,416
C1.438.107,1.5216093997762863,-0.3868358,6,438
C1.444.113,1.520040373848284,-3.5115187,7,444
C1.437.8,1.5195666069073581,-15.509584,6,437
C1.437.24,1.5188162786900261,-11.015701,6,437
C1.398.29,1.5171635974509075,-2.0632248,6,398
C1.437.30,1.5160833369899558,-2.3691354,5,437
C1.432.45,1.5153038467891584,9.321251,5,432
C1.445.162,1.5132135085648755,-9.082934,4,445
C1.416.110,1.5074760510837595,-6.149298,3,416
C1.419.88,1.5074056553385569,-4.507101,5,419
C1.414.35,1.5046124415227229,-7.9936285,4,414
C1.442.17,1.5008400652711402,-4.780838,6,442
C1.437.126,1.4990820516650052,-3.208551,6,437
C1.396.54,1.498306817454084,-0.9511611,5,396
C1.444.107,1.4980723921450068,-7.9168615,7,444
C1.383.159,1.4953166318117035,4.2687135,6,383
C1.396.101,1.4896492377344726,7.4730587,5,396
C1.437.26,1.4895966934611724,-14.189435,5,437
C1.399.48,1.4892247490242858,5.7018614,5,399
C1.390.63,1.4890490378086545,9.130909,3,390
C1.435.106,1.487734635468049,11.89903,7,435
C1.396.71,1.4869346942898813,-1.5317405,4,396
C1.445.104,1.4866846264799938,-0.60609615,2,445
C1.383.129,1.486009600742036,7.0367303,6,383
C1.387.146,1.4852653497053547,-2.7827299,5,387
C1.413.17,1.4840178853775174,-16.05863,2,413
C1.383.186,1.4835186548690442,0.075946815,6,383
C1.387.7,1.4831890139464081,8.344151,5,387
C1.424.38,1.482575139840309,-7.9116616,5,424
C1.437.152,1.4824015319998505,-1.5016176,6,437
C1.449.84,1.4813652871440848,-7.4812827,6,449
C1.396.13,1.4798063721964914,-4.7491655,4,396
C1.439.16,1.4784224041737575,2.366382,5,439
C1.389.169,1.4776061381565218,23.497864,3,389
C1.442.64,1.4766719825842078,8.504425,5,442
C1.442.115,1.4756713001180926,-1.585788,6,442
C1.390.136,1.4753483651423895,7.729409,3,390
C1.416.151,1.4746176668633952,5.5832195,4,416
C1.414.66,1.4739801482961852,28.920795,4,414
C1.418.6,1.4719005207965583,16.308443,5,418
C1.383.176,1.4702267157512847,-8.72952,6,383
C1.416.150,1.4698086638529644,9.291194,4,416
C1.430.37,1.4687055776157703,1.9446583,5,430
C1.419.66,1.4665196013145039,-7.4938035,4,419
C1.449.67,1.4657989335864654,0.59493375,6,449
C1.426.47,1.4654378781277602,4.839652,5,426
C1.383.196,1.4648927903993905,1.1306968,6,383
C1.430.6,1.4642448906489138,17.4876,4,430
C1.387.48,1.4630377972836455,4.28377,5,387
C1.385.137,1.4611531749653548,-6.6249447,6,385
C1.442.107,1.457731557386855,19.539896,6,442
C1.416.133,1.4563162074083909,-8.044106,4,416
C1.389.162,1.4560792324871399,13.906663,3,389
C1.414.87,1.454435837951335,2.0924826,3,414
C1.383.122,1.4544337671430365,-2.19427,6,383
C1.432.2,1.4543473069877866,-2.0628288,5,432
C1.383.84,1.4539025568035473,2.2513635,6,383
C1.439.87,1.453121553358806,6.958222,5,439
C1.389.117,1.4526899014227561,9.106997,3,389
C1.396.96,1.4526283242028009,12.7095785,5,396
C1.389.186,1.452467801030542,11.615263,3,389
C1.399.42,1.4524027718302701,-8.934429,6,399
C1.444.53,1.4518931902837056,-14.919704,7,444
C1.440.60,1.451200847855577,1.8177006,5,440
C1.432.63,1.4492425260462236,-3.8651288,5,432
C1.418.15,1.4483812008163517,39.275185,5,418
C1.444.76,1.4474221173158672,-17.873404,7,444
C1.440.26,1.4466334622703898,-3.069903,4,440
C1.432.136,1.4463642047993375,5.7403245,4,432
C1.449.21,1.4448716419932528,9.852684,6,449
C1.400.25,1.4448619503473412,2.1487937,4,400
C1.416.124,1.4448106559784926,6.065594,4,416
C1.438.31,1.4416692251573588,-0.34960282,5,438
C1.432.51,1.4414532549026715,6.1424713,5,432
C1.396.5,1.4394063934175025,13.087419,5,396
C1.424.124,1.4390039797415888,-13.68305,3,424
C1.432.82,1.4386031037839915,-0.6260088,5,432
C1.436.90,1.4373971764311055,4.7240415,6,436
C1.418.52,1.4367596628475527,19.850603,4,418
C1.438.94,1.4355016216903098,-5.067236,6,438
C1.383.75,1.4347619563467195,15.124463,6,383
C1.442.41,1.427069405532451,17.762012,6,442
C1.414.36,1.4249813335053165,5.639696,4,414
C1.396.67,1.4249330180889441,-4.6797986,4,396
C1.412.66,1.4244510764022815,-15.758135,5,412
C1.416.138,1.4242400977316385,7.2566695,4,416
C1.445.171,1.423047753811295,-5.8018265,4,445
C1.387.124,1.4220474253289141,-4.98563,5,387
C1.437.144,1.4186380516908337,-9.010151,6,437
C1.400.111,1.418552960330613,-23.062956,4,400
C1.442.92,1.4161366368962527,5.592929,6,442
C1.383.143,1.4149432271710118,-1.4596698,6,383
C1.414.3,1.4147022740655837,28.187897,4,414
C1.400.3,1.4126557153603467,12.072369,4,400
C1.438.18,1.409904557995174,-4.4245024,6,438
C1.432.8,1.4091012805807464,1.9159998,4,432
C1.387.57,1.408244085009451,5.91191,5,387
C1.444.56,1.4064768113200676,9.18332,6,444
C1.445.93,1.4039959765581356,-5.3095503,4,445
C1.439.53,1.4038777677628071,8.639902,5,439
C1.390.15,1.4037112392440805,-1.909391,3,390
C1.382.104,1.402779031080417,-6.084886,6,382
C1.442.106,1.4026972609155337,7.929629,6,442
C1.445.44,1.4019504889829257,6.066945,3,445
C1.438.35,1.4012029251838332,-0.95313585,6,438
C1.436.85,1.4004665867228645,1.9921119,7,436
C1.424.161,1.3997537147426833,-9.177778,4,424
C1.435.61,1.3991886104536164,-4.146462,6,435
C1.416.4,1.3990204539744477,11.78202,3,416
C1.438.129,1.3978205014854623,-15.524743,5,438
C1.429.10,1.3965430536152181,-17.353844,6,429
C1.424.133,1.3961353339948648,-0.77326167,5,424
C1.414.19,1.3948203082359054,11.918296,4,414
C1.429.19,1.3925389573969023,-12.6595955,6,429
C1.449.82,1.3925222710697736,11.518434,6,449
C1.385.125,1.391099130983642,-0.12227818,6,385
C1.389.224,1.3904987886085127,-2.764239,2,389
C1.411.19,1.3898918283154498,-2.3379333,3,411
C1.396.32,1.3894760704909284,4.441979,5,396
C1.387.111,1.387070106398987,3.13891,5,387
C1.445.110,1.3869653554676222,14.876826,5,445
C1.389.10,1.3857260138940999,14.499496,3,389
C1.389.78,1.384419180898241,-9.301237,3,389
C1.449.32,1.384300130421519,-5.899883,6,449
C1.389.104,1.3837909816364662,-2.0155034,3,389
C1.416.18,1.3825691499927533,8.271794,4,416
C1.416.62,1.3805558936816806,-11.659454,3,416
C1.444.120,1.3799450947809861,-9.341604,7,444
C1.403.30,1.3783008977837437,12.40284,5,403
C1.413.68,1.3781725624092303,-8.124362,3,413
C1.438.89,1.3756500929529913,5.3069806,6,438
C1.447.48,1.3751177303916922,-3.9107068,6,447
C1.442.109,1.3750596947537654,11.390328,6,442
C1.414.38,1.3743184754404867,10.9182825,3,414
C1.383.30,1.3727593962111444,-2.7858198,6,383
C1.442.98,1.368332296032191,7.9582453,6,442
C1.432.128,1.3680308525239995,-1.9071088,5,432
C1.390.134,1.3679694191164915,21.723675,3,390
C1.445.54,1.3651916221801794,6.227254,2,445
C1.432.117,1.3641850275947294,2.4708111,5,432
C1.445.89,1.3624712875193816,-20.453482,3,445
C1.424.110,1.3619463832934624,-0.24466306,4,424
C1.429.14,1.3613210519021977,-7.423854,7,429
C1.445.70,1.361264017500878,7.921546,5,445
C1.432.86,1.3607447052959778,4.4195113,5,432
C1.398.137,1.3606167994196567,5.904709,6,398
C1.445.83,1.3595158401172511,3.1955862,5,445
C1.396.53,1.3585772846629633,-8.920641,5,396
C1.396.104,1.358572342801192,23.75306,4,396
C1.446.9,1.358509958499046,-2.4626126,5,446
C1.412.55,1.358174875350809,-2.7891629,4,412
C1.442.10,1.358032776843309,2.8851454,6,442
C1.389.52,1.3577998690037762,7.3805633,3,389
C1.436.70,1.3564086240442599,0.8432262,7,436
C1.395.5,1.353373079119441,-16.331553,7,395
C1.387.1,1.351150120006311,-18.71923,5,387
C1.403.22,1.3500559380707235,-0.6234606,5,403
C1.432.11,1.3498012519263038,10.2037115,5,432
C1.446.61,1.3478379804028755,1.0250738,6,446
C1.435.54,1.3475355423080722,2.4924226,8,435
C1.403.84,1.3446835056420785,-1.9612206,5,403
C1.385.45,1.3446542244407136,3.5566552,6,385
C1.383.18,1.3443324745707093,12.520313,6,383
C1.439.66,1.3442363897818022,1.9427419,5,439
C1.383.71,1.3399319029673846,2.23548,6,383
C1.439.47,1.3385386444433331,13.981102,4,439
C1.416.169,1.3375972957481894,-7.477606,4,416
C1.389.222,1.3368902046607893,9.220097,3,389
C1.442.15,1.3367420020569598,5.240412,6,442
C1.446.41,1.3359773282341554,-2.0892944,5,446
C1.383.54,1.3357397365087662,5.320797,6,383
C1.445.135,1.3356936755768192,-10.40618,3,445
C1.389.174,1.3355003010569955,33.099697,3,389
C1.391.30,1.3349559512940348,4.215742,3,391
C1.383.16,1.3339589733965869,7.8282466,6,383
C1.438.76,1.3337378251257352,-10.390102,6,438
C1.396.31,1.3326381942015755,-9.362451,3,396
C1.445.141,1.3320346049955696,-5.3770003,4,445
C1.413.65,1.3296965822945184,3.9041715,3,413
C1.418.7,1.3296480833480142,-14.592847,4,418
C1.413.41,1.3295537229266168,-6.4566917,2,413
C1.398.51,1.3283986369544554,-10.066948,4,398
C1.390.125,1.326852638558821,-5.283624,3,390
C1.416.163,1.326795975072365,-5.1798806,4,416
C1.437.55,1.3248918434981831,0.85734916,6,437
C1.383.59,1.323377159974896,7.1602135,6,383
C1.396.9,1.3224635249144,4.024439,5,396
C1.391.7,1.3224221100263884,-3.011952,4,391
C1.435.73,1.322003451955423,-9.999514,7,435
C1.387.10,1.3210600245546305,-1.0816098,5,387
C1.413.53,1.317143724611648,-1.1496618,3,413
C1.396.94,1.3169020544497014,7.783399,5,396
C1.390.13,1.3159134594668047,13.523476,3,390
C1.416.61,1.315564870002456,5.440194,4,416
C1.426.44,1.314971552873098,3.291003,6,426
C1.437.116,1.3148064422152925,-9.10233,4,437
C1.390.87,1.3135181258326096,6.7684755,3,390
C1.449.2,1.3129837650404517,15.135023,4,449
C1.383.195,1.31293470580212,-8.343886,6,383
C1.438.66,1.3120872673140376,1.7126142,6,438
C1.437.134,1.3112504166676187,-23.521751,6,437
C1.399.41,1.3093680065593793,-9.400546,6,399
C1.412.139,1.3091814173367542,-10.269059,6,412
C1.383.7,1.3075571970971007,18.194098,6,383
C1.437.143,1.3073348083173133,-1.5597508,6,437
C1.383.79,1.3052279455944729,-3.1907032,6,383
C1.383.120,1.3051378438544088,10.39198,6,383
C1.444.140,1.3043022496282937,19.293482,7,444
C1.400.75,1.303825584854061,-11.956131,4,400
C1.432.38,1.3031418512073618,4.7575912,5,432
C1.437.141,1.3026347860438647,-2.2062008,6,437
C1.383.65,1.2997541925587124,32.96098,6,383
C1.435.16,1.2993989892806657,7.5121975,8,435
C1.432.133,1.2989859779925932,5.6224914,5,432
C1.383.45,1.298236900507111,-2.9869533,6,383
C1.426.98,1.2981791075865405,18.956837,6,426
C1.438.133,1.2977309951763882,-10.016836,5,438
C1.383.147,1.296108976068667,5.343297,6,383
C1.444.74,1.2960890943726109,4.5259957,7,444
C1.395.49,1.292068369600594,-10.970939,7,395
C1.438.91,1.2917765666922398,7.8697476,6,438
C1.418.67,1.291686423514211,9.211244,5,418
C1.439.2,1.2916249850911605,12.7967415,5,439
C1.416.161,1.2905715937404436,0.4918693,4,416
C1.430.7,1.2873333697130622,-0.18154176,5,430
C1.432.32,1.2853912638463192,7.710471,5,432
C1.445.64,1.2833725426164586,5.5844145,3,445
C1.414.52,1.2824216956907506,3.0163462,4,414
C1.414.13,1.2818648031406032,-39.78588,2,414
C1.449.35,1.2809663862806078,-10.995007,5,449
C1.412.60,1.2802172248767036,-2.5861747,5,412
C1.396.136,1.2798431888115296,0.26453894,5,396
C1.382.48,1.2794942928466562,6.2944803,6,382
C1.396.3,1.2783449059549965,10.600759,5,396
C1.447.62,1.2765257252968183,-15.390007,6,447
C1.387.27,1.2761730510320919,12.56939,5,387
C1.418.17,1.2754687777753597,16.516718,4,418
C1.390.91,1.2750061504494752,-3.201291,3,390
C1.413.16,1.272218875757461,-4.3088617,3,413
C1.430.90,1.2709379485288097,7.0313783,5,430
C1.416.85,1.2702487591097247,-9.996281,4,416
C1.430.100,1.2672980245951906,7.102598,5,430
C1.432.46,1.2638965116319083,5.393351,5,432
C1.431.25,1.2621183828591773,10.443943,5,431
C1.416.54,1.2620920441875245,6.909069,4,416
C1.414.21,1.26094057879146,-13.356053,4,414
C1.416.118,1.2587093094439485,-2.3408556,4,416
C1.438.132,1.2580285603376995,8.646754,5,438
C1.416.41,1.2574463221814274,6.0114694,4,416
C1.446.31,1.2571966330991875,2.5404572,6,446
C1.439.43,1.256014739098696,8.757822,5,439
C1.416.107,1.2546511001850975,0.7434943,4,416
C1.389.25,1.2544665941953894,5.454461,2,389
C1.445.155,1.254088081050883,-14.5704,4,445
C1.416.126,1.2534179107177306,-9.455255,3,416
C1.445.39,1.2530346648597657,-2.973675,4,445
C1.438.52,1.252425421188168,15.648416,5,438
C1.413.70,1.251455894669735,-16.512995,3,413
C1.430.92,1.2492339633475906,4.5760384,5,430
C1.445.173,1.2477436503292336,-1.3594139,5,445
C1.418.56,1.2473520571670629,32.863243,5,418
C1.396.149,1.2461312597790228,4.0786595,4,396
C1.442.29,1.2455982514597088,-0.8813213,6,442
C1.438.40,1.2454827483870987,13.578216,5,438
C1.426.33,1.2406204143246031,4.451603,6,426
C1.432.77,1.2405437739847518,9.368231,5,432
C1.444.151,1.2396474698670976,6.094053,7,444
C1.444.119,1.238643516786608,7.82747,6,444
C1.387.2,1.238288199900762,6.4496703,5,387
C1.383.83,1.2376132010401604,-3.03577,6,383
C1.432.135,1.236584875474984,-2.155429,5,432
C1.437.79,1.2354909994543162,-10.503884,6,437
C1.435.50,1.231564407627683,-6.4487348,7,435
C1.435.62,1.2300443092221502,-2.6102524,8,435
C1.418.77,1.2294581226401098,21.893778,4,418
C1.385.56,1.2291262950199913,-16.230295,6,385
C1.396.73,1.2284710262492142,18.853584,4,396
C1.383.86,1.227243518260882,-0.45161986,6,383
C1.413.29,1.2266864797322514,-9.385861,3,413
C1.416.104,1.2265938619683787,-1.6461557,4,416
C1.382.52,1.2248071575992612,17.396614,6,382
C1.449.74,1.2245834127333357,-7.3316164,6,449
C1.424.170,1.224237897759659,-7.1732016,5,424
C1.426.39,1.2211649330524148,5.271892,5,426
C1.439.38,1.2209243882546197,9.807722,5,439
C1.430.73,1.2193162168416014,7.679075,4,430
C1.387.113,1.2167674288578954,2.1309302,5,387
C1.383.47,1.2164966647001705,25.06073,6,383
C1.432.143,1.2162025760289201,6.6115513,5,432
C1.449.8,1.2161678108534004,-6.6343493,6,449
C1.403.78,1.2159145766677082,-2.0387406,5,403
C1.432.66,1.2158293315744317,13.899931,5,432
C1.438.14,1.2158056821418615,-8.523919,6,438
C1.445.172,1.2150809710539907,-13.266435,4,445
C1.400.19,1.2149001906746497,-6.8501563,4,400
C1.396.143,1.2136897267152853,6.655019,5,396
C1.437.77,1.2134829364056487,-1.0304508,6,437
C1.445.153,1.2129220030240944,15.878106,5,445
C1.426.34,1.2123784569731908,-0.2686174,5,426
C1.383.48,1.2112821929352184,19.298763,6,383
C1.444.40,1.2105405553579582,-2.5421758,7,444
C1.437.40,1.210437232213113,-15.951744,5,437
C1.412.20,1.2103254373377006,-9.87196,6,412
C1.383.174,1.2096556289388063,-5.292603,6,383
C1.390.93,1.2095368650646323,-11.2393875,2,390
C1.445.94,1.2093773666985512,9.6407995,4,445
C1.438.81,1.2083737811990731,-9.088853,5,438
C1.400.88,1.2070344419509509,-7.2218623,3,400
C1.444.138,1.206963424729954,11.29553,6,444
C1.438.23,1.2060195387378974,-3.056695,4,438
C1.444.109,1.2056005220765789,4.6670365,6,444
C1.431.26,1.2052287918257047,-7.236889,4,431
C1.403.97,1.2050118630363518,2.8609993,5,403
C1.437.128,1.2049874236293328,-10.434518,6,437
C1.396.163,1.2018668239195267,6.399579,5,396
C1.435.71,1.2000261887740875,-18.561356,7,435
C1.432.167,1.1970892905604558,-0.08794882,5,432
C1.396.93,1.1968570757218346,-1.264001,5,396
C1.442.114,1.195576056226686,-5.0078044,6,442
C1.410.56,1.195005103622854,1.4298651,6,410
C1.416.123,1.194899791652711,7.0870695,4,416
C1.444.126,1.1933397848075362,-1.8512901,7,444
C1.416.140,1.192138939016132,-13.52943,4,416
C1.424.29,1.190859189724626,4.815018,5,424
C1.403.9,1.189928172696252,-8.674681,4,403
C1.383.189,1.1852220756033445,-9.33877,6,383
C1.430.117,1.1816317057950718,9.84365,4,430
C1.400.5,1.1809202982899458,-14.250832,4,400
C1.432.18,1.1801493645832735,-0.74646884,5,432
C1.413.3,1.1783452081320647,-3.317095,3,413
C1.383.43,1.1776045339160797,6.8727303,6,383
C1.390.56,1.1754009509227632,10.252109,3,390
C1.432.71,1.1743105976653363,11.112603,4,432
C1.387.143,1.174135324835526,-7.6497097,5,387
C1.416.68,1.1718388835640547,13.336419,4,416
C1.383.92,1.1702347838888827,-0.9273032,6,383
C1.396.28,1.1697982348868723,11.908609,4,396
C1.424.30,1.1671214822103488,-2.5496783,4,424
C1.426.77,1.1670910832918735,-6.100128,5,426
C1.406.36,1.1666089460970612,4.0757957,5,406
C1.445.150,1.1659494972315596,-2.2216938,5,445
C1.416.79,1.1654992617927509,-4.9990807,4,416
C1.426.38,1.164284918507065,0.2016364,6,426
C1.431.64,1.1622108949359768,10.989157,3,431
C1.396.114,1.162003905059514,-1.4178611,5,396
C1.396.55,1.1613906888118914,15.765899,5,396
C1.442.62,1.1600874266554115,2.0845454,6,442
C1.416.145,1.1591813028441544,-7.0843306,4,416
C1.444.27,1.1563126641544834,4.618124,7,444
C1.445.29,1.1560460616497565,7.948373,4,445
C1.437.112,1.1558444505073269,6.7267327,6,437
C1.400.2,1.1553214588434324,4.845319,4,400
C1.414.83,1.153790333062131,7.4680963,4,414
C1.418.79,1.1536854849615321,-5.744036,5,418
C1.383.41,1.1536332884420342,4.33528,6,383
C1.438.154,1.152247879544,-7.6801023,6,438
C1.382.23,1.1519638635745444,5.5353637,6,382
C1.413.4,1.1497231485583967,-23.99764,2,413
C1.416.112,1.1489242829509547,5.704944,4,416
C1.444.24,1.148889311383979,6.9744387,7,444
C1.442.22,1.1485944378241808,12.229579,6,442
C1.387.97,1.1480495793561571,-9.22001,5,387
C1.432.91,1.1469921871785855,-2.4621289,5,432
C1.414.61,1.1469426854273586,19.723347,4,414
C1.438.73,1.1413011784144578,-2.2298691,6,438
C1.414.5,1.1403061729028996,20.983046,4,414
C1.431.36,1.1353139671885228,-8.678576,5,431
C1.444.100,1.135185865646618,13.649903,6,444
C1.416.119,1.1350312114791568,-18.161356,4,416
C1.389.19,1.1348161079879764,-2.9497774,2,389
C1.400.100,1.1332801597747275,-20.140463,3,400
C1.449.26,1.1322151243783432,8.800051,6,449
C1.438.45,1.1302963881013681,-4.6453023,6,438
C1.387.20,1.1288554261446437,6.21179,5,387
C1.399.17,1.1287042998347891,-8.636513,6,399
C1.414.30,1.1250303526630818,-9.233628,4,414
C1.439.81,1.1241264092531251,6.411962,5,439
C1.430.129,1.1239690466989045,0.54241824,5,430
C1.390.49,1.1234884047799008,8.558143,3,390
C1.395.39,1.1218822307575598,-1.7215389,7,395
C1.445.62,1.121647694548355,8.934886,5,445
C1.390.95,1.121631749628759,-11.353191,3,390
C1.442.70,1.1184221769084945,15.806262,6,442
C1.446.58,1.1168717740719938,-16.25281,6,446
C1.400.22,1.1158878326617345,-3.2521813,4,400
C1.438.157,1.115621550584646,18.882498,5,438
C1.396.118,1.1134086197781037,5.371279,5,396
C1.396.145,1.1130162483120647,-12.978941,5,396
C1.432.173,1.1089484096435003,11.285291,5,432
C1.390.8,1.1035941809707537,2.268809,3,390
C1.437.151,1.1004248466492401,-8.387801,6,437
C1.438.140,1.0990995611077636,-3.5054524,6,438
C1.383.8,1.0984207778103878,-13.451487,6,383
C1.389.5,1.095667928379482,-6.846139,2,389
C1.432.99,1.0955189565405505,3.7737713,5,432
C1.403.81,1.0951515940622327,-4.0981207,5,403
C1.416.117,1.094403865871904,-3.9835806,4,416
C1.387.115,1.093670200965222,3.0496902,5,387
C1.403.59,1.0912803432719065,2.3567395,5,403
C1.447.14,1.0910282324125353,-0.6272569,6,447
C1.389.68,1.090340558936404,-5.01777,3,389
C1.438.106,1.0893881416908378,14.311598,6,438
C1.426.85,1.089344858289792,-13.21199,5,426
C1.432.70,1.0864612534099622,5.1368713,5,432
C1.444.105,1.085574841584212,-6.581291,6,444
C1.436.103,1.0835897662070715,-1.9304146,6,436
C1.438.171,1.0830059606304383,-11.527403,6,438
C1.426.18,1.0797827204532031,15.53012,6,426
C1.432.20,1.079230592894924,4.907331,5,432
C1.426.3,1.0792211544491697,5.4374533,6,426
C1.444.157,1.0785913745104347,5.5652533,6,444
C1.416.87,1.0783406184437643,3.9176693,4,416
C1.440.68,1.0748980633923335,-13.816453,4,440
C1.429.24,1.07444557649461,10.388749,6,429
C1.414.84,1.0743383097079406,-3.7531536,4,414
C1.416.74,1.0741241048741421,-3.1124556,4,416
C1.412.51,1.0737668316330644,-1.4770595,6,412
C1.390.117,1.0735922949734855,2.611609,3,390
C1.445.69,1.071903748189634,0.4508749,4,445
C1.383.130,1.0698827032446196,15.54908,6,383
C1.398.54,1.069811211839808,-8.367575,6,398
C1.434.132,1.069132977927973,-2.2466013,5,434
C1.387.22,1.0662540888249266,3.22143,5,387
C1.424.171,1.0660345653059997,2.1581383,5,424
C1.383.110,1.0640683488309415,12.208747,6,383
C1.449.45,1.0608958232269512,-8.273299,6,449
C1.431.24,1.0608821291651405,15.113482,3,431
C1.390.9,1.0607900536920027,20.226242,3,390
C1.389.79,1.0605139404624573,1.6111966,3,389
C1.390.128,1.0586985401174243,12.957612,2,390
C1.414.42,1.0586434869028714,-8.914654,4,414
C1.382.102,1.0583286778198975,10.17938,6,382
C1.444.110,1.0562993323540824,5.40181,7,444
C1.438.119,1.055912672124877,2.4237373,5,438
C1.400.73,1.054020437644205,2.1725435,4,400
C1.414.74,1.0524432599835554,15.552721,4,414
C1.444.79,1.0522604139746035,-6.0942473,7,444
C1.445.42,1.0520326907590338,1.2151533,3,445
C1.410.65,1.0519969095237063,3.8529387,5,410
C1.446.66,1.0519747759634697,-1.9271429,6,446
C1.412.62,1.0515969797069806,-15.385223,4,412
C1.438.75,1.051554070718546,7.940357,5,438
C1.395.52,1.0506921353953926,-9.036224,6,395
C1.383.185,1.0486894054088702,-0.025903188,6,383
C1.414.57,1.0482378029003063,16.922813,3,414
C1.416.89,1.0475165128614938,10.947544,4,416
C1.394.65,1.046036100387598,7.7804685,4,394
C1.416.71,1.0431328444839867,-3.5873806,4,416
C1.431.30,1.0431138615097575,18.766123,5,431
C1.383.107,1.0423527492756524,3.1463134,6,383
C1.416.77,1.0404971823435882,8.4676695,4,416
C1.396.89,1.039243239329301,-2.4101236,4,396
C1.402.67,1.0353937799445379,-3.4491832,6,402
C1.440.25,1.0353444343228169,-0.46727934,5,440
C1.403.113,1.0353214773612023,1.9614394,5,403
C1.383.127,1.0349633348905478,4.5725303,6,383
C1.432.165,1.0348742022266948,4.5827312,5,432
C1.412.8,1.0345682566938956,-12.8642,5,412
C1.446.16,1.0333539347813094,5.1190405,6,446
C1.442.14,1.030951398847502,-2.2284546,6,442
C1.396.146,1.0309170655847597,5.929059,5,396
C1.438.57,1.0307901813338243,11.105737,5,438
C1.383.31,1.0264248979373953,6.2966633,6,383
C1.389.154,1.026393825542321,23.693296,3,389
C1.444.85,1.02612146484649,-8.366276,7,444
C1.395.21,1.0254176271558484,-8.657425,6,395
C1.438.8,1.0252282342273842,15.273531,6,438
C1.444.135,1.0247042950161669,0.5831671,7,444
C1.383.132,1.0237920788712784,4.2982635,6,383
C1.383.157,1.0202515349506627,14.388947,6,383
C1.444.70,1.0200377106905825,1.3998957,7,444
C1.432.134,1.018578106610557,-7.613729,5,432
C1.412.118,1.018166828914463,-1.0624596,6,412
C1.390.116,1.01797035124849,-3.9731243,3,390
C1.390.61,1.0148714710469615,1.9722756,3,390
C1.432.116,1.0148480332895222,10.5351715,5,432
C1.399.55,1.0143354284634563,-0.6865295,6,399
C1.430.25,1.0135114214904817,-4.3463016,5,430
C1.426.79,1.0085325814929191,16.096478,5,426
C1.430.108,1.0031909053704646,14.139726,4,430
C1.389.226,1.0031682008272857,18.147396,3,389
C1.444.129,1.002913329342332,-2.5813472,7,444
C1.438.61,1.0015036376794486,9.553931,6,438
C1.424.83,1.0013826825596375,5.2002783,5,424
C1.440.6,1.0009338804367163,0.51790065,5,440
C1.418.55,0.9992033259961399,-0.32725632,5,418
C1.390.57,0.9983341618485058,-5.968791,3,390
C1.396.181,0.9976471670858185,5.393299,5,396
C1.383.12,0.9971197782696981,21.678997,6,383
C1.383.148,0.9968450798445927,-4.3301,5,383
C1.438.93,0.994073570724479,-2.0501328,5,438
C1.387.79,0.9938722522746246,-0.5824699,5,387
C1.416.37,0.9937868365853659,12.620369,4,416
C1.387.51,0.9930751665756823,6.59529,5,387
C1.432.69,0.9925312038264515,3.175831,5,432
C1.430.76,0.9888165510065492,2.5500183,5,430
C1.432.176,0.9885868657787782,8.801711,5,432
C1.390.38,0.9866427732823613,9.6102085,3,390
C1.438.151,0.9853983114334923,1.9042674,5,438
C1.445.41,0.9853307356085634,-9.098475,4,445
C1.414.44,0.9849245588346207,11.268247,4,414
C1.438.152,0.9815937093034195,8.744237,5,438
C1.416.157,0.9813104290715622,4.235144,4,416
C1.438.2,0.9809727825920045,-8.469886,6,438
C1.412.4,0.9799989891467165,-8.226926,6,412
C1.432.94,0.9797034389067081,1.9408312,5,432
C1.387.116,0.9795083316654405,-9.97149,5,387
C1.424.146,0.9791772274704922,3.3500583,5,424
C1.438.84,0.9767571274587454,-6.4124856,6,438
C1.406.147,0.973675321477296,-13.847604,5,406
C1.383.162,0.9730520732763537,-6.8241,5,383
C1.383.172,0.9730125245279793,4.42253,6,383
C1.416.93,0.9721126117631516,4.612069,4,416
C1.383.50,0.9717019602522861,12.57513,6,383
C1.403.109,0.9714119268643058,2.4621994,5,403
C1.430.53,0.9711850940328195,-7.138832,4,430
C1.432.144,0.9670144916447025,6.4771514,5,432
C1.387.49,0.9634423802611347,5.5834703,5,387
C1.438.127,0.9583338877735246,-0.9176692,6,438
C1.383.198,0.9582069882222968,-4.32902,6,383
C1.431.40,0.9563189381709389,13.817364,5,431
C1.392.16,0.9559207965746961,-15.353897,4,392
C1.444.14,0.9552884531014112,-0.43329006,7,444
C1.444.31,0.9549259858069081,2.4319527,7,444
C1.413.73,0.9542015931373489,-21.127361,3,413
C1.414.28,0.9533490192902816,3.9229214,4,414
C1.418.66,0.9526174356544512,16.805504,4,418
C1.446.20,0.9499917403154023,-0.92639285,6,446
C1.446.60,0.9486608277304658,-6.8376927,6,446
C1.390.4,0.9477951283259185,19.996243,3,390
C1.432.56,0.9460945171481616,4.036511,5,432
C1.444.144,0.9459991451802514,-9.328297,6,444
C1.396.62,0.9459316639656399,15.932139,5,396
C1.443.5,0.9448346731446029,2.419805,6,443
C1.438.144,0.9424074843466628,9.355757,5,438
C1.432.5,0.942131667305212,7.185551,5,432
C1.439.14,0.9371395230935708,10.278722,5,439
C1.387.140,0.9370843748666224,4.15513,5,387
C1.432.29,0.9356312423250994,-10.416809,5,432
C1.438.134,0.9331938615121846,-4.9971523,6,438
C1.446.54,0.9318335800273465,0.38352707,5,446
C1.447.17,0.9301892194303598,0.4334098,6,447
C1.432.150,0.929680947403025,6.7787113,5,432
C1.438.148,0.9293739216212618,-5.9931126,5,438
C1.446.43,0.9292727348565559,-10.214326,6,446
C1.390.131,0.9270113891350864,14.859976,3,390
C1.424.117,0.9257965821913796,-0.81552064,3,424
C1.385.138,0.9252063893542517,-2.5447052,5,385
C1.416.121,0.925039468086563,-10.093356,4,416
C1.416.95,0.9249726637320121,-2.8975806,4,416
C1.396.113,0.9236343469200361,13.251879,5,396
C1.424.182,0.9232469726021426,10.156259,5,424
C1.445.53,0.922460901879973,-6.628654,5,445
C1.432.131,0.9207337855032012,-3.9864488,5,432
C1.440.73,0.9194661260191037,-5.2665396,5,440
C1.383.74,0.9190117329802792,-12.351769,6,383
C1.389.8,0.9189673922495623,-4.39717,3,389
C1.382.107,0.9163086287797229,17.887047,6,382
C1.406.69,0.9162247950114899,7.5153556,5,406
C1.390.126,0.9160432431030878,21.61011,3,390
C1.444.1,0.9148659236164132,5.2970386,7,444
C1.438.122,0.9142084744216958,-3.5977192,6,438
C1.434.77,0.9131208898009622,-4.5651774,4,434
C1.396.194,0.9102070121884025,-13.987186,4,396
C1.438.116,0.9085202158053989,-10.127163,5,438
C1.403.85,0.9084618636947599,-7.3522806,5,403
C1.390.62,0.9080806736243965,20.670275,3,390
C1.418.22,0.9079100843112031,27.757605,5,418
C1.390.130,0.9075934852452454,7.1657424,3,390
C1.438.172,0.9070372797832231,7.002681,6,438
C1.416.44,0.9059461696374276,-5.1383557,4,416
C1.383.2,0.9055895081737868,12.1202965,6,383
C1.424.33,0.9053015353281921,-9.504842,5,424
C1.416.114,0.9046849222045097,0.0452193,4,416
C1.398.35,0.9032711509015963,-4.174858,6,398
C1.416.33,0.9032360389152478,11.409869,4,416
C1.383.5,0.9029105903391654,17.114464,6,383
C1.402.53,0.9015569492843585,4.4663,6,402
C1.434.101,0.9004037657785176,9.550936,4,434
C1.440.28,0.9003723107593016,-22.08222,5,440
C1.389.12,0.897796978924077,-5.39557,3,389
C1.389.217,0.8966461627712015,4.104097,3,389
C1.439.69,0.8962824867915795,5.124942,5,439
C1.445.101,0.8950448126107526,-8.4317255,4,445
C1.438.3,0.8944165539469338,-3.6331692,6,438
C1.445.72,0.8939355225877379,-12.649003,2,445
C1.438.99,0.8934637825932876,-5.1651692,6,438
C1.430.150,0.8933912642197508,7.0546184,5,430
C1.449.55,0.8926006562498403,3.9545672,6,449
C1.390.69,0.8923473745160926,17.00001,3,390
C1.383.190,0.8908712650340733,9.4369135,6,383
C1.424.40,0.8902544204758263,-9.394203,4,424
C1.444.99,0.889550539180678,3.7722242,7,444
C1.437.148,0.8885675807581437,-1.6748842,6,437
C1.449.44,0.886504630145559,-1.713963,5,449
C1.402.46,0.8841315262734617,1.9498833,6,402
C1.445.114,0.8829143890915776,3.1759999,4,445
C1.390.23,0.8809569104858589,-3.9209244,3,390
C1.403.10,0.8802508321215953,-9.336181,5,403
C1.432.64,0.8794895895147099,1.9121312,5,432
C1.413.63,0.8783633926028896,-4.2746916,2,413
C1.389.27,0.8778141561886703,17.043423,2,389
C1.445.22,0.8771684135977512,-25.89805,4,445
C1.432.40,0.8756385531653805,-4.322209,5,432
C1.438.5,0.874793966018083,-2.3247693,6,438
C1.413.12,0.8745849871548869,-5.374095,3,413
C1.383.135,0.8737645422025504,6.56473,6,383
C1.399.7,0.8728983679854209,-11.066046,6,399
C1.432.151,0.871637917330536,9.782611,5,432
C1.444.133,0.8709965410178111,-0.19591863,7,444
C1.432.61,0.8681060055252712,-1.9254972,4,432
C1.389.140,0.8677723665902648,8.600297,3,389
C1.431.11,0.8667301272202822,-0.4006166,5,431
C1.383.13,0.8662958904276794,-1.6687366,6,383
C1.437.111,0.8647137579972379,-3.2222674,6,437
C1.400.96,0.8637692316538917,-0.7608564,4,400
C1.446.42,0.863298057073935,-5.798143,6,446
C1.396.43,0.8629279818238491,11.987819,5,396
C1.416.6,0.862848722256685,7.4382944,4,416
C1.431.37,0.862391751343371,-18.682314,4,431
C1.416.108,0.8611285355708482,2.6169443,4,416
C1.414.63,0.8600967457410387,8.665721,4,414
C1.438.105,0.8582439937778354,-8.576269,6,438
C1.413.18,0.8578568001264227,8.053405,3,413
C1.438.98,0.8576701665297892,-2.164206,5,438
C1.432.183,0.8554826896509599,-2.335589,5,432
C1.426.32,0.8530721389884339,-8.569914,6,426
C1.430.41,0.8527805333236824,7.722598,5,430
C1.442.56,0.8495745598601605,6.954312,6,442
C1.434.150,0.8490351142121386,-2.5398524,4,434
C1.432.55,0.8487409296038307,0.2830512,5,432
C1.438.15,0.848234383409755,-7.5795627,5,438
C1.438.101,0.8480879125654204,2.8199594,4,438
C1.416.52,0.8479099453368266,1.3371193,4,416
C1.432.105,0.8464694488393315,0.8252312,5,432
C1.416.43,0.845883316955681,6.672594,4,416
C1.442.30,0.8458034826359144,3.6215954,6,442
C1.403.110,0.8441658551125608,-10.122781,5,403
C1.444.147,0.8440884638470321,-7.87773,6,444
C1.413.48,0.8436347987556229,-1.3778951,3,413
C1.387.50,0.8434325395333199,1.6429576,4,387
C1.438.12,0.8431658481375988,10.143731,6,438
C1.445.63,0.842431273207482,21.682049,4,445
C1.442.61,0.8418167092614273,6.292862,6,442
C1.418.74,0.8405097765116739,1.2313282,4,418
C1.402.14,0.8390881119353328,-7.84995,6,402
C1.438.115,0.8374066964175395,1.7186475,6,438
C1.438.103,0.8368616305142851,-3.5409691,6,438
C1.432.101,0.8367468757873894,-0.97548884,5,432
C1.413.33,0.8356883408949131,19.754772,3,413
C1.383.69,0.8350373979406368,7.724097,6,383
C1.399.49,0.83493725931037,-2.184213,6,399
C1.430.17,0.8323279587771852,7.574798,5,430
C1.438.51,0.8315723921053946,-0.46863583,6,438
C1.403.101,0.8295672613012969,0.72087944,5,403
C1.396.72,0.8285829540104568,15.784219,5,396
C1.406.143,0.8272079105759274,11.693459,4,406
C1.432.115,0.8266864765685312,11.116431,5,432
C1.426.4,0.8266019308211348,-3.5279136,6,426
C1.438.68,0.8264851234928253,-1.3918191,6,438
C1.446.52,0.8252584054937102,-13.103959,6,446
C1.390.105,0.8244658466167295,-1.1332576,3,390
C1.445.35,0.8219791097214656,-1.0251751,4,445
C1.412.84,0.8211222332261776,-3.1714928,6,412
C1.440.79,0.8203327906124859,3.5040007,5,440
C1.383.72,0.8187801775512374,12.123336,5,383
C1.429.44,0.8183652760760164,-19.317917,6,429
C1.418.11,0.8158516402476811,15.166123,5,418
C1.400.30,0.8155987498838339,6.3187685,4,400
C1.437.48,0.8154645721373267,-11.670035,5,437
C1.383.23,0.8124890918862336,9.110614,6,383
C1.438.86,0.8120809619519543,-3.0869024,6,438
C1.438.97,0.8101518655280852,10.468881,6,438
C1.406.167,0.8097172761254262,14.748695,5,406
C1.438.11,0.808197869821686,-9.780063,5,438
C1.395.62,0.8074612484784287,-2.3662674,7,395
C1.438.161,0.807295387463092,-2.1052358,6,438
C1.426.17,0.8071247377530939,18.969982,5,426
C1.439.82,0.8038300661100465,-2.414978,5,439
C1.413.67,0.8017525770391126,0.10577155,3,413
C1.416.153,0.8003895307422011,12.082069,4,416
C1.446.51,0.800275388577081,10.184107,6,446
C1.437.74,0.7996643095817974,-19.703234,6,437
C1.396.190,0.7992630846245719,-5.352238,3,396
C1.406.163,0.799121124923114,3.6097357,5,406
C1.387.11,0.7979976052808129,0.8585901,5,387
C1.390.122,0.7968160069939495,17.615942,3,390
C1.426.2,0.7966349366230636,-5.7168636,6,426
C1.413.50,0.7961764185737495,-11.722462,3,413
C1.383.4,0.7951831688181169,15.90968,6,383
C1.390.14,0.7948309487267339,6.0266423,3,390
C1.449.23,0.7932523849826857,-12.577749,6,449
C1.396.189,0.7925529823301614,22.643364,4,396
C1.438.20,0.7913670287292361,2.007681,6,438
C1.424.13,0.7913389435015195,-3.8793392,4,424
C1.395.53,0.7906297769968413,-0.6148585,6,395
C1.382.111,0.7891638723208295,5.426714,6,382
C1.445.81,0.7880706787047328,-17.931675,4,445
C1.445.96,0.7879017770976261,3.3478262,5,445
C1.390.22,0.7851274554765629,11.787743,3,390
C1.445.61,0.7840640541573723,-16.360525,4,445
C1.439.46,0.7814459687736776,11.023702,5,439
C1.387.95,0.7813230717591759,-4.44447,5,387
C1.416.1,0.7804096893779282,-0.8632557,4,416
C1.390.92,0.7802784640453643,-5.7089243,3,390
C1.438.36,0.7801319427654293,9.337315,6,438
C1.387.14,0.7774967268794813,7.00203,5,387
C1.438.60,0.7772791632162274,1.0066975,6,438
C1.410.12,0.7768014881737222,-9.861801,6,410
C1.445.138,0.7759058376712243,-1.1039501,4,445
C1.414.31,0.7755130607015229,6.7868714,4,414
C1.396.132,0.7747920979493372,2.9120588,5,396
C1.387.19,0.7729365810425134,0.38483012,5,387
C1.445.163,0.7724024019471105,-1.2799001,4,445
C1.395.57,0.7714088702938842,-1.9024817,7,395
C1.426.93,0.7708456929463426,-2.7530775,5,426
C1.414.12,0.7685143313588508,4.7594213,4,414
C1.445.151,0.7662994645333633,8.217575,4,445
C1.432.147,0.7653851808732691,-1.7373688,5,432
C1.383.164,0.7652867772809602,16.453648,6,383
C1.438.147,0.7637634055398969,11.204031,6,438
C1.438.46,0.7627155945933864,2.3147643,6,438
C1.438.138,0.7618443179787969,-13.187486,6,438
C1.432.157,0.7610449661334566,2.7803912,5,432
C1.445.15,0.7609832036189503,-4.194214,5,445
C1.431.8,0.7607362879765938,1.8499634,5,431
C1.438.48,0.758133548595387,0.019340884,3,438
C1.442.1,0.7567462451853826,-1.3215213,6,442
C1.432.49,0.7545078643044791,-2.469369,5,432
C1.432.149,0.7543371266148915,7.1242514,5,432
C1.426.95,0.7532823765168271,10.6221695,6,426
C1.395.9,0.7506808680975843,5.3377895,7,395
C1.432.120,0.7496215595089649,9.592072,5,432
C1.403.76,0.749219265261796,1.3615195,5,403
C1.390.2,0.7489056350726119,-4.911591,3,390
C1.387.96,0.748490443373818,4.47787,5,387
C1.440.57,0.7483034594047824,-12.701519,5,440
C1.400.29,0.7428262188530188,-10.089156,4,400
C1.410.28,0.7420881118540477,13.277398,6,410
C1.426.62,0.7419433541989192,5.9371033,6,426
C1.403.21,0.741277839892131,-6.8055205,5,403
C1.406.51,0.7405595725920926,12.28194,4,406
C1.416.155,0.7402598936243869,-5.7830057,4,416
C1.383.173,0.7389366224416068,-0.20503652,6,383
C1.430.27,0.7370513269122316,3.2118783,5,430
C1.430.93,0.7366865087549351,3.135926,4,430
C1.438.137,0.7364761950063582,5.686831,6,438
C1.416.135,0.7323038549038294,2.7115192,4,416
C1.387.126,0.7313798411902113,-13.15493,5,387
C1.432.162,0.7309873328890697,9.948551,5,432
C1.438.145,0.7302597001648473,2.8066976,6,438
C1.390.99,0.7294240575936325,-9.327691,3,390
C1.432.155,0.7289496934553361,2.180071,5,432
C1.445.67,0.7275235070133927,-12.963057,4,445
C1.438.104,0.7273336100953972,-8.504069,6,438
C1.430.87,0.7265726454806354,11.613778,5,430
C1.396.175,0.7234308827216727,4.998759,5,396
C1.416.9,0.721568715022342,5.186469,4,416
C1.406.165,0.7197747626872955,17.579002,4,406
C1.410.50,0.7188712044063486,7.4671817,6,410
C1.444.103,0.7176124421988229,-0.9053199,6,444
C1.438.111,0.7164900713906389,5.1979976,6,438
C1.387.43,0.7164170911358916,0.54733014,5,387
C1.389.112,0.715525376335914,1.3776966,3,389
C1.387.129,0.7149721747188525,-7.59641,5,387
C1.416.57,0.714896804594219,-9.446356,4,416
C1.403.86,0.7135889372719194,-0.21278058,5,403
C1.413.64,0.7135257331806716,-9.765595,3,413
C1.439.48,0.7119541734139703,6.709062,5,439
C1.402.68,0.7108842339612309,1.66045,6,402
C1.445.140,0.7095687403249146,1.8180861,5,445
C1.387.6,0.708848674761844,6.48839,5,387
C1.444.34,0.7081685059023873,-8.418161,7,444
C1.432.108,0.7077731048071555,5.963991,5,432
C1.426.13,0.7061303631932473,7.8230195,6,426
C1.410.55,0.7048401932684019,1.6879985,6,410
C1.430.96,0.7046033602016765,7.0177784,5,430
C1.447.26,0.704237463702884,-1.9590235,6,447
C1.414.78,0.7019593051759457,11.707083,3,414
C1.426.69,0.7014204492360898,-6.8124175,5,426
C1.396.144,0.7003371434436567,9.707419,5,396
C1.394.47,0.6986700757315336,19.961668,4,394
C1.395.56,0.692793552698164,-1.8857245,7,395
C1.432.139,0.6926956721182799,1.4375712,5,432
C1.387.118,0.6922348748585477,-5.8714676,4,387
C1.406.150,0.6909191224329985,-9.425584,5,406
C1.438.113,0.6899030309446433,1.7266074,5,438
C1.403.16,0.6818500522432185,4.2397394,5,403
C1.438.120,0.6809060659534346,-5.9366527,6,438
C1.382.76,0.6808235863977121,-3.6023529,6,382
C1.395.15,0.6802717156295363,-14.670711,7,395
C1.446.63,0.680191414370896,11.9509735,6,446
C1.438.47,0.6786324959672189,7.626781,6,438
C1.442.85,0.6781216593842683,-5.552121,6,442
C1.383.15,0.6772484520880803,-5.689403,6,383
C1.432.4,0.6764737199851732,3.214091,5,432
C1.383.153,0.6754858911271261,1.7561635,6,383
C1.432.121,0.6731985757216138,-2.7224464,4,432
C1.416.81,0.6725140270653253,-6.5722556,4,416
C1.396.36,0.6720725585055365,-3.4078212,5,396
C1.449.80,0.671939102034696,20.1621,6,449
C1.449.52,0.6710818954827349,-4.9282866,5,449
C1.424.26,0.6685312689986458,10.215299,5,424
C1.434.68,0.6684030601326235,-2.7612247,3,434
C1.400.51,0.6667918243424593,7.7732935,4,400
C1.396.147,0.6661694849899507,-10.714111,4,396
C1.396.47,0.665994700396439,2.7770789,5,396
C1.445.108,0.6659729051060633,9.556425,4,445
C1.438.10,0.6655805998139396,-10.635902,6,438
C1.403.60,0.6631599293393088,-2.4760406,5,403
C1.445.156,0.6631474503729532,-6.532314,5,445
C1.403.72,0.6607596140356424,-8.419061,5,403
C1.438.25,0.6598877379602316,-8.534086,6,438
C1.414.60,0.658710585059468,9.994515,3,414
C1.395.10,0.6577618731807445,-17.695883,6,395
C1.387.74,0.6531741435302626,-3.2145698,5,387
C1.438.27,0.6520505106446709,10.002631,6,438
C1.383.152,0.6507118291266809,-16.590103,6,383
C1.416.51,0.6504940755392226,-4.940106,4,416
C1.447.15,0.6473482353682202,7.7184267,6,447
C1.416.39,0.6473252972834488,3.5858443,4,416
C1.449.61,0.6473238781386049,-0.4545491,5,449
C1.390.48,0.6471157517428648,14.045709,3,390
C1.383.134,0.6446491404862426,-5.52477,6,383
C1.426.78,0.6443708603622166,-4.9898634,6,426
C1.447.75,0.6441153192537052,-6.9955235,6,447
C1.396.24,0.6438613576163941,-4.294421,5,396
C1.444.78,0.6435397991686053,3.3868973,6,444
C1.426.66,0.6427746529519786,3.988432,5,426
C1.418.65,0.6393485553949037,26.363684,5,418
C1.438.7,0.6384435782874908,1.6569142,6,438
C1.389.123,0.6381790699246915,6.893163,3,389
C1.414.73,0.6365732953868815,-7.0957785,4,414
C1.430.79,0.6362141688951056,1.0936782,5,430
C1.438.17,0.6342065388083596,0.63163084,6,438
C1.382.86,0.6339593739479499,15.838214,6,382
C1.437.21,0.6325102534552398,-7.5484343,6,437
C1.383.10,0.632109754609632,2.2687135,6,383
C1.439.58,0.6311360048452804,1.1469619,5,439
C1.414.46,0.6303718369598162,19.618895,3,414
C1.432.76,0.6294395559500121,-2.4497888,5,432
C1.396.51,0.6283701039984932,4.318539,5,396
C1.444.124,0.6278104563335757,-0.08570435,7,444
C1.449.58,0.6262984290355317,0.7053671,6,449
C1.446.48,0.6255525429316193,-4.382376,6,446
C1.402.62,0.6249412649968735,-9.957,6,402
C1.445.112,0.6248680246337689,-0.7722139,5,445
C1.435.109,0.621181452927563,-0.52130234,8,435
C1.438.139,0.6148443326283582,-5.330119,6,438
C1.430.131,0.6147898563228346,15.146459,5,430
C1.438.102,0.6126148375890484,-1.5761524,6,438
C1.438.13,0.6104399928123968,-10.701445,4,438
C1.440.65,0.6101357298002317,-9.6534195,5,440
C1.402.6,0.6090765331729664,0.9694333,6,402
C1.389.107,0.6077819537255317,4.1343107,2,389
C1.438.16,0.6069504538257403,8.067694,5,438
C1.389.91,0.6066895772518373,4.45643,3,389
C1.390.5,0.6050623655149764,6.250942,3,390
C1.426.74,0.6049230478731473,6.9125366,6,426
C1.438.166,0.6045515681665067,-3.5229428,5,438
C1.438.162,0.6037248649809356,8.319214,6,438
C1.438.141,0.6035611596350531,8.476677,5,438
C1.383.146,0.6027913739910349,-10.37947,6,383
C1.440.9,0.6013146852164606,2.4494407,5,440
C1.444.131,0.6003962112450282,-7.031947,7,444
C1.382.25,0.5969117924114029,2.6741626,5,382
C1.406.173,0.5961649386352381,-9.0300045,5,406
C1.387.78,0.5956203733255404,1.7067101,5,387
C1.387.44,0.5939053520613368,1.8188301,5,387
C1.424.188,0.5932050830515956,22.463478,5,424
C1.432.132,0.5888588698512903,-1.3307688,5,432
C1.396.130,0.5852901757153466,17.64452,5,396
C1.438.77,0.5832202046874294,0.8459308,6,438
C1.385.135,0.582961800018941,-6.0946617,6,385
C1.383.95,0.5820768076011215,15.846213,6,383
C1.382.80,0.5820715737896487,21.025764,6,382
C1.430.113,0.5808225034349815,1.6838002,4,430
C1.438.29,0.5799542772774945,-1.1549191,6,438
C1.387.63,0.578721408968102,-2.1509795,4,387
C1.432.109,0.5777678035693333,-0.6240488,5,432
C1.414.86,0.5767721917613838,2.6880805,3,414
C1.424.97,0.5763644490476441,0.88967836,5,424
C1.424.64,0.5763004620986342,6.604718,5,424
C1.414.75,0.5761382410315944,2.5576713,4,414
C1.438.175,0.5753035940221575,9.305058,5,438
C1.403.53,0.5749558594838569,-2.2706206,5,403
C1.414.15,0.574740345009709,2.8692462,4,414
C1.382.77,0.5729144608916199,4.240397,6,382
C1.387.36,0.5720631566142359,0.6539301,5,387
C1.432.175,0.5710469196429706,-0.33374882,5,432
C1.382.46,0.5691416124995001,28.353764,5,382
C1.389.118,0.5673289712729247,4.8345966,3,389
C1.432.95,0.5654260998873699,8.380271,5,432
C1.440.72,0.5639260377584245,-8.732778,4,440
C1.385.5,0.5634975038724044,-6.3073077,5,385
C1.394.31,0.5630709034100949,16.917244,4,394
C1.389.153,0.5582049808771292,15.937297,3,389
C1.390.6,0.5580328522986037,9.941276,3,390
C1.406.176,0.5573216463318156,2.9669757,5,406
C1.403.52,0.556297411177558,-7.0188603,5,403
C1.390.84,0.5561426381758793,-3.025791,3,390
C1.438.100,0.5555077061401424,-5.6814027,5,438
C1.392.45,0.5553738364466912,-13.379147,4,392
C1.437.118,0.5550182165703004,0.6097825,6,437
C1.392.2,0.5539680088533439,-20.648497,4,392
C1.396.177,0.5527742089938295,-3.516261,5,396
C1.446.50,0.5516271703529805,-1.9553262,6,446
C1.387.130,0.5506384116384347,-8.48485,5,387
C1.389.139,0.5503371710235462,-24.484104,3,389
C1.402.80,0.5494730919104703,-5.88935,6,402
C1.426.67,0.5492288074491322,17.264412,5,426
C1.418.40,0.5486467433643504,9.861744,5,418
C1.444.94,0.5477540158854705,9.568753,7,444
C1.406.81,0.5473531823141391,1.5270158,5,406
C1.430.51,0.5471635192251294,3.8146381,5,430
C1.396.123,0.5467085429294127,8.200105,4,396
C1.449.20,0.5458186069152807,-8.549234,5,449
C1.438.9,0.5435983084992558,0.9574475,6,438
C1.438.78,0.5424795469702687,6.883714,6,438
C1.389.28,0.5403484022696655,7.37503,3,389
C1.446.62,0.5394039037654421,-3.948326,6,446
C1.430.81,0.5390286421875298,-0.56722176,5,430
C1.444.11,0.5384227395628793,-8.293525,6,444
C1.445.134,0.5381432349053739,9.7281065,5,445
C1.390.89,0.5381186295732999,-14.166124,3,390
C1.396.88,0.5370816803572067,-0.6057956,4,396
C1.438.64,0.5370303286925121,10.859824,5,438
C1.444.116,0.5341261269803158,0.9444957,7,444
C1.431.38,0.5324748329867055,24.59903,3,431
C1.444.141,0.530219289555291,-12.048547,7,444
C1.446.44,0.5294998555615344,-6.99491,6,446
C1.444.54,0.5257232592055356,13.245947,6,444
C1.426.57,0.5241932469987076,19.703407,4,426
C1.395.34,0.5235910321236735,-8.040625,7,395
C1.387.92,0.5227888785816375,-2.8670099,5,387
C1.438.156,0.5210996832252136,2.6406143,6,438
C1.426.19,0.5210607067735348,14.37192,6,426
C1.416.122,0.5199294018779094,-3.7588558,4,416
C1.390.40,0.5198327929028325,10.780209,3,390
C1.432.27,0.5190755221720383,-3.6730688,5,432
C1.426.71,0.5157011484338352,8.462103,6,426
C1.390.59,0.5151540400370525,8.430542,3,390
C1.395.6,0.512003357611706,-2.4800675,7,395
C1.438.24,0.5108651047793297,-0.18182282,5,438
C1.410.8,0.5106196716292299,1.8213186,5,410
C1.416.137,0.508684899692841,0.4241193,4,416
C1.414.59,0.5077098047108097,-0.43325084,3,414
C1.390.80,0.5073351670481324,9.620109,3,390
C1.438.62,0.506280399937653,11.160297,6,438
C1.438.146,0.5059987023396785,-3.0596192,6,438
C1.430.69,0.5047785823856559,-2.8125017,5,430
C1.438.71,0.5044181038380505,2.4132643,6,438
C1.432.118,0.5013033279068669,7.7871914,5,432
C1.413.34,0.5006542176845564,14.833705,3,413
C1.396.180,0.49883163571661676,2.7549388,5,396
C1.387.107,0.49745799378685013,-2.2221045,4,387
C1.424.67,0.49594924191767203,-11.3199415,5,424
C1.433.80,0.49560847715395967,-0.3208099,7,433
C1.389.225,0.49514929872798935,-4.5416393,2,389
C1.416.90,0.4946790746405349,-2.9700058,4,416
C1.389.22,0.49432827611200786,0.83993,3,389
C1.438.125,0.49403311880076356,-13.995369,6,438
C1.438.117,0.4939852072738002,-1.8428028,5,438
C1.387.134,0.4938450232601344,-5.33029,5,387
C1.445.11,0.49082957216150164,-9.404988,3,445
C1.382.101,0.4904034036126271,8.624248,6,382
C1.440.75,0.4889338846596099,-13.842819,5,440
C1.432.48,0.48531937159919997,-1.8366629,4,432
C1.396.44,0.48528865950818784,2.844559,5,396
C1.432.47,0.48386201412580737,-3.1234088,5,432
C1.383.42,0.48202809228151283,21.04003,6,383
C1.446.57,0.48065241154131116,-0.21777126,5,446
C1.445.75,0.479740461677524,-13.240594,5,445
C1.414.71,0.4780306386483621,1.3435963,4,414
C1.432.28,0.4778825337305201,1.9889112,5,432
C1.395.26,0.4774048978091235,0.8910897,7,395
C1.439.40,0.4770508199816211,17.122862,5,439
C1.444.95,0.4764816441804814,-7.8261757,7,444
C1.432.6,0.4759287034844704,-0.27706882,5,432
C1.416.164,0.47587158133914015,4.1358194,4,416
C1.383.136,0.47458703727060497,-1.6163199,6,383
C1.426.16,0.47301909785375634,4.057512,5,426
C1.432.119,0.47157284456492216,-2.563469,5,432
C1.416.148,0.47140163318496003,-3.3613307,4,416
C1.399.61,0.4713514424938659,-3.660324,5,399
C1.424.31,0.4713084101361997,0.13514666,4,424
C1.446.22,0.4706729235897767,7.7424407,6,446
C1.444.90,0.4696090801462916,-8.92609,7,444
C1.445.92,0.4692301443436458,12.193306,5,445
C1.390.77,0.4691549495406701,-0.999291,3,390
C1.396.52,0.46805372330421063,5.625699,5,396
C1.438.88,0.468038579268449,-14.296753,6,438
C1.438.158,0.4668622089689804,-4.8839726,5,438
C1.438.131,0.46606925032724095,5.7037473,6,438
C1.416.147,0.46183062960372895,-14.692656,4,416
C1.403.7,0.4614580791401141,1.4355394,5,403
C1.406.13,0.46060158355916087,-0.59094423,5,406
C1.438.170,0.4602855557973648,-1.8691926,5,438
C1.441.76,0.45810131456590336,10.634521,6,441
C1.389.4,0.457201647274424,-10.123903,3,389
C1.438.108,0.45541785917630623,7.8263574,5,438
C1.389.138,0.4546713029572553,17.331863,3,389
C1.440.81,0.45432770193155697,-10.0819,5,440
C1.416.134,0.4542985948961536,-6.7796307,4,416
C1.444.115,0.45228639573167845,1.6951002,5,444
C1.449.59,0.4515453665381451,-2.3621464,5,449
C1.383.178,0.45135000705867206,15.9829,5,383
C1.438.135,0.4511248748972771,-5.6627693,6,438
C1.432.158,0.45111019940521563,11.287711,5,432
C1.432.93,0.4461794018462866,5.132851,5,432
C1.445.129,0.4451841731669655,4.380448,3,445
C1.445.85,0.44506685105335203,5.0573063,5,445
C1.390.41,0.4427203350582157,5.1354756,3,390
C1.416.47,0.4401396036541588,-1.6220556,4,416
C1.403.65,0.43981646245086087,-1.9581006,5,403
C1.432.62,0.4396355471411016,2.2197912,5,432
C1.389.214,0.4395148185447159,10.733497,3,389
C1.406.78,0.43732434020738825,23.131235,5,406
C1.445.36,0.4352899147460119,14.837875,4,445
C1.387.60,0.4350918405240442,-6.34549,5,387
C1.445.149,0.43480802141309877,-1.2936139,5,445
C1.406.45,0.43477728631631746,10.596496,5,406
C1.445.8,0.4328619788946774,-8.449676,4,445
C1.383.98,0.4316180498766045,11.18388,6,383
C1.402.71,0.43128150969040685,12.3736,6,402
C1.438.96,0.42915779291399675,12.6322975,6,438
C1.403.26,0.4288647005248339,-12.407061,5,403
C1.438.32,0.4276601288978186,-0.51878583,6,438
C1.403.38,0.42585913023511907,1.2854794,5,403
C1.448.60,0.4252648640364128,9.05638,6,448
C1.389.1,0.4251193269637737,7.493497,3,389
C1.433.33,0.42415705192003433,11.029405,7,433
C1.387.101,0.42299490698134684,5.10651,5,387
C1.447.60,0.4225131601818098,-1.6387235,6,447
C1.385.44,0.4212128390570327,17.898539,6,385
C1.412.117,0.4205179870500157,-10.785693,6,412
C1.418.72,0.4203293593740454,16.578398,4,418
C1.440.4,0.41944623779360696,-31.051678,4,440
C1.399.51,0.4185316285565465,-11.711546,6,399
C1.387.4,0.4181562200086271,-11.93161,5,387
C1.424.145,0.41592589326431945,-7.1543016,5,424
C1.444.26,0.4143356278213946,7.5849466,6,444
C1.403.92,0.4091933107633761,-8.617161,5,403
C1.438.121,0.40797362771081197,-13.340403,6,438
C1.390.104,0.4075958481140282,3.8391623,2,390
C1.445.158,0.40739764003304185,-2.6867,4,445
C1.424.55,0.40735381070300686,4.3832107,4,424
C1.438.123,0.4064598953336787,5.324137,5,438
C1.440.27,0.4049317263056795,-5.426569,3,440
C1.445.107,0.40401759859495906,1.4937867,3,445
C1.431.60,0.4030634637880735,2.4616034,5,431
C1.387.139,0.40245049982031283,-6.71001,5,387
C1.432.114,0.400654275855209,6.079091,5,432
C1.387.103,0.40048028749168246,2.5168102,5,387
C1.394.62,0.40047958983250803,-0.5595565,4,394
C1.446.37,0.3978430056281464,8.441791,6,446
C1.440.69,0.3976490509166634,-9.960079,5,440
C1.396.50,0.39705696464118506,11.892959,5,396
C1.416.42,0.3957163805466875,6.0937943,4,416
C1.402.85,0.39410113456955004,-0.50018334,6,402
C1.437.98,0.39393079277214754,-14.158884,6,437
C1.432.7,0.39327809775746353,-7.641089,5,432
C1.446.10,0.392852882198053,-9.892909,6,446
C1.438.126,0.39233244786802673,14.517367,5,438
C1.438.39,0.3906246957809219,15.606431,6,438
C1.391.3,0.3905927702840554,-4.299902,4,391
C1.389.63,0.38841488240087,-14.5829935,2,389
C1.416.36,0.387679171630915,12.377045,4,416
C1.416.130,0.3863899975210536,-4.5735807,4,416
C1.444.2,0.38504946981947125,2.5746386,7,444
C1.445.23,0.38156249080211996,-20.423,4,445
C1.396.59,0.38024470568583707,3.046439,5,396
C1.383.24,0.3792988089510072,15.8671465,6,383
C1.406.151,0.3792978403898347,4.994556,5,406
C1.383.114,0.3786104557560605,4.697597,6,383
C1.430.54,0.37626260126159283,6.170125,4,430
C1.449.5,0.37458807096231117,-3.1190495,6,449
C1.445.27,0.3743984251391711,-10.892056,2,445
C1.390.109,0.3739901475125912,2.1327755,3,390
C1.438.85,0.3723045382200505,-14.7529125,5,438
C1.406.62,0.37149782747803517,7.3233757,5,406
C1.395.30,0.370074057570728,7.008104,7,395
C1.412.137,0.3691171608722752,-12.056542,6,412
C1.445.167,0.36497656138331047,-13.171862,2,445
C1.394.33,0.3618583734770441,1.2587935,4,394
C1.383.81,0.36168833710839915,8.587397,6,383
C1.446.27,0.3613630717117727,6.254957,6,446
C1.432.72,0.3603726753078422,2.408971,5,432
C1.432.50,0.35952478027090395,2.031511,5,432
C1.432.24,0.35767808438528326,1.0273511,5,432
C1.438.34,0.35733671838514947,-14.125752,6,438
C1.438.82,0.3571249108491059,-6.3608193,6,438
C1.418.63,0.3561006387892302,26.763517,4,418
C1.406.14,0.35546444292673296,12.310196,5,406
C1.438.80,0.3551698468354022,18.217304,5,438
C1.438.167,0.35487148885976816,-4.572069,6,438
C1.390.35,0.35466642229408785,15.177576,3,390
C1.447.38,0.35306440887400015,-1.3763235,6,447
C1.432.30,0.35295688593212027,-5.046489,5,432
C1.440.8,0.3528579988553453,2.4066207,5,440
C1.400.44,0.3521930974483401,12.582193,4,400
C1.449.69,0.3501068702683854,4.634017,6,449
C1.400.41,0.3495187597520673,0.6331436,4,400
C1.406.12,0.34659564871059323,-6.8904843,5,406
C1.432.16,0.34641540953726147,4.228011,5,432
C1.394.16,0.3459341857393018,14.2451935,4,394
C1.406.140,0.34543750244365523,14.552115,5,406
C1.414.27,0.34357846674931314,11.748846,4,414
C1.432.31,0.34337793055674243,-0.48218882,5,432
C1.382.59,0.34315292045768747,13.352863,6,382
C1.440.56,0.34176594405754,-8.625979,5,440
C1.406.41,0.34055967934028764,-13.145585,4,406
C1.438.63,0.34040471764174374,-9.961223,5,438
C1.432.113,0.33863894268138794,7.6677713,5,432
C1.445.128,0.33827585904897284,-3.028875,4,445
C1.403.98,0.33815537969506254,-2.1909206,5,403
C1.438.79,0.3378364385565318,-1.5926858,6,438
C1.444.111,0.33713978721091536,-1.60793,6,444
C1.445.102,0.3353399403462124,-2.3625002,4,445
C1.445.144,0.33416668521151727,17.197487,5,445
C1.414.39,0.33237431029430486,11.985849,3,414
C1.390.3,0.33228622136896346,-3.8721576,3,390
C1.445.59,0.33145755422175105,11.211786,5,445
C1.440.38,0.3311637176871878,10.53294,4,440
C1.445.123,0.33107399368072865,-17.728264,3,445
C1.438.50,0.32978957648775065,-4.0328693,6,438
C1.390.112,0.32771844062902467,1.3361423,3,390
C1.445.18,0.3267156835121937,-0.62347996,3,445
C1.389.135,0.324135491036213,-6.1711893,2,389
C1.416.88,0.32352349732866575,6.9890943,4,416
C1.406.169,0.3224029601686066,1.3856758,5,406
C1.387.104,0.3219676147858939,1.3534701,5,387
C1.390.79,0.32114956253692206,-0.065191016,3,390
C1.440.30,0.31877703401328494,-11.57834,5,440
C1.389.57,0.31747286624667337,-9.946303,3,389
C1.403.4,0.316672080319435,5.9555593,5,403
C1.432.17,0.31574519241420285,2.1416712,5,432
C1.449.47,0.3139149481744341,8.828283,6,449
C1.446.39,0.313829460849718,7.9567738,6,446
C1.438.58,0.3134012974620656,-6.6861525,6,438
C1.442.112,0.3133722342548192,1.3776287,6,442
C1.438.150,0.3097424580765713,15.841614,6,438
C1.433.21,0.3084883796027232,-10.899224,7,433
C1.438.153,0.3077552185395308,15.161898,6,438
C1.389.37,0.30573653917637833,5.701997,3,389
C1.438.155,0.3052048804576645,3.778114,6,438
C1.432.170,0.30419785238632874,-1.3588488,5,432
C1.438.164,0.30347294007309045,8.765331,6,438
C1.387.84,0.3022406758532615,7.3095903,5,387
C1.433.51,0.30096777886547244,4.1151614,7,433
C1.438.53,0.3002967621333118,-5.175496,5,438
C1.426.30,0.2976111686174424,7.0490227,5,426
C1.382.51,0.29692941797149636,18.08053,6,382
C1.389.83,0.29671129368804594,-5.49927,3,389
C1.429.12,0.29644801440237556,-21.143484,3,429
C1.445.86,0.29551134000840074,-13.159575,4,445
C1.387.32,0.29448079520710185,-14.602449,5,387
C1.406.92,0.2940552055014234,-9.162244,5,406
C1.387.66,0.2930325482284301,-1.3449498,5,387
C1.432.35,0.2924283091994701,1.2980711,5,432
C1.432.26,0.292157447581353,-0.4427488,5,432
C1.438.149,0.29124426776985457,2.9748373,5,438
C1.438.118,0.2900330750116784,-18.562235,6,438
C1.387.117,0.2892202742015743,-11.02653,5,387
C1.394.59,0.288142059649252,2.1319435,4,394
C1.438.136,0.28805040727643627,-0.03543582,6,438
C1.434.59,0.2875750317314535,-4.923201,5,434
C1.432.152,0.2873471314633319,-3.125429,5,432
C1.432.100,0.2870303591028223,7.721391,5,432
C1.440.45,0.28632624721415945,-15.13732,5,440
C1.435.95,0.28619277085151607,-4.2064023,8,435
C1.424.54,0.28458921111378066,4.952338,5,424
C1.390.137,0.2839778965976095,5.093876,3,390
C1.441.5,0.2839349871990403,14.520154,6,441
C1.438.19,0.2831350879984188,-0.63851917,6,438
C1.387.38,0.2828818402493977,-11.52821,5,387
C1.444.29,0.28175531017286665,1.02341,7,444
C1.432.65,0.2804553314864067,-8.396789,5,432
C1.449.86,0.2781308389435957,3.927267,6,449
C1.383.32,0.2770267000362088,11.878608,5,383
C1.444.134,0.27670349164234415,0.94712424,7,444
C1.416.7,0.2756051849259125,0.5402443,4,416
C1.396.108,0.2748510843647732,15.256877,4,396
C1.432.148,0.2747890225968706,-0.16492882,5,432
C1.432.180,0.2744816480501612,5.630751,5,432
C1.406.127,0.27324464578661445,-6.9270844,5,406
C1.416.165,0.2732395664751281,-0.4533807,4,416
C1.413.49,0.27313263740536065,-5.870362,3,413
C1.416.160,0.2727722422224369,5.818919,4,416
C1.438.163,0.27255838998861637,8.814697,5,438
C1.447.68,0.27204909374819597,3.7965097,6,447
C1.444.57,0.2707280350366562,10.259582,7,444
C1.445.68,0.27056836477323776,-2.148074,5,445
C1.432.169,0.2703762227192128,6.503931,5,432
C1.402.39,0.26794730041953796,3.1810334,6,402
C1.406.48,0.266328907970548,0.02153578,5,406
C1.432.154,0.2650922623084727,0.57083714,4,432
C1.383.78,0.2645769307926659,26.39808,5,383
C1.403.115,0.26418497428094245,12.67754,5,403
C1.412.23,0.26383853146630565,-15.864877,5,412
C1.438.114,0.26325687590859936,4.1568975,6,438
C1.406.156,0.26264452471006783,-6.840104,5,406
C1.387.114,0.26260648611117826,-4.12425,5,387
C1.394.46,0.2624902419636035,2.4356184,4,394
C1.389.95,0.26070386470206175,-6.210639,2,389
C1.446.65,0.2590946927399253,1.4258904,6,446
C1.433.82,0.2589661058829696,-10.624696,7,433
C1.396.1,0.2582413140218272,7.067619,5,396
C1.431.32,0.25573350650562515,-0.35059658,5,431
C1.424.85,0.2547486012844282,-31.43727,3,424
C1.434.1,0.2543436440280955,5.331039,5,434
C1.406.141,0.2539657613783902,6.791916,5,406
C1.406.21,0.25385624252261874,2.6127157,5,406
C1.382.124,0.25009534072121237,1.1089804,6,382
C1.403.111,0.24946619293231365,-7.5255404,5,403
C1.394.18,0.24919222677650965,3.3923936,4,394
C1.434.3,0.24915436749495656,2.4113588,5,434
C1.431.7,0.2485700128341734,-9.722696,5,431
C1.438.70,0.2483674497096734,-0.8455858,6,438
C1.430.33,0.2471055724739979,-3.7842417,5,430
C1.432.164,0.24695287849386233,-0.41216883,5,432
C1.400.81,0.24677594681385012,-12.3357315,4,400
C1.426.29,0.24442198920027858,0.8934493,5,426
C1.389.173,0.24314136233846328,20.935263,3,389
C1.400.86,0.24211173808635017,-2.7693315,4,400
C1.395.40,0.2403896751991006,-2.114896,7,395
C1.426.80,0.24015040078077843,17.65947,6,426
C1.424.143,0.23572514195660021,-6.9254417,5,424
C1.440.41,0.2357220597858284,5.9674206,5,440
C1.440.52,0.2356735962118619,-5.3700194,5,440
C1.400.89,0.23547341868090021,-7.7550063,4,400
C1.390.68,0.23476639647842412,-5.232591,3,390
C1.403.48,0.2342291901564318,-8.013841,5,403
C1.396.78,0.23342855844751004,5.7518787,5,396
C1.432.23,0.23316394373616434,2.0477912,5,432
C1.432.15,0.23251763101795636,3.6662712,5,432
C1.445.21,0.2320170073771065,-13.3699255,4,445
C1.424.27,0.23151890480832182,-9.347722,5,424
C1.409.32,0.2304102696444179,-9.1975,5,409
C1.403.103,0.2283041599203428,-7.391721,5,403
C1.389.47,0.22725941589305254,-13.574536,3,389
C1.443.9,0.22384631115088144,-1.8328282,6,443
C1.413.71,0.22368121285523102,-0.6805951,3,413
C1.446.34,0.21940668434396565,-11.99471,6,446
C1.438.72,0.21804071842908668,-4.583569,6,438
C1.426.40,0.2158955015831613,7.807253,6,426
C1.438.95,0.21549192076064272,-3.5940428,5,438
C1.432.163,0.21427191054090122,11.650432,5,432
C1.426.12,0.21407607121760497,5.771453,6,426
C1.432.153,0.21389426885075474,-6.551869,5,432
C1.433.41,0.21331984728852438,2.14029,7,433
C1.390.24,0.21325900599579733,-4.360591,3,390
C1.446.68,0.21304813322899324,-1.2313595,6,446
C1.446.3,0.21264809479517394,6.0110736,6,446
C1.400.63,0.21246050370799818,-22.478506,4,400
C1.445.106,0.21194280487484563,-8.813502,2,445
C1.416.64,0.2114155112502416,-12.537747,3,416
C1.396.126,0.21107830082461654,2.105339,5,396
C1.400.9,0.21044702441448576,7.7645936,4,400
C1.406.107,0.2093231237966241,5.6575556,5,406
C1.395.36,0.20920893817885466,0.27443254,7,395
C1.440.51,0.20798494729228523,-1.7006594,5,440
C1.439.72,0.20691612257239722,14.221222,5,439
C1.394.79,0.20549862419069087,-2.3056815,4,394
C1.449.33,0.20470151423285965,2.7003338,6,449
C1.406.3,0.20379583116899092,-0.84020424,5,406
C1.434.121,0.20362839149573075,-4.029002,4,434
C1.447.18,0.19544792952098589,-2.9652736,6,447
C1.394.63,0.19210725682229257,3.1492436,4,394
C1.406.139,0.19172786837249156,6.390256,5,406
C1.433.79,0.1906259818936129,-4.47181,7,433
C1.410.51,0.1899590706076994,9.885109,4,410
C1.414.41,0.18988592417291694,18.538916,3,414
C1.396.152,0.18794024925552605,-11.621921,5,396
C1.390.74,0.18665077238753858,0.633809,3,390
C1.402.40,0.1847244638558333,1.6541166,6,402
C1.424.177,0.18374275559872044,1.8548584,5,424
C1.440.1,0.1835817993475367,-11.770735,4,440
C1.406.70,0.18290043971620296,0.55133575,5,406
C1.392.56,0.18153223299947246,-14.609385,3,392
C1.406.31,0.181434080494707,10.238416,5,406
C1.390.88,0.1808769829666113,-3.2927911,3,390
C1.438.143,0.1799260818522781,-8.566919,6,438
C1.441.57,0.1797784193737504,4.4990373,6,441
C1.445.32,0.17911913887359654,-14.726134,5,445
C1.438.49,0.1771458629793976,2.3936307,6,438
C1.438.110,0.17152005814536198,21.700764,6,438
C1.394.8,0.16978064279927296,18.180168,4,394
C1.387.8,0.16950514075756717,0.34821013,5,387
C1.446.4,0.16792968360988136,12.800874,6,446
C1.432.36,0.16735359384025472,3.2810311,5,432
C1.394.20,0.1668437155445326,8.261719,4,394
C1.390.30,0.1649569424706579,2.1355758,3,390
C1.444.66,0.1629036389810688,7.3999534,6,444
C1.389.60,0.1626828429976176,9.549573,2,389
C1.444.65,0.162278149787703,-13.08333,6,444
C1.445.127,0.16178011418806504,1.0270749,4,445
C1.445.157,0.1575661602495303,-12.993854,5,445
C1.403.64,0.15712200884918276,2.2474794,5,403
C1.387.35,0.1556113138835375,0.9082701,5,387
C1.390.76,0.15505415838533232,10.298509,3,390
C1.387.128,0.1528700577373428,-2.1642098,5,387
C1.431.61,0.1524340320494813,-10.346637,5,431
C1.445.109,0.15178957180290104,8.122966,5,445
C1.406.44,0.15169828830218912,7.7966757,5,406
C1.403.35,0.15112974408363117,3.1448195,5,403
C1.382.119,0.15043983909635422,11.712314,6,382
C1.400.50,0.14985193021702709,7.4228935,4,400
C1.447.70,0.14855024781642107,1.8052765,6,447
C1.431.48,0.14851029139286115,-2.2091696,4,431
C1.416.14,0.1469521054998542,-0.1279807,4,416
C1.396.22,0.14449254381438092,-3.396321,5,396
C1.445.148,0.14387947055565992,5.6551104,3,445
C1.390.32,0.14341947176106867,-3.1253576,3,390
C1.440.64,0.1428199740443758,-11.00108,5,440
C1.389.190,0.14188243589969607,10.12363,3,389
C1.441.67,0.13918793249152478,16.610867,5,441
C1.437.120,0.13804103660216804,-1.1255008,6,437
C1.447.51,0.13583857989285258,-2.516838,5,447
C1.430.64,0.1348569175464675,12.336638,5,430
C1.383.170,0.1315358284077368,9.42663,6,383
C1.406.120,0.13147489038659088,-16.054464,5,406
C1.387.81,0.13121377368171744,5.33543,5,387
C1.430.1,0.13037742383137052,12.902039,5,430
C1.440.76,0.12893958042585113,10.047641,5,440
C1.406.30,0.1270041181856964,-18.587925,5,406
C1.396.154,0.12465145362605416,-14.532501,5,396
C1.416.17,0.12457537196828337,11.86457,4,416
C1.446.55,0.12377700351145814,-4.748576,6,446
C1.394.12,0.12349330038318988,10.732718,4,394
C1.431.27,0.12339011040320595,2.8434434,5,431
C1.438.159,0.12327049524334842,7.430481,6,438
C1.432.127,0.11959237397076077,-4.9617753,4,432
C1.444.58,0.11609659424890585,4.5401955,7,444
C1.409.58,0.11495847198822177,1.0648395,5,409
C1.406.177,0.1133013892112004,12.507576,5,406
C1.387.29,0.11160423922179998,-10.40913,5,387
C1.431.5,0.11032842743943565,0.27241084,4,431
C1.426.8,0.11021608623458794,-7.1413302,6,426
C1.445.152,0.10972282305715346,-30.528362,2,445
C1.440.17,0.10818518943692783,13.029301,5,440
C1.387.16,0.10700917605852252,-9.38211,5,387
C1.416.65,0.10304678847489075,13.369294,4,416
C1.424.135,0.10135837781933206,-4.9678617,5,424
C1.390.50,0.10078668697008102,5.019209,3,390
C1.400.8,0.0980702165635454,-10.221981,4,400
C1.387.55,0.0979278612645079,-10.22567,5,387
C1.406.179,0.09600143451269615,20.390135,4,406
C1.403.5,0.08826995853038173,-2.6806605,5,403
C1.403.90,0.08808101773665657,-0.8295806,5,403
C1.438.165,0.08636091418497298,-12.444452,6,438
C1.410.68,0.08502980025269806,-1.6330682,6,410
C1.406.95,0.08460477244244057,3.1830559,5,406
C1.438.74,0.08450599122489409,-3.418923,5,438
C1.438.56,0.08346800428881478,-1.3553028,5,438
C1.387.41,0.08251150827325816,-16.97753,5,387
C1.396.151,0.07981719494261556,6.699979,5,396
C1.424.111,0.07594893547415603,-10.820242,5,424
C1.406.153,0.0757217918202071,12.793936,5,406
C1.416.13,0.07269011706168436,3.8707442,4,416
C1.447.54,0.07062126414189861,-6.508509,5,447
C1.434.50,0.06897767419560745,11.693048,4,434
C1.406.7,0.0685265808274612,4.9802756,5,406
C1.444.4,0.06720137391520105,-16.54878,6,444
C1.434.80,0.06703847157170643,1.6911037,4,434
C1.426.6,0.06664945012101918,-12.054314,6,426
C1.414.20,0.06450416838644844,29.341572,4,414
C1.399.44,0.06436998742754545,-6.466313,6,399
C1.383.1,0.061274560118561375,4.1298966,6,383
C1.449.16,0.05975491268741111,1.5007337,6,449
C1.403.24,0.05954257061263189,-2.6867206,5,403
C1.394.48,0.058999352292190985,5.2667937,4,394
C1.402.76,0.05828413162225786,6.8724165,6,402
C1.438.4,0.058212774276261744,5.211081,6,438
C1.434.160,0.05725906197786705,-5.922121,5,434
C1.392.50,0.05665997975461036,-14.204522,4,392
C1.389.2,0.05539191082150456,19.51623,3,389
C1.389.39,0.051855301116360095,0.78433,3,389
C1.424.196,0.05167294645471758,0.5603738,4,424
C1.445.125,0.050846709946711796,-3.4586563,4,445
C1.394.55,0.05056746544041284,-4.1862636,3,394
C1.394.77,0.050361379620849286,-1.4153565,4,394
C1.403.40,0.048805078376619335,3.7046063,4,403
C1.382.24,0.048185390684985716,13.0423975,6,382
C1.438.128,0.04816530844220222,2.8041573,5,438
C1.389.201,0.04630376442641142,10.92483,3,389
C1.432.168,0.045494641687309226,-6.088429,5,432
C1.432.78,0.044029524908415676,8.882011,5,432
C1.387.21,0.04351362412608302,-2.8130898,5,387
C1.406.164,0.042971824985891124,-9.063895,3,406
C1.406.108,0.04108580868725058,4.971956,5,406
C1.444.15,0.0410605596922297,-4.0728965,6,444
C1.400.94,0.04026694296112086,7.1389685,4,400
C1.414.88,0.037503467810973454,12.513646,4,414
C1.444.154,0.03693712550782986,4.4924097,7,444
C1.399.26,0.03590594177647903,2.628487,6,399
C1.400.33,0.03570351925374264,-10.5687065,4,400
C1.438.87,0.035649634903299296,-2.0042357,6,438
C1.432.41,0.034452381181212674,-7.171689,5,432
C1.390.103,0.03201833121865237,8.062009,3,390
C1.432.96,0.031231218465070446,5.457231,5,432
C1.434.38,0.03039455006686699,10.618898,5,434
C1.446.32,0.02957732093325087,-11.0107765,6,446
C1.445.60,0.02886767299815314,-1.6506338,5,445
C1.432.53,0.02821803682820144,3.7003713,5,432
C1.434.107,0.027109534365946833,0.27842274,4,434
C1.406.106,0.02597386424025945,-1.4204643,5,406
C1.438.142,0.025591646886004307,7.0623307,6,438
C1.406.1,0.024583633966572274,12.969215,5,406
C1.440.46,0.023598560846977465,-2.5140994,5,440
C1.394.69,0.022399981908431107,1.5002935,4,394
C1.444.22,0.021540400376826266,9.421553,5,444
C1.406.24,0.021416653523862225,6.339316,5,406
C1.447.40,0.020191328468050482,-4.0081067,6,447
C1.438.92,0.019722363094905757,-1.4388691,6,438
C1.394.4,0.019427508526334444,7.5923934,4,394
C1.390.7,0.017844797577109814,11.759509,3,390
C1.403.82,0.017167344929924985,-1.8759006,5,403
C1.402.87,0.015738986761542825,-1.56455,6,402
C1.432.57,0.015676259905672438,3.1029513,5,432
C1.433.19,0.013849034997153162,-0.25595275,7,433
C1.426.88,0.01143858279298339,18.437202,6,426
C1.438.112,0.011136809437486503,-2.0514193,6,438
C1.434.40,0.010769105802130571,5.448198,4,434
C1.414.18,0.010519652960050682,4.8132963,4,414
C1.438.69,0.010506060071119802,-0.80156916,6,438
C1.390.135,0.004875816624064805,4.223309,3,390
C1.406.29,0.004079333208176869,3.2111158,5,406
C1.416.50,0.002601333513611609,-0.81058073,4,416
C1.410.9,0.001714758117196069,-1.4298182,6,410
C1.412.132,0.0011850517291840945,-5.5855927,6,412
C1.403.67,-0.00047590325960090996,-2.2025206,5,403
C1.445.3,-0.0012302964233050218,-14.715312,2,445
C1.399.10,-0.0015181766560853627,-2.9362795,6,399
C1.447.47,-0.0037396280225109046,-4.657749,5,447
C1.403.11,-0.004378959456600565,1.5800794,5,403
C1.432.12,-0.005745164948568679,12.709731,5,432
C1.432.33,-0.005766600954874135,2.951471,5,432
C1.396.70,-0.0079623217044901,-3.144181,5,396
C1.406.37,-0.009860497170874227,12.9674835,4,406
C1.432.87,-0.010902001785153478,6.460071,5,432
C1.440.77,-0.011349188100938712,0.30110064,5,440
C1.385.20,-0.012719748456296281,-3.137978,6,385
C1.440.3,-0.012725362068912283,-12.42328,5,440
C1.387.141,-0.012819390672191053,2.0508902,5,387
C1.389.101,-0.01607727511067987,11.64443,3,389
C1.432.67,-0.016279393321980196,1.2553111,5,432
C1.394.61,-0.016373075532403372,17.774668,4,394
C1.387.73,-0.017504086217091416,-8.462029,5,387
C1.389.55,-0.01803695556983083,8.72363,3,389
C1.406.77,-0.019198466580782766,0.6258558,5,406
C1.402.83,-0.0195756659471812,8.09205,6,402
C1.434.105,-0.020525604660074956,1.4360707,3,434
C1.433.48,-0.021621430319600385,-4.516453,7,433
C1.394.30,-0.022510080914615538,9.752294,4,394
C1.390.33,-0.02318523433099698,0.839709,3,390
C1.406.160,-0.024037468005006266,-4.790284,5,406
C1.406.96,-0.025357669773616767,14.538476,5,406
C1.438.83,-0.025487476358386038,-16.114594,5,438
C1.431.3,-0.02702077080066441,7.403683,5,431
C1.426.97,-0.02739155743325955,0.23636973,6,426
C1.445.126,-0.02974611138336604,-9.6192255,4,445
C1.432.160,-0.030666969771609362,-8.171709,5,432
C1.432.90,-0.03159512187796361,2.132953,4,432
C1.432.103,-0.03431990358982574,4.918711,5,432
C1.426.10,-0.03502628705388246,9.51577,6,426
C1.432.174,-0.03575358865993722,9.766952,5,432
C1.418.8,-0.03609622333013508,16.772423,5,418
C1.403.68,-0.036435388289972295,-4.9752407,5,403
C1.403.79,-0.03856827747080105,6.7414393,5,403
C1.390.106,-0.03859924703589408,-1.0350244,3,390
C1.383.76,-0.03872205407952366,13.614097,6,383
C1.432.110,-0.0413349311098755,9.129372,5,432
C1.390.108,-0.041461702557320804,26.740875,3,390
C1.406.39,-0.04184993978712974,17.038296,5,406
C1.424.19,-0.04381219723771103,-1.0787892,4,424
C1.396.8,-0.045074046050068775,15.825239,5,396
C1.406.145,-0.04632803344621937,5.2067757,5,406
C1.406.63,-0.04651933779144994,-7.8399844,5,406
C1.394.38,-0.0469114220674597,13.323468,4,394
C1.432.81,-0.047202903333180765,-5.756929,5,432
C1.382.38,-0.047413004931607466,12.004975,5,382
C1.402.35,-0.047790160933366535,9.866433,6,402
C1.444.104,-0.048121765869502994,-17.04959,7,444
C1.406.131,-0.048599679489632217,-21.045198,4,406
C1.446.25,-0.050835255090718526,9.420129,5,446
C1.412.94,-0.05093668756152088,-9.905926,6,412
C1.390.114,-0.05137017554330868,-2.2005243,3,390
C1.424.172,-0.05149583789770919,-13.859901,5,424
C1.390.43,-0.052222838444021244,10.119375,3,390
C1.433.38,-0.05248407813936533,6.4793305,6,433
C1.413.74,-0.052864169487696636,-3.056595,3,413
C1.389.64,-0.05295082482730713,-1.88177,3,389
C1.394.9,-0.05359648062030738,2.4611173,3,394
C1.385.89,-0.055264409444977944,1.5200051,6,385
C1.438.38,-0.056886061832591574,-14.146235,6,438
C1.396.14,-0.06092535594535237,-0.82556105,5,396
C1.390.36,-0.06168791374969278,-1.3741577,3,390
C1.387.45,-0.06282489376039829,0.9472501,5,387
C1.444.91,-0.06327280605762695,2.5281956,7,444
C1.387.64,-0.06397577589473656,11.24079,5,387
C1.410.21,-0.0645442466963814,11.339879,5,410
C1.445.132,-0.06548121809819754,-15.301393,3,445
C1.445.113,-0.06587179138189939,-12.193873,5,445
C1.434.76,-0.06646494233189584,7.147279,5,434
C1.387.147,-0.07008093774441315,-11.47559,5,387
C1.432.84,-0.07306870616040784,-1.3577688,5,432
C1.389.71,-0.07344175833024719,10.866063,3,389
C1.390.47,-0.07348282429054712,-8.915788,2,390
C1.409.59,-0.07384961394003617,-8.454081,5,409
C1.440.31,-0.07462656249498315,-4.618628,4,440
C1.444.89,-0.07545311774922572,-4.4698634,6,444
C1.437.57,-0.0775748508170376,-3.0663674,6,437
C1.390.94,-0.07868633518571724,3.9313757,3,390
C1.416.168,-0.0787676428463932,-3.2837558,4,416
C1.441.59,-0.08037625578032291,16.126467,5,441
C1.438.160,-0.08056371756685449,13.131081,6,438
C1.396.167,-0.08236264802171164,2.104539,5,396
C1.394.23,-0.08339948280454279,-4.9683814,4,394
C1.410.46,-0.08344232601692139,-0.6727682,6,410
C1.429.92,-0.08452117311446002,-15.176193,6,429
C1.389.54,-0.08550571014371461,-4.98637,3,389
C1.424.115,-0.08631888065427018,-5.0602217,5,424
C1.416.102,-0.08648757004928614,-9.135706,4,416
C1.445.57,-0.08778682166660504,3.0442,4,445
C1.430.44,-0.08846809900729764,-4.508442,5,430
C1.438.109,-0.09013374703610588,-12.020669,6,438
C1.390.10,-0.09024356472485698,12.612509,3,390
C1.424.75,-0.09025334910388991,0.41811836,5,424
C1.438.22,-0.09030571753316119,-5.4704523,6,438
C1.433.83,-0.09376399195997585,-8.539724,7,433
C1.446.40,-0.09419867746510993,-5.762393,6,446
C1.444.36,-0.0945957310809776,8.76691,7,444
C1.447.87,-0.09501140434166461,-8.200957,6,447
C1.387.56,-0.09587893764879385,4.67247,5,387
C1.440.14,-0.09628761169916292,1.5860807,5,440
C1.434.100,-0.0965641410410974,-3.8251274,4,434
C1.394.35,-0.09687341671536953,-8.220081,4,394
C1.409.22,-0.09814729117870587,-4.781311,4,409
C1.390.121,-0.09923142722911928,4.1718755,3,390
C1.410.5,-0.10072554216958696,6.9463787,5,410
C1.382.41,-0.10165420577966466,-0.9356196,6,382
C1.394.39,-0.1017711653067025,1.7368935,4,394
C1.383.44,-0.10225260848717252,21.039297,6,383
C1.414.85,-0.10266918443358922,4.873147,3,414
C1.403.83,-0.10495185307702837,-5.805721,5,403
C1.432.22,-0.10519343977545177,1.3297712,5,432
C1.410.43,-0.10552824545220257,1.5573485,6,410
C1.444.127,-0.10634981274933294,-0.8121472,7,444
C1.390.111,-0.10769392069194185,3.6310756,3,390
C1.441.46,-0.10784239350842184,9.168588,6,441
C1.406.134,-0.10837582211845381,-0.27440423,5,406
C1.434.139,-0.10887864656356107,2.9317389,5,434
C1.410.33,-0.11064480126615678,9.44814,5,410
C1.390.67,-0.11079191290790237,-8.0841875,2,390
C1.391.1,-0.11116705733718968,-20.726326,4,391
C1.426.28,-0.11262665482195941,17.847233,5,426
C1.445.130,-0.114134894956724,-16.086594,5,445
C1.403.49,-0.11414387524431871,-2.6652405,5,403
C1.409.1,-0.11647197893479809,-10.890368,4,409
C1.446.26,-0.11730520913301387,-5.561493,5,446
C1.447.24,-0.11963216482337792,-12.527273,6,447
C1.430.91,-0.12049361718227121,-0.03318176,5,430
C1.410.14,-0.12283629974035504,2.0883818,6,410
C1.410.11,-0.12307370813124507,-1.2853014,6,410
C1.440.32,-0.12340923940486508,-9.815259,5,440
C1.438.30,-0.12366608071036818,11.34683,6,438
C1.445.131,-0.1244333809644994,-20.434084,4,445
C1.389.40,-0.1253547442585523,-5.2049365,3,389
C1.440.13,-0.12620852103829072,-4.207553,4,440
C1.440.50,-0.12657181862390815,0.118420646,5,440
C1.441.85,-0.12749631745226775,14.10657,6,441
C1.406.133,-0.13035191349782416,-11.266685,5,406
C1.432.145,-0.13035291685046216,0.98471117,5,432
C1.396.192,-0.1340441063904789,2.578659,5,396
C1.385.122,-0.1344627014042295,0.6299552,6,385
C1.390.97,-0.1345056918195072,2.1003757,3,390
C1.416.143,-0.13661250943085282,-0.1612557,4,416
C1.447.63,-0.1394427591497947,-9.498257,6,447
C1.438.124,-0.13977200446698856,6.4284143,6,438
C1.434.98,-0.14218206705657835,1.4661788,5,434
C1.432.89,-0.14257838637283576,1.2186111,5,432
C1.403.73,-0.14321961630939367,-7.3221607,5,403
C1.449.64,-0.14363867868800084,-10.7435665,5,449
C1.409.17,-0.1443674603234389,-6.6579804,5,409
C1.445.139,-0.14522186354649874,0.56254613,5,445
C1.402.29,-0.1471042151896474,5.6438,6,402
C1.440.55,-0.1487987832189003,-4.216039,5,440
C1.438.174,-0.14963206544018182,-16.623985,6,438
C1.406.52,-0.15247539443437924,9.956976,5,406
C1.432.83,-0.15396608706840753,1.4536312,5,432
C1.403.112,-0.15403167420298142,-5.1785607,5,403
C1.383.20,-0.15504644283548885,20.616396,6,383
C1.410.38,-0.15505101497690016,-1.1009848,6,410
C1.433.54,-0.15532575004584076,5.909433,7,433
C1.394.45,-0.15585941492083621,7.2965684,4,394
C1.432.42,-0.15605347181173712,6.3763914,5,432
C1.424.160,-0.15613495042721912,-4.4212017,5,424
C1.447.12,-0.15826403331638425,0.9355432,6,447
C1.448.48,-0.15853867895750498,15.120497,6,448
C1.447.20,-0.1609208098691046,-1.2097235,6,447
C1.434.30,-0.16227469814030315,-11.720282,5,434
C1.434.27,-0.1629440828454387,21.229822,4,434
C1.389.56,-0.16301932066095842,-4.160237,3,389
C1.390.98,-0.16304192765998557,-11.922191,3,390
C1.403.114,-0.16426864728821305,-1.6563005,5,403
C1.382.62,-0.16465753335593286,-2.912665,5,382
C1.406.11,-0.16867744711575455,-14.589504,5,406
C1.406.16,-0.17196055749133907,9.151196,5,406
C1.394.49,-0.1722462997438104,9.031519,4,394
C1.440.87,-0.17238537672042412,4.9592605,5,440
C1.394.51,-0.17241208035930125,7.9611936,4,394
C1.414.50,-0.17279419618422423,12.190446,4,414
C1.394.70,-0.17401825084480674,2.3983185,4,394
C1.387.109,-0.1769251606359279,-17.986341,3,387
C1.434.34,-0.17704105671080883,-7.8409214,5,434
C1.444.62,-0.17999323740040785,4.2255244,7,444
C1.383.58,-0.18022557404596762,6.3190804,6,383
C1.449.65,-0.1804666250578672,-5.1303163,6,449
C1.390.25,-0.18198750345918943,3.4745758,3,390
C1.383.62,-0.18209810146818797,4.6933804,6,383
C1.448.3,-0.18471794162447047,14.839964,6,448
C1.424.80,-0.1853415133370283,-15.220161,5,424
C1.403.87,-0.18567876604071087,-7.2279606,5,403
C1.418.37,-0.18607112868065465,11.557394,3,418
C1.440.23,-0.18951635402782868,3.416147,4,440
C1.392.19,-0.1898174076721375,-13.880022,4,392
C1.414.40,-0.18994253670989136,11.906383,3,414
C1.406.64,-0.19175595968543668,-3.2690442,5,406
C1.445.14,-0.19341864164376332,-11.845402,4,445
C1.403.36,-0.19373841360061783,7.5662394,5,403
C1.392.1,-0.19600018710719497,-30.332571,4,392
C1.416.11,-0.19619027647665854,-7.7470307,4,416
C1.390.21,-0.19669760316044596,-8.888238,2,390
C1.402.65,-0.1989169390083833,-8.55395,6,402
C1.403.62,-0.2026513064412062,-2.1865807,5,403
C1.392.47,-0.20281950684998573,-17.823696,4,392
C1.394.60,-0.2031356064980488,5.5770683,4,394
C1.447.36,-0.20529336001247844,-5.9395404,6,447
C1.390.12,-0.20729314537020924,10.417009,3,390
C1.433.87,-0.20853664503212932,5.978051,6,433
C1.448.121,-0.2090991349253628,2.8025968,6,448
C1.406.144,-0.20922891166924396,1.6451758,5,406
C1.447.78,-0.20933709410745371,-5.1589904,6,447
C1.432.107,-0.21206927523838298,1.9909111,5,432
C1.438.26,-0.21487595965505463,4.9080977,6,438
C1.406.117,-0.21718669337696717,10.459016,5,406
C1.448.88,-0.2178614663931545,9.003297,6,448
C1.406.73,-0.22009379111381916,-10.7186985,4,406
C1.385.3,-0.22288516354995214,1.3497218,6,385
C1.434.118,-0.22298638625799005,3.6057787,5,434
C1.433.24,-0.22344937236033313,5.9658012,6,433
C1.440.22,-0.2254473972503006,9.027981,5,440
C1.396.21,-0.22648510604050162,-0.68564105,5,396
C1.390.132,-0.2265889538513661,-1.0507377,2,390
C1.447.84,-0.22735509044187513,-8.34964,6,447
C1.444.71,-0.22738664970332845,2.8558385,7,444
C1.390.39,-0.2321922950842016,2.005309,3,390
C1.441.3,-0.23293931181293165,10.697671,6,441
C1.406.159,-0.23345473926422106,-6.9473243,5,406
C1.445.66,-0.23363605740555338,7.231369,4,445
C1.387.33,-0.23374916151563546,-9.193749,5,387
C1.389.73,-0.23425930149760543,-6.602103,3,389
C1.389.99,-0.2355001292784773,9.166663,3,389
C1.402.16,-0.2384732124745909,-1.6633667,6,402
C1.441.75,-0.23888015368571525,5.909654,6,441
C1.387.85,-0.24126839292432128,-5.98349,5,387
C1.424.131,-0.24139671702899423,-3.5347416,5,424
C1.403.42,-0.2473623443932229,-2.0724206,5,403
C1.406.23,-0.24879295774160665,12.523955,5,406
C1.389.131,-0.249745456300959,-0.51243913,2,389
C1.390.37,-0.25025771542712544,-2.9337578,3,390
C1.433.17,-0.2503531718279209,-6.093924,7,433
C1.445.174,-0.2524028593534404,12.7213745,4,445
C1.440.42,-0.25384887704355363,-1.6821194,5,440
C1.424.65,-0.25448001553752764,-1.1477417,5,424
C1.402.31,-0.25656264608372686,-7.1197314,5,402
C1.440.2,-0.2567750124323569,-2.4751794,5,440
C1.434.79,-0.25842463282430367,-6.5204773,4,434
C1.445.73,-0.26027356311703376,-6.609314,5,445
C1.382.99,-0.26154785012918996,18.365381,6,382
C1.431.45,-0.26506555438418766,-25.753294,4,431
C1.402.34,-0.2653906121421336,3.7801332,6,402
C1.444.87,-0.266645474785532,-6.2321186,7,444
C1.424.134,-0.26752694302919866,12.618485,4,424
C1.389.62,-0.26868509873468,1.8403109,2,389
C1.406.115,-0.26883408287016647,-9.481344,5,406
C1.410.29,-0.2719249879248401,-5.0067415,5,410
C1.416.86,-0.27248676578541725,-5.9746556,4,416
C1.406.90,-0.27300178703026495,3.0535758,5,406
C1.432.138,-0.2734030279845244,8.130162,4,432
C1.409.57,-0.27371825329740035,-13.87308,5,409
C1.445.49,-0.2751876428607204,2.0028498,4,445
C1.390.53,-0.27574256578515394,17.80901,3,390
C1.432.122,-0.2766223338991386,-6.7198486,5,432
C1.395.24,-0.2778627460983528,2.8682904,6,395
C1.392.58,-0.2795373153865,-9.643621,4,392
C1.410.1,-0.27959541899915397,3.7854652,6,410
C1.406.162,-0.2823116159020531,18.485636,5,406
C1.440.88,-0.28416782978292343,1.6310006,5,440
C1.433.88,-0.2845586015126986,-6.2067814,7,433
C1.434.123,-0.2848020848529082,-5.954677,4,434
C1.438.67,-0.2852351795162552,-3.6257524,6,438
C1.389.191,-0.28663462134356676,3.94743,3,389
C1.445.100,-0.2876977975330349,-11.0902815,4,445
C1.446.30,-0.2882705470731249,-5.5153093,6,446
C1.446.15,-0.2897683812558219,-2.394543,6,446
C1.394.40,-0.29075812688904606,8.098219,4,394
C1.431.15,-0.29153767106512474,11.666623,5,431
C1.445.4,-0.29254804359467645,6.7665076,3,445
C1.418.10,-0.29305980756418154,3.2433681,4,418
C1.424.11,-0.2937380181152714,-25.37844,5,424
C1.418.43,-0.2944321599498964,15.748124,5,418
C1.440.84,-0.2944845327166532,5.4183807,5,440
C1.406.155,-0.2948882713881385,-1.7254242,5,406
C1.387.105,-0.2961366585280099,-11.91197,5,387
C1.394.17,-0.2987033293873344,2.5256436,4,394
C1.389.67,-0.30001358416861135,3.5441966,3,389
C1.382.72,-0.3011186993575107,6.0903473,6,382
C1.440.59,-0.30169079899232815,5.2328205,5,440
C1.430.119,-0.30329013591314297,8.783598,5,430
C1.390.66,-0.30377159769604034,-6.2503242,3,390
C1.448.127,-0.3038653442055202,-1.3700866,6,448
C1.441.61,-0.30669205485875867,18.196337,6,441
C1.449.14,-0.3068593909586521,-1.8000163,6,449
C1.440.11,-0.3073393654374136,-12.767619,5,440
C1.432.130,-0.3074080967960761,-5.100609,5,432
C1.406.171,-0.3098358050815462,0.04231578,5,406
C1.406.104,-0.3106524583150799,10.191036,5,406
C1.394.32,-0.31118324159394023,3.1847186,4,394
C1.431.56,-0.31205774992944535,-10.708639,4,431
C1.394.52,-0.312555642760957,2.7663436,4,394
C1.448.45,-0.3127104404241461,1.8676802,6,448
C1.387.9,-0.31518819757975824,-2.0892498,5,387
C1.416.66,-0.31522447583278806,-6.6201806,4,416
C1.426.5,-0.3154143683992379,-7.916928,5,426
C1.434.2,-0.3157198202045242,5.233523,4,434
C1.444.51,-0.3173415214481967,-25.160664,6,444
C1.441.40,-0.3179582186219058,-0.44459605,6,441
C1.434.147,-0.3181166686500905,-0.8487212,5,434
C1.440.62,-0.32131829338698215,-4.4473195,5,440
C1.445.122,-0.32150926473600294,-13.353181,4,445
C1.387.62,-0.3241796883432738,-5.65523,5,387
C1.432.166,-0.3254331477170514,-5.3999887,5,432
C1.402.54,-0.32557575320452486,2.38675,6,402
C1.392.30,-0.32646567353491585,-31.365772,4,392
C1.406.6,-0.3267396503585033,6.8737836,4,406
C1.438.173,-0.32770054337844556,-1.6350192,6,438
C1.441.42,-0.3280252875038554,1.168754,6,441
C1.402.41,-0.32842363377370937,2.1527333,6,402
C1.433.73,-0.3285547845635527,-8.688039,7,433
C1.389.130,-0.3286789202383953,18.703796,3,389
C1.390.90,-0.3312241747185191,-3.0665243,3,390
C1.432.129,-0.33388610608528474,9.812572,5,432
C1.426.89,-0.3348620285943781,-6.6770706,5,426
C1.390.17,-0.33488332739281373,1.2269622,2,390
C1.396.140,-0.3365702090549663,-2.641041,5,396
C1.392.42,-0.3366754656666571,-15.841672,4,392
C1.406.142,-0.33679727143306565,14.977176,5,406
C1.438.65,-0.3373310791538265,11.188781,6,438
C1.406.20,-0.3418139648688068,7.4034557,5,406
C1.394.10,-0.3426518096896564,-8.078232,4,394
C1.432.123,-0.3431048125384388,3.1059313,5,432
C1.400.49,-0.3431620490610725,-1.2937814,4,400
C1.387.110,-0.3433991433348035,-9.0484495,4,387
C1.424.190,-0.34351548250600994,7.844818,5,424
C1.387.145,-0.34587756503577793,-5.3368096,5,387
C1.390.34,-0.34630321729203284,-18.411158,3,390
C1.440.35,-0.3463998143735104,-5.3351793,5,440
C1.394.67,-0.348361599901301,3.6415935,4,394
C1.441.70,-0.3487181877459806,11.692304,6,441
C1.441.21,-0.3490676313253692,1.858804,6,441
C1.426.70,-0.3493211702131026,-0.41134694,6,426
C1.400.4,-0.34968356343399615,-22.635107,4,400
C1.394.27,-0.35031164956530747,-3.1366315,4,394
C1.406.129,-0.3507241604035696,6.1329956,5,406
C1.416.139,-0.35122215483446956,2.5399692,4,416
C1.440.49,-0.3518631505475972,-4.144419,5,440
C1.447.79,-0.35286342518988867,5.67731,6,447
C1.402.2,-0.357386670804322,5.8451333,6,402
C1.389.147,-0.3583825470384868,12.641463,3,389
C1.394.54,-0.3584334978231156,-10.875682,4,394
C1.449.38,-0.3598300939581741,0.55338377,6,449
C1.400.16,-0.36236246329840893,-7.080056,4,400
C1.406.174,-0.3638848664707983,9.752235,5,406
C1.389.32,-0.36697870563897733,4.0053635,3,389
C1.440.54,-0.3675035810796894,-11.095539,5,440
C1.390.96,-0.36867259998834967,-7.299691,3,390
C1.410.63,-0.36946967046596346,5.0452485,6,410
C1.448.86,-0.3699678047843884,-15.33937,6,448
C1.387.40,-0.3704131475268529,-8.5912895,5,387
C1.432.60,-0.371821421651714,-13.064149,5,432
C1.448.101,-0.3725877451930244,7.787647,6,448
C1.382.44,-0.37289999796116974,11.929797,6,382
C1.432.19,-0.3766258080185815,10.041711,5,432
C1.406.8,-0.3780421653226278,2.1038558,5,406
C1.446.49,-0.3786839225840965,-1.8978596,6,446
C1.432.181,-0.37955303879704466,-5.7743287,5,432
C1.409.52,-0.3799956595638597,1.2223794,5,409
C1.389.145,-0.38187655250896796,-1.4058033,3,389
C1.390.115,-0.3861394317998651,21.674109,3,390
C1.432.102,-0.38647172764740007,8.437031,5,432
C1.406.26,-0.39143929223494056,3.7392957,5,406
C1.410.27,-0.3917012775669785,4.445132,6,410
C1.433.71,-0.3917881776527612,4.0637617,7,433
C1.418.51,-0.39402690947632757,3.0543437,5,418
C1.403.107,-0.3946178602848665,0.73219943,5,403
C1.434.92,-0.3951367577616094,11.082299,5,434
C1.447.5,-0.3956739327979961,2.8431714,5,447
C1.389.158,-0.39575341340193443,6.401963,3,389
C1.432.112,-0.39579417571431796,-2.1823688,5,432
C1.403.99,-0.39643632462122164,14.017839,5,403
C1.406.47,-0.3983422278132147,2.5785158,5,406
C1.441.18,-0.40012752801534013,19.200281,5,441
C1.392.61,-0.4008955232290261,-4.710497,4,392
C1.390.78,-0.4008998838833079,2.8468423,3,390
C1.448.100,-0.401081479408836,-9.299737,6,448
C1.441.52,-0.4031860837110789,5.690987,6,441
C1.430.60,-0.4034650478733923,3.7120981,5,430
C1.432.88,-0.4041235487587117,2.5511112,5,432
C1.447.37,-0.4041352486629255,-10.732491,6,447
C1.406.119,-0.4051743393555234,2.7342358,5,406
C1.447.41,-0.40520240313016975,-15.473674,6,447
C1.397.137,-0.40736823801278843,15.555805,6,397
C1.399.47,-0.408714962381058,-7.714196,6,399
C1.445.76,-0.40998995359647583,-1.7239538,5,445
C1.445.99,-0.4104217428143302,-2.69805,4,445
C1.424.159,-0.4149019661233442,-8.3023615,5,424
C1.444.61,-0.41794085860468383,1.0441957,7,444
C1.449.63,-0.4188844524079539,5.0418673,6,449
C1.409.87,-0.41918627670834296,3.5516195,5,409
C1.409.36,-0.4193667596201549,-10.183201,5,409
C1.441.38,-0.41960644540567715,17.811804,6,441
C1.449.18,-0.4200876767265498,-5.797133,6,449
C1.390.60,-0.4210373645555576,-8.740524,3,390
C1.406.109,-0.4213045134158484,8.306295,5,406
C1.430.42,-0.4213740595550911,10.077378,5,430
C1.432.104,-0.4215969833745779,9.516831,5,432
C1.403.104,-0.4236446162588896,-0.9785406,5,403
C1.445.117,-0.4250229431395032,6.360041,3,445
C1.410.39,-0.4253825039414053,-0.6685813,5,410
C1.424.99,-0.4270960035327026,7.3812356,4,424
C1.441.74,-0.42772047827236914,7.426937,6,441
C1.445.37,-0.4291102878711206,-3.8862138,5,445
C1.424.23,-0.4312049998275417,-6.573339,4,424
C1.394.64,-0.43140113634147537,0.11096849,4,394
C1.390.100,-0.43352450194622183,-3.2991576,3,390
C1.406.178,-0.43535645353056196,10.038015,5,406
C1.406.146,-0.43578754384555307,10.866116,5,406
C1.394.58,-0.4369672554264801,7.4086685,4,394
C1.424.1,-0.4384246939007489,1.8090783,5,424
C1.394.68,-0.44074542772412706,0.6837685,4,394
C1.406.181,-0.4408176847450467,5.5754957,5,406
C1.432.161,-0.44194588983570526,1.9192911,5,432
C1.426.94,-0.44209909982182716,-0.4570636,6,426
C1.400.39,-0.444421443498261,-9.597981,4,400
C1.434.115,-0.4452909338070907,-3.8006413,5,434
C1.434.78,-0.44586675644649676,-1.8070413,5,434
C1.387.15,-0.44607644203666363,-4.17127,5,387
C1.433.53,-0.4470805389120652,-1.3152528,7,433
C1.440.12,-0.4473224496633893,-0.19123936,5,440
C1.447.43,-0.44753121256131523,-5.9240236,6,447
C1.390.51,-0.44845024855779436,7.550042,3,390
C1.447.35,-0.45283697841834225,-11.455374,6,447
C1.438.37,-0.45753584969285754,3.3250642,6,438
C1.445.175,-0.45770802186369886,23.708118,4,445
C1.382.85,-0.4599588582688133,15.184341,5,382
C1.426.92,-0.46002512147174635,-9.220651,5,426
C1.438.130,-0.4620958332433741,0.4343475,6,438
C1.448.74,-0.46254173910257357,-8.369103,6,448
C1.445.17,-0.46293713394254243,12.559587,3,445
C1.402.73,-0.46448676643876985,0.54925,6,402
C1.448.20,-0.46580882675579227,0.8539411,5,448
C1.392.40,-0.46658406554236836,-5.928972,4,392
C1.387.42,-0.46780245691840866,10.80405,5,387
C1.406.56,-0.4719746885884404,-3.1973643,5,406
C1.440.19,-0.4726672458307154,-9.77294,5,440
C1.389.46,-0.47411057905462606,-0.65343666,3,389
C1.448.105,-0.47472738782068735,-3.0947366,6,448
C1.390.127,-0.4766059978283509,0.23881225,2,390
C1.396.141,-0.47972757628461604,4.2346263,4,396
C1.406.71,-0.483244385026962,-5.823584,5,406
C1.448.31,-0.48402031206928064,13.47258,3,448
C1.424.192,-0.4843209413177997,-3.3884416,5,424
C1.432.9,-0.4843464065769072,-0.04186882,5,432
C1.410.69,-0.4844384613272128,2.0162818,6,410
C1.440.15,-0.4858507860163904,-19.19976,4,440
C1.426.7,-0.4860461227840994,-7.8613667,4,426
C1.434.137,-0.486663140146689,-1.8911213,5,434
C1.447.55,-0.48672383719708334,-3.7210736,6,447
C1.431.63,-0.4867555119778221,-15.077117,5,431
C1.406.126,-0.48880761571508435,5.963976,5,406
C1.406.130,-0.4889326426628311,15.421356,5,406
C1.433.44,-0.4892597861790909,2.6163044,7,433
C1.402.78,-0.4937031107653128,-2.32075,6,402
C1.406.9,-0.49501022525527516,13.339936,5,406
C1.440.63,-0.49526066587615736,10.584361,5,440
C1.410.3,-0.49609913038976317,-1.8475951,4,410
C1.441.88,-0.49747972488171566,9.634137,6,441
C1.418.4,-0.4975982961554986,4.7501283,4,418
C1.409.13,-0.49899238849887717,-11.625441,5,409
C1.434.104,-0.4995297160388299,-3.7358773,4,434
C1.447.65,-0.5006952232680423,-4.1250734,6,447
C1.394.72,-0.500849656281693,19.128193,4,394
C1.394.56,-0.5009992889302254,0.8636685,4,394
C1.418.1,-0.5012192392429525,15.216043,5,418
C1.406.28,-0.5073636611913269,-10.6845045,5,406
C1.387.61,-0.5087915305245042,-5.53997,5,387
C1.389.134,-0.5105865482744125,4.7478633,3,389
C1.394.41,-0.5118540766350309,5.5598183,4,394
C1.392.9,-0.5152886451680415,-26.121246,4,392
C1.444.93,-0.5153717576466259,7.785867,7,444
C1.447.80,-0.5155495093450154,-6.2058735,6,447
C1.448.123,-0.518323137031968,-2.0458324,5,448
C1.394.34,-0.5185451411355563,10.419044,4,394
C1.409.61,-0.5226553834977398,-8.8725605,5,409
C1.426.63,-0.5231612388963044,14.375703,6,426
C1.406.17,-0.5241216640618174,9.493976,5,406
C1.441.83,-0.5262582221855335,15.093687,6,441
C1.445.28,-0.5270267172739252,-9.283793,5,445
C1.406.60,-0.5270630657124569,8.644676,5,406
C1.406.58,-0.5272279425158565,8.404456,5,406
C1.387.46,-0.5295062922276085,3.4953501,5,387
C1.441.31,-0.531749528808721,16.633987,6,441
C1.440.85,-0.5345714905043588,-3.1780593,5,440
C1.409.44,-0.5349831509684996,-1.8796005,5,409
C1.432.58,-0.5370383405925871,-0.7603888,5,432
C1.402.19,-0.5377762057115215,1.3729167,6,402
C1.387.54,-0.5378427744228627,-10.16747,5,387
C1.403.105,-0.5408435631559829,0.5296194,5,403
C1.394.73,-0.541041178402348,-8.157106,4,394
C1.440.53,-0.5413576740784262,-8.72724,5,440
C1.382.68,-0.5414510194381701,24.046747,6,382
C1.441.77,-0.5437458576587823,7.1841207,6,441
C1.449.36,-0.5443762563391321,17.266033,6,449
C1.432.159,-0.548732713778749,9.207071,5,432
C1.432.178,-0.5493220487918521,6.644491,5,432
C1.434.87,-0.5498285391089471,12.142998,4,434
C1.387.23,-0.5499743710546039,-13.65119,5,387
C1.418.28,-0.552556810700935,13.636944,5,418
C1.449.9,-0.5542721131079321,-11.630166,6,449
C1.390.45,-0.5544717538730266,-6.554558,3,390
C1.390.81,-0.5568895036202042,-4.281058,3,390
C1.406.123,-0.5569959962663787,-3.3747442,5,406
C1.406.94,-0.5584438939211388,9.286396,5,406
C1.426.68,-0.5619326710910699,-5.427447,6,426
C1.387.136,-0.5645934797460846,-0.49534988,5,387
C1.402.17,-0.5676236830574136,-7.2750835,6,402
C1.394.14,-0.5679539818126179,-14.336407,4,394
C1.389.94,-0.5702047267322831,7.806997,3,389
C1.406.61,-0.5704818392927987,5.976656,5,406
C1.410.25,-0.5714353118454357,21.42105,6,410
C1.434.35,-0.5717930552196188,1.2418188,5,434
C1.406.27,-0.5736311593925677,10.093156,5,406
C1.432.68,-0.574875805299083,-0.7209721,4,432
C1.406.66,-0.5768632582993592,1.5687358,5,406
C1.387.69,-0.5785260803801366,5.69835,5,387
C1.406.54,-0.5791641545079947,5.4887757,5,406
C1.387.47,-0.5814811857763877,0.80729014,5,387
C1.447.52,-0.5820362646424738,-8.1832905,6,447
C1.445.19,-0.5822808868134829,0.2703728,4,445
C1.433.36,-0.5845613270952728,1.213788,6,433
C1.445.161,-0.5874410269758111,-3.2917252,4,445
C1.447.4,-0.5875963626671267,-18.05364,6,447
C1.387.100,-0.5879472385058488,-10.0351095,5,387
C1.385.48,-0.5894466380376592,-2.924565,5,385
C1.406.168,-0.5895211550668605,2.3043957,5,406
C1.432.10,-0.5898496129810601,3.2389512,5,432
C1.403.6,-0.5920498605749982,13.682879,5,403
C1.402.88,-0.5931809824931183,5.7679834,6,402
C1.433.78,-0.5933567624188413,-4.0173526,7,433
C1.409.71,-0.594030045164259,5.0624995,5,409
C1.409.45,-0.5981545566370033,6.140939,5,409
C1.389.69,-0.6008725725174858,1.1100299,3,389
C1.395.25,-0.6038634902947141,-8.795353,7,395
C1.399.54,-0.6044391296050917,-14.312162,6,399
C1.433.50,-0.6052662235442774,-4.6624527,7,433
C1.400.28,-0.605859509505501,-17.265232,4,400
C1.408.28,-0.6092888473271914,-1.2639436,7,408
C1.433.77,-0.6097904131290633,4.817433,7,433
C1.389.157,-0.6101054583911186,12.359663,3,389
C1.434.110,-0.6107790074961519,-5.0873413,5,434
C1.402.38,-0.6122027162046377,5.2672167,6,402
C1.394.57,-0.6140518746764803,-2.5027065,4,394
C1.432.140,-0.6148053582639338,6.540451,5,432
C1.438.43,-0.6157092036050139,-5.060636,6,438
C1.406.166,-0.6159275894076474,12.726776,5,406
C1.440.86,-0.6167778957867375,-5.3838196,5,440
C1.413.9,-0.6191963277733475,-6.7652283,3,413
C1.387.80,-0.6193526170442248,-8.740089,5,387
C1.433.30,-0.6195165269098061,-4.0595956,7,433
C1.447.42,-0.6196090732892999,-14.097907,6,447
C1.406.84,-0.6210656321802277,-2.6556041,5,406
C1.402.49,-0.6213132554903185,-1.7685667,6,402
C1.406.118,-0.6235446959153785,1.6736958,5,406
C1.424.94,-0.6253243198577271,8.000098,5,424
C1.434.146,-0.6258063324123446,-2.7484412,5,434
C1.406.82,-0.6261621820695724,9.2206955,5,406
C1.432.172,-0.6270032816577539,-2.0789487,5,432
C1.424.89,-0.6275276322285178,-10.7974415,5,424
C1.426.58,-0.6281893995111135,6.6088862,6,426
C1.444.132,-0.6330796684708043,-1.2365757,7,444
C1.403.12,-0.6343108072389579,-11.082201,5,403
C1.410.40,-0.6384445513376852,-4.4321346,6,410
C1.416.67,-0.6385342155476674,3.9597943,4,416
C1.390.65,-0.641123901170125,-4.323391,3,390
C1.424.90,-0.6431104242211324,-6.2161217,5,424
C1.406.2,-0.6432126385474812,-4.6925244,5,406
C1.447.1,-0.6438982600131483,4.28896,6,447
C1.410.49,-0.6448015289886875,0.34267867,5,410
C1.406.175,-0.6451922694026851,14.890316,5,406
C1.389.61,-0.645507074569566,1.1335633,3,389
C1.402.43,-0.6458899322502988,-3.7479167,6,402
C1.432.182,-0.6476616794740162,1.2552912,5,432
C1.418.47,-0.6491696020769421,25.230324,5,418
C1.408.73,-0.6496712431934812,3.5284564,7,408
C1.394.22,-0.6516067641265747,-10.433481,4,394
C1.440.7,-0.6518205118436763,-4.1667595,5,440
C1.409.83,-0.6525733608301117,-2.9596205,5,409
C1.402.18,-0.6530462326490026,-8.8337,6,402
C1.387.127,-0.653183249947064,-5.08569,5,387
C1.433.81,-0.6535305231578822,-3.3296814,7,433
C1.431.23,-0.6548674626887353,2.0545235,5,431
C1.387.18,-0.6556345373984516,-2.0748098,5,387
C1.431.34,-0.6559180667067338,-13.14331,3,431
C1.406.135,-0.6603159360494804,-5.0931244,5,406
C1.445.133,-0.6612162130028225,-11.372054,2,445
C1.405.8,-0.661556820297208,-10.970783,5,405
C1.446.29,-0.6617598272807366,-5.7816763,6,446
C1.441.79,-0.661992468087538,3.9891539,6,441
C1.406.93,-0.6626360685591218,13.174416,5,406
C1.424.15,-0.6641032500731695,1.1858152,3,424
C1.406.89,-0.6644558264588355,3.0315158,5,406
C1.445.55,-0.6648139191742725,-4.066602,4,445
C1.410.52,-0.6649023920418994,4.521605,4,410
C1.402.22,-0.6658546536532234,-5.76765,6,402
C1.403.34,-0.667646209661789,-2.7144806,5,403
C1.403.37,-0.6727306010762106,-5.6891603,5,403
C1.382.115,-0.672771310225545,-2.6425529,6,382
C1.390.44,-0.6733228335412934,-6.227791,3,390
C1.394.24,-0.6772343376520759,8.929568,4,394
C1.409.50,-0.6774594363961658,-2.0532405,5,409
C1.430.72,-0.6777090462174244,0.60109824,5,430
C1.433.70,-0.6782843300965183,-10.1124525,7,433
C1.391.5,-0.6787435883737694,-9.001577,4,391
C1.382.103,-0.679809787023846,-5.2551527,6,382
C1.432.54,-0.6811083532719826,1.9160112,5,432
C1.449.51,-0.6828818709633498,7.7616506,6,449
C1.447.76,-0.6835760083801167,-11.715624,6,447
C1.449.48,-0.6837438266236353,-2.0573661,6,449
C1.422.176,-0.6837676104163809,1.3001016,6,422
C1.394.21,-0.6851919313883418,-4.4142065,4,394
C1.430.10,-0.6854125217138698,-10.712707,4,430
C1.448.92,-0.6858182953153374,9.693713,6,448
C1.394.81,-0.6860811591535937,-7.3251567,4,394
C1.431.29,-0.6861186485128177,-15.177535,4,431
C1.382.98,-0.6862561472607739,17.852264,6,382
C1.406.101,-0.6881152073059548,1.5414958,5,406
C1.445.31,-0.6884435827354243,-6.86815,4,445
C1.406.22,-0.6885724207662113,-5.634044,5,406
C1.432.79,-0.6892266836495425,3.129831,5,432
C1.432.43,-0.6895242354632176,-1.9705888,5,432
C1.440.33,-0.6899489912176521,-3.2826593,5,440
C1.446.38,-0.6904142173944257,8.379824,6,446
C1.434.129,-0.6913954537903646,11.578679,5,434
C1.406.19,-0.6937360446013247,12.154096,5,406
C1.448.146,-0.6945570862159839,2.2853634,6,448
C1.433.22,-0.6952477643113851,-5.3857956,7,433
C1.406.79,-0.6980450911301135,10.173156,5,406
C1.402.59,-0.6982086436426869,0.9364,6,402
C1.402.75,-0.6989720750365374,0.6609333,6,402
C1.433.45,-0.6997761504793136,12.258833,7,433
C1.400.67,-0.701258886721609,-2.8079565,4,400
C1.406.18,-0.7013914921733709,-6.1752043,5,406
C1.390.64,-0.7027203934454703,-1.8381577,3,390
C1.434.119,-0.7035517179169979,2.4991987,5,434
C1.406.67,-0.7044821737403013,-1.7020842,5,406
C1.406.161,-0.705701494085874,-18.181965,5,406
C1.399.37,-0.7057350384532209,-6.268963,6,399
C1.441.34,-0.7066470946975821,16.862637,6,441
C1.402.7,-0.7073663553271661,16.328817,6,402
C1.394.53,-0.7074218715141669,4.7585435,4,394
C1.389.111,-0.7075859726009112,21.49423,3,389
C1.433.66,-0.7091870119143681,2.8645759,7,433
C1.389.92,-0.7095949160354297,3.5762634,3,389
C1.446.56,-0.7098402179371479,-4.2497263,6,446
C1.406.172,-0.7163062774712207,5.7962956,5,406
C1.448.42,-0.7163085655873238,2.0384135,6,448
C1.433.37,-0.7163634161078345,9.774661,7,433
C1.406.15,-0.716375576322482,2.8479557,5,406
C1.405.59,-0.7173657372267153,-18.662203,5,405
C1.441.23,-0.7191189752801299,11.931404,6,441
C1.438.6,-0.7199288445682107,-0.42820603,5,438
C1.433.34,-0.7204684451031691,-4.237824,7,433
C1.394.43,-0.7204689080752273,2.3182936,4,394
C1.433.84,-0.7222610802432893,-1.3314242,7,433
C1.432.156,-0.7230421842382089,-3.9645689,5,432
C1.434.16,-0.7234380274235195,10.241439,5,434
C1.432.98,-0.72362651913611,-1.7788888,5,432
C1.430.29,-0.723833826387548,3.4789932,4,430
C1.390.86,-0.7241206819848395,3.1343122,2,390
C1.418.62,-0.7249503769414946,12.2954035,5,418
C1.440.80,-0.7257863645439128,-11.239479,5,440
C1.432.75,-0.7286594895933749,2.8102112,5,432
C1.403.100,-0.7286938505910545,3.2474194,5,403
C1.441.64,-0.7296477507661471,7.608421,6,441
C1.406.122,-0.7300575491468867,7.6274357,5,406
C1.441.84,-0.7310908262797072,7.306421,6,441
C1.410.37,-0.7314566761700694,10.614999,6,410
C1.424.66,-0.7315591047617531,-5.4871016,5,424
C1.390.124,-0.7330918177112492,5.346009,3,390
C1.434.112,-0.7332483617304518,0.55565876,5,434
C1.402.50,-0.7338981027555136,-4.5736666,6,402
C1.440.44,-0.7344165797286438,-8.141139,5,440
C1.434.28,-0.7348625394106365,8.333797,4,434
C1.394.74,-0.7358672667155252,-3.7179816,4,394
C1.406.4,-0.737607065698965,-0.7617842,5,406
C1.390.26,-0.7379113830189149,-10.126958,3,390
C1.448.145,-0.7382705947033328,3.2803276,5,448
C1.434.99,-0.7392812675724517,2.4276989,5,434
C1.426.52,-0.7419794183480046,10.753436,6,426
C1.433.85,-0.7436421111029907,-0.46119562,7,433
C1.441.20,-0.7462637875870699,12.553882,5,441
C1.448.141,-0.7464974545370687,1.9159968,6,448
C1.447.45,-0.7469314344654735,-1.6479087,5,447
C1.438.59,-0.7490023139052441,5.0702477,6,438
C1.389.195,-0.7490400269456947,-1.8829367,3,389
C1.434.57,-0.7505295207277969,11.246773,4,434
C1.382.14,-0.7524005310381886,-12.226386,6,382
C1.402.84,-0.7592699561817159,3.1006188,5,402
C1.426.24,-0.759914287269329,-9.151393,4,426
C1.445.170,-0.7623839917466423,8.329175,4,445
C1.447.50,-0.7625472324724211,3.8861432,6,447
C1.406.40,-0.7627217834393988,-3.1198442,5,406
C1.447.22,-0.7639108130930717,-5.5202403,6,447
C1.424.183,-0.7641781424756535,11.526459,5,424
C1.432.111,-0.7644963307547691,7.9618287,4,432
C1.431.42,-0.7654840946989564,20.605223,5,431
C1.440.82,-0.7658960135117001,-19.4475,5,440
C1.434.135,-0.7670675793113149,-4.6993413,5,434
C1.396.66,-0.7692062347537056,5.266219,5,396
C1.390.42,-0.7733137248161691,-9.999591,3,390
C1.390.29,-0.774226088387335,10.1546755,3,390
C1.446.14,-0.7751765662692114,7.7831903,6,446
C1.387.58,-0.7752893772864339,7.70057,5,387
C1.441.87,-0.7775143427151048,6.9900374,6,441
C1.433.86,-0.7779107960073804,-5.356167,7,433
C1.392.48,-0.7797206597229205,-25.459047,4,392
C1.406.68,-0.7811485230819263,5.7488556,5,406
C1.406.87,-0.7812852208261645,8.849636,5,406
C1.394.13,-0.7815241751842584,1.2440028,3,394
C1.440.71,-0.7819152675164426,1.9287807,5,440
C1.406.42,-0.7831936037614948,-10.695805,5,406
C1.446.6,-0.7842340927233638,11.64694,6,446
C1.387.5,-0.7866370321681027,1.5475501,5,387
C1.447.61,-0.7869703540925378,-14.260774,6,447
C1.389.102,-0.787148640502143,1.6703967,3,389
C1.433.40,-0.7875214641783465,-6.126867,7,433
C1.387.59,-0.7900646440056293,13.22461,5,387
C1.424.198,-0.7911907305000385,-2.7266817,5,424
C1.444.20,-0.7912253805201751,-3.6253757,7,444
C1.432.21,-0.7936249650324538,-2.425089,5,432
C1.410.35,-0.7938073505410734,1.5167186,5,410
C1.444.63,-0.7945438255504341,7.868096,7,444
C1.392.54,-0.7955341727346543,-10.213747,4,392
C1.394.25,-0.7973948425707231,-10.32553,3,394
C1.405.54,-0.8011537478045883,-11.073316,4,405
C1.434.65,-0.8018544455680201,3.0007987,3,434
C1.447.19,-0.8029887120864835,-9.388924,6,447
C1.434.94,-0.8050121390653384,10.450338,5,434
C1.443.61,-0.8054552763235484,-5.412645,6,443
C1.394.44,-0.8066112544851156,-0.2285565,4,394
C1.445.40,-0.8073426453322811,-8.5676,4,445
C1.434.45,-0.8104421876930049,3.2143788,5,434
C1.434.116,-0.8110491983127369,12.025798,4,434
C1.434.108,-0.8112760617658057,5.3465,4,434
C1.400.113,-0.8129826817326778,-48.16243,3,400
C1.394.1,-0.8135943427805372,-2.9389315,4,394
C1.390.85,-0.8137133627282634,-28.541788,2,390
C1.445.160,-0.8156387222211601,-13.376314,5,445
C1.433.46,-0.8166405243294864,-6.8472815,7,433
C1.406.75,-0.8168500438609319,3.1985958,5,406
C1.441.69,-0.8171856173413734,8.141788,6,441
C1.433.23,-0.8178874082054405,-11.504539,7,433
C1.406.136,-0.820070619330926,-4.514584,5,406
C1.406.49,-0.8205019425438522,-10.680144,5,406
C1.434.31,-0.8247493852740827,-12.920643,4,434
C1.382.49,-0.8251406032242825,-4.793203,6,382
C1.382.40,-0.8252164401544969,-2.8981361,6,382
C1.403.91,-0.8261729738775725,2.4808595,5,403
C1.416.141,-0.8278886314672461,-3.5497057,4,416
C1.434.136,-0.8287615456189817,3.5449228,4,434
C1.434.162,-0.8299531347502599,12.298173,4,434
C1.409.19,-0.8303760386438881,4.1750994,5,409
C1.403.28,-0.8308267925291317,-0.09242058,5,403
C1.394.37,-0.831360786858532,7.0489187,4,394
C1.394.76,-0.8319852107896399,0.29726848,4,394
C1.406.102,-0.8337758084685702,16.677608,4,406
C1.433.18,-0.8339754953921453,2.7456043,7,433
C1.409.39,-0.8342289505915574,-2.3941007,5,409
C1.448.49,-0.8359461158196675,4.01893,6,448
C1.403.66,-0.8381595437811172,9.5445795,5,403
C1.433.67,-0.8385531794147015,10.712048,7,433
C1.434.117,-0.8393115569995572,15.485979,5,434
C1.441.36,-0.8401713265986392,11.595221,6,441
C1.400.37,-0.8405588535192889,-10.609356,4,400
C1.394.42,-0.8412022558621137,11.971643,4,394
C1.402.81,-0.841308165147684,5.6226335,6,402
C1.406.74,-0.8429579076752753,10.812276,5,406
C1.397.95,-0.843329094857537,16.044338,6,397
C1.440.10,-0.8478683088250121,-23.064116,4,440
C1.433.28,-0.8512485169423102,-10.996196,7,433
C1.433.58,-0.8520662799010289,11.195233,7,433
C1.399.39,-0.8523773515175271,-3.9129128,6,399
C1.418.46,-0.8528689922443339,43.554264,5,418
C1.448.56,-0.8530968766442792,1.7035468,6,448
C1.406.113,-0.8541296721292344,7.5431156,5,406
C1.402.47,-0.8541537620487912,-3.6434333,6,402
C1.406.91,-0.8562450682807914,7.0480356,5,406
C1.440.48,-0.8592305386802199,1.147797,4,440
C1.446.28,-0.860951844492144,1.9841905,6,446
C1.434.10,-0.8614036473678146,4.662739,5,434
C1.403.50,-0.8627177584175617,-9.286961,5,403
C1.406.100,-0.8665482418451852,10.159296,5,406
C1.434.151,-0.8691253987042833,9.2502985,5,434
C1.434.42,-0.8696379336212707,-6.7660613,5,434
C1.440.18,-0.8696439735163302,-14.579419,5,440
C1.389.14,-0.8700805118162581,10.378173,2,389
C1.394.26,-0.8702699718644302,10.022993,4,394
C1.434.102,-0.8758118809811368,6.3504477,4,434
C1.402.10,-0.8762889684607176,-8.948283,6,402
C1.392.26,-0.8764343752040958,-4.9256845,3,392
C1.427.30,-0.8789253504913432,1.8261664,5,427
C1.446.67,-0.8797726374608101,-15.712843,6,446
C1.387.142,-0.8801194088918541,-0.25298986,5,387
C1.392.27,-0.88147899525432,-19.111322,4,392
C1.409.9,-0.8816645782612563,-26.133718,4,409
C1.424.53,-0.884147394069711,3.6173608,4,424
C1.430.102,-0.8862723573947984,14.070922,4,430
C1.400.36,-0.8864610614665407,-9.871581,4,400
C1.440.43,-0.8870246405653528,4.8684206,5,440
C1.434.20,-0.8890047061179505,-2.722381,5,434
C1.441.51,-0.8896036469137033,17.660088,5,441
C1.405.64,-0.8903117757736156,-7.0916033,5,405
C1.430.140,-0.8922847700296422,-10.701342,5,430
C1.443.55,-0.8932935030399666,6.226055,6,443
C1.434.134,-0.8937808849602424,-2.8490212,5,434
C1.445.103,-0.894241236575707,7.5121336,2,445
C1.394.50,-0.8950001458593668,-2.3594565,4,394
C1.446.53,-0.8951539200906689,-8.067076,6,446
C1.406.50,-0.8955212901138642,2.1822958,5,406
C1.443.22,-0.895534235907817,-2.6986115,6,443
C1.406.125,-0.8977697940622087,8.336836,5,406
C1.406.180,-0.8983005067452934,8.061116,5,406
C1.410.58,-0.8993154803197883,23.211939,5,410
C1.403.55,-0.8999555406525676,-4.5467205,5,403
C1.403.94,-0.9009292278218466,-6.248141,5,403
C1.382.26,-0.9032546182844622,28.11923,6,382
C1.430.75,-0.9039788648581978,13.673139,5,430
C1.410.23,-0.9045600469803337,-2.6958332,5,410
C1.432.74,-0.9047581804466401,6.794971,5,432
C1.394.11,-0.9052460281540009,-4.0115066,4,394
C1.447.71,-0.9054925595331067,-12.81524,6,447
C1.410.47,-0.9083716226249332,-3.0051014,6,410
C1.430.22,-0.9119425999049171,-1.4441018,5,430
C1.387.106,-0.9120334914838529,10.22359,5,387
C1.400.15,-0.9150040978772083,-24.211906,4,400
C1.434.32,-0.9157210635496154,2.3223588,5,434
C1.387.71,-0.9167939030546979,-9.575069,5,387
C1.449.6,-0.9186237289787537,11.007184,6,449
C1.438.21,-0.9188424125738627,-13.029182,5,438
C1.396.124,-0.9192183325049612,14.047879,5,396
C1.440.61,-0.9200445921240215,4.0214205,5,440
C1.390.11,-0.9201086493528045,-14.487038,2,390
C1.430.36,-0.921264102012349,3.7112381,5,430
C1.382.105,-0.92163555861869,5.0968766,4,382
C1.382.120,-0.9242951519025593,-7.885965,5,382
C1.449.46,-0.9250613976327028,3.7279005,6,449
C1.410.2,-0.9280544872433221,8.051259,5,410
C1.447.59,-0.9316366269852541,-1.8318235,6,447
C1.422.141,-0.9322844865795583,-0.35661507,6,422
C1.394.7,-0.9325221199185417,7.4504685,4,394
C1.434.86,-0.9336337394894669,1.9633727,4,434
C1.394.29,-0.9341721198219526,8.958219,4,394
C1.448.98,-0.9353008687232551,-4.6879363,6,448
C1.448.166,-0.937789145061845,1.1000875,5,448
C1.392.24,-0.9381226220649137,-9.588017,3,392
C1.406.38,-0.9383877785318747,0.18537578,5,406
C1.400.90,-0.9386356100395661,-3.7379813,4,400
C1.410.36,-0.9407388704681197,14.261255,4,410
C1.448.57,-0.941872124184151,-6.0979366,6,448
C1.410.60,-0.943157786467824,-1.1467682,6,410
C1.440.34,-0.9447200961473985,-9.641879,5,440
C1.433.43,-0.9456069569591669,-11.141295,7,433
C1.447.49,-0.95431121664804,-2.2870095,5,447
C1.403.51,-0.9550550687591227,-13.148387,4,403
C1.434.51,-0.9551552305151085,0.5086788,5,434
C1.406.46,-0.9587416425892545,-18.069798,4,406
C1.448.82,-0.9602843851191216,3.87643,6,448
C1.434.49,-0.9603215183735171,-8.372902,4,434
C1.426.56,-0.9619841071703281,-10.297831,6,426
C1.424.88,-0.9628956142905193,8.146559,5,424
C1.400.12,-0.9656754100847995,-10.477781,4,400
C1.390.102,-0.9682567757859551,9.200376,3,390
C1.404.74,-0.9707939683054219,-8.1908865,6,404
C1.449.42,-0.9739194020147302,1.6501838,6,449
C1.406.154,-0.9763104993694758,17.056616,5,406
C1.447.74,-0.9779859012842665,0.6661265,6,447
C1.430.98,-0.979455074931438,4.6118183,5,430
C1.431.20,-0.9821213274703976,-8.635364,4,431
C1.441.35,-0.9861198019077793,13.9155035,6,441
C1.426.87,-0.9869408678098464,-13.525464,6,426
C1.382.113,-0.9870146064509082,-0.063002914,6,382
C1.440.36,-0.9890752338879196,-3.6497793,5,440
C1.402.66,-0.9896746211691289,2.2614834,6,402
C1.406.59,-0.9896964021605342,2.1268957,5,406
C1.403.41,-0.9897372831423545,-0.21418057,5,403
C1.444.67,-0.9914585456808245,-4.5492187,7,444
C1.394.19,-0.9921642637757307,6.5674434,4,394
C1.431.44,-0.9923045220247171,-22.794975,2,431
C1.389.171,-0.9933647461982775,3.6172633,3,389
C1.406.98,-0.9959622290869256,-4.9273043,5,406
C1.441.1,-0.99652648792469,11.366441,5,441
C1.406.5,-0.9972672845006787,11.984956,5,406
C1.430.85,-0.997427773675068,-2.6964617,5,430
C1.409.40,-0.9992318758851981,-2.4001005,5,409
C1.440.66,-1.0005818472664787,-5.640919,5,440
C1.433.13,-1.0006763257642746,3.8314614,7,433
C1.387.120,-1.0011495667604295,-0.18594988,5,387
C1.447.85,-1.0032987618069211,-1.1038735,6,447
C1.434.155,-1.0043626265080365,3.0187287,4,434
C1.441.25,-1.0049783075633056,8.61692,6,441
C1.409.33,-1.0057192272377347,3.5472994,5,409
C1.433.16,-1.0062337974876447,-7.1063385,7,433
C1.447.30,-1.0075325394351682,-15.436073,6,447
C1.445.118,-1.008329664001388,4.107904,2,445
C1.432.142,-1.0098482787614564,-0.45864883,5,432
C1.433.68,-1.0108725632366555,-5.8567386,7,433
C1.410.17,-1.0119149197557742,10.907438,5,410
C1.390.75,-1.0121210248471415,7.371312,2,390
C1.406.121,-1.0122030199541925,6.1364756,5,406
C1.410.41,-1.012886035458181,29.44921,3,410
C1.440.74,-1.0135838490382727,0.9295806,5,440
C1.382.57,-1.0139374635401006,9.764864,6,382
C1.382.50,-1.013961479399494,19.038597,6,382
C1.387.52,-1.0148395963754355,1.3022501,5,387
C1.382.37,-1.0180848765300299,18.285315,6,382
C1.430.101,-1.0197588155286779,-3.2838018,5,430
C1.400.27,-1.021519721707259,-8.869157,4,400
C1.448.68,-1.0243704179364053,1.0493802,6,448
C1.392.23,-1.0252317893327658,-18.505472,4,392
C1.406.34,-1.02539915635342,4.532396,5,406
C1.433.35,-1.0303309185935614,13.345576,7,433
C1.394.6,-1.03078033159234,7.3474183,4,394
C1.433.31,-1.0336970327106398,0.8893011,6,433
C1.447.11,-1.0345923207006544,-11.419324,6,447
C1.448.85,-1.0367641850764502,6.4283133,6,448
C1.396.184,-1.037179913264448,14.181076,4,396
C1.406.111,-1.038992081847298,1.7547758,5,406
C1.434.142,-1.0409475232682892,3.8446987,5,434
C1.440.37,-1.0436959773040915,-6.9367995,5,440
C1.446.45,-1.0443404174643898,15.044558,6,446
C1.440.67,-1.0467619903312728,-0.146153,4,440
C1.434.90,-1.046848876149725,3.8222978,4,434
C1.434.46,-1.048167182869725,8.938699,5,434
C1.387.68,-1.049390409599997,-3.59951,5,387
C1.448.131,-1.0520382849199152,-7.0666366,6,448
C1.400.7,-1.0534806314921585,-29.447195,3,400
C1.449.29,-1.0538546320081064,-4.1146827,6,449
C1.433.65,-1.0561588185344213,0.6705758,7,433
C1.431.49,-1.057783215876248,17.491024,3,431
C1.403.56,-1.0578415752854153,0.002399423,5,403
C1.424.141,-1.057904502639992,13.679286,4,424
C1.422.135,-1.0596633610589385,-0.1309984,6,422
C1.441.11,-1.0608675020694573,12.976821,6,441
C1.406.76,-1.062423385601485,10.4706955,5,406
C1.406.157,-1.0648263863433998,4.738596,5,406
C1.431.46,-1.0649592572632227,-0.63387656,5,431
C1.432.141,-1.065076594156455,-4.009022,4,432
C1.434.106,-1.065228619836766,0.84537065,3,434
C1.392.41,-1.0653779324590666,-21.391422,4,392
C1.434.55,-1.0654579041036822,6.366519,5,434
C1.441.19,-1.0678704339704657,-1.4127461,6,441
C1.416.78,-1.068016242988177,2.2438943,4,416
C1.445.43,-1.0705756679876777,-9.552394,5,445
C1.395.55,-1.0726487752505653,-1.0775675,7,395
C1.390.101,-1.0728779314566395,-8.310225,3,390
C1.409.7,-1.073108262610779,-10.780081,5,409
C1.389.141,-1.075412309784553,-16.010336,3,389
C1.406.149,-1.0765118940473533,-4.4835443,5,406
C1.394.78,-1.0770068340305639,-2.315335,3,394
C1.433.1,-1.0775278268892643,0.30416152,7,433
C1.431.19,-1.0776849210210508,-5.6055136,4,431
C1.448.9,-1.078139890683986,0.05560656,5,448
C1.382.109,-1.078408986227123,-9.382636,6,382
C1.418.60,-1.0803364843963688,7.3190284,4,418
C1.449.75,-1.0806900147347411,1.9678671,6,449
C1.406.152,-1.0844408840211142,-1.7366242,5,406
C1.390.18,-1.0856949557181037,13.307042,3,390
C1.447.81,-1.0884324809545025,-0.67320687,6,447
C1.447.21,-1.0885491873352646,-3.3361568,6,447
C1.434.131,-1.0901092669753791,13.646573,4,434
C1.440.47,-1.0913608198402012,-11.13674,5,440
C1.402.56,-1.0926902841417674,-3.6249,6,402
C1.448.91,-1.0927173387787839,8.937235,4,448
C1.406.80,-1.0962320505164722,-8.053544,5,406
C1.443.42,-1.0965766151025063,-11.247845,6,443
C1.406.124,-1.097188157349724,-2.1335242,5,406
C1.433.47,-1.0986758057418706,-4.9254384,7,433
C1.440.20,-1.106960382498188,-9.258559,5,440
C1.448.78,-1.1082311161095146,-0.9629607,4,448
C1.433.5,-1.1098619814980701,-10.241296,7,433
C1.402.61,-1.1112134933251383,2.80355,6,402
C1.418.71,-1.1138510692365369,3.2429237,5,418
C1.406.86,-1.1138526213749602,-0.19354422,5,406
C1.382.67,-1.1142389249908218,4.2629137,6,382
C1.416.75,-1.1144043326483377,-8.199555,4,416
C1.443.6,-1.1144808676247635,-5.358178,6,443
C1.406.57,-1.1147658019330888,0.85985166,4,406
C1.410.53,-1.1154092565752014,3.8208652,6,410
C1.447.53,-1.1176056664685006,-5.3292403,6,447
C1.444.69,-1.1181889392998883,-10.122347,7,444
C1.387.93,-1.1184703299387084,-7.5600996,4,387
C1.390.46,-1.118702805765849,-5.303988,2,390
C1.387.94,-1.1187744364804453,-3.35089,5,387
C1.433.9,-1.1204066272034188,14.497133,7,433
C1.448.164,-1.1204787067440152,-0.28943652,6,448
C1.443.32,-1.1209339241061191,-17.903862,6,443
C1.434.122,-1.1212813029570339,13.258998,4,434
C1.403.44,-1.122468389990008,-5.6634808,5,403
C1.448.147,-1.1245214065772327,8.86568,6,448
C1.448.142,-1.124749678349064,-5.57012,6,448
C1.409.53,-1.126497674460181,-1.1711205,5,409
C1.389.152,-1.1266939103228029,15.004064,3,389
C1.402.30,-1.1276206506096478,-6.68945,6,402
C1.447.39,-1.1287350095926791,-4.1242237,6,447
C1.434.130,-1.13002839998088,4.0294785,5,434
C1.402.63,-1.1306087143503978,-0.9192483,5,402
C1.382.60,-1.132274635875325,12.87598,6,382
C1.403.47,-1.1330876540122723,1.6807795,5,403
C1.403.70,-1.133690064183923,-6.5945807,5,403
C1.430.147,-1.1345283434915152,7.767918,5,430
C1.408.11,-1.1354364397911874,6.1130424,7,408
C1.387.34,-1.137099732682313,-1.6876498,5,387
C1.443.31,-1.1384931557131779,-8.294645,6,443
C1.402.4,-1.1400238361793553,2.8475168,6,402
C1.431.33,-1.1416162215983399,-27.95886,4,431
C1.443.47,-1.1419879298026374,-22.094177,6,443
C1.406.116,-1.142926493466948,-11.908792,4,406
C1.402.86,-1.143941518434796,-0.06128334,6,402
C1.406.35,-1.1442891886542361,6.664876,5,406
C1.392.17,-1.1451779630206023,-29.630747,4,392
C1.392.7,-1.1458068103467736,-22.428497,4,392
C1.389.81,-1.1464386885746212,21.092497,3,389
C1.400.11,-1.1480635908270747,7.597069,4,400
C1.422.184,-1.1511478137659032,6.229202,6,422
C1.387.53,-1.1519239217984938,1.4950701,5,387
C1.406.32,-1.1536544935381625,-3.1952243,5,406
C1.382.97,-1.1537330775125099,9.00488,6,382
C1.441.32,-1.1544061866100033,8.116887,6,441
C1.434.15,-1.1573652841608029,-2.790501,5,434
C1.434.70,-1.1576367670214738,-14.244842,5,434
C1.382.121,-1.1586078868937957,-9.949619,6,382
C1.387.37,-1.1587544734347053,-3.2660499,5,387
C1.406.55,-1.16102684214386,2.88054,4,406
C1.409.28,-1.163985298801862,1.5967594,5,409
C1.403.102,-1.1646234467278782,1.1598194,5,403
C1.392.36,-1.1667220248941934,-26.568071,4,392
C1.420.32,-1.1678113232710574,-1.6781514,5,420
C1.430.78,-1.1750551243718574,6.601778,5,430
C1.418.61,-1.177134931987434,16.132103,5,418
C1.433.63,-1.1786026939886283,-12.010481,7,433
C1.445.6,-1.1808671254990537,-1.3893539,5,445
C1.389.93,-1.182907141501332,-9.98517,3,389
C1.443.26,-1.183545773052772,1.0944885,6,443
C1.410.18,-1.1840406833500612,2.8029318,6,410
C1.402.25,-1.1854897282774681,-0.9105167,6,402
C1.443.39,-1.186149465302587,-3.9744616,6,443
C1.433.3,-1.18682399894906,9.893019,7,433
C1.406.105,-1.189088606778031,4.580896,5,406
C1.431.12,-1.1911447102763422,-1.2463531,3,431
C1.448.153,-1.1919515909278087,0.5451076,5,448
C1.424.42,-1.192828893131337,-2.3213391,4,424
C1.431.10,-1.194130627124611,-13.736616,5,431
C1.406.83,-1.1941350449159887,1.7617757,5,406
C1.448.87,-1.195540298669189,-0.05208653,6,448
C1.444.101,-1.1956065517376626,5.2032957,7,444
C1.440.21,-1.196702421493744,-7.2736993,5,440
C1.441.39,-1.1975401518114395,12.05082,6,441
C1.434.163,-1.1980420013456812,11.580897,4,434
C1.396.191,-1.1988596297952845,-9.834161,5,396
C1.432.34,-1.2000294814249464,2.0532513,5,432
C1.448.22,-1.2017180301459707,-7.1705036,5,448
C1.394.71,-1.2027543008290276,8.817669,4,394
C1.434.75,-1.2034364734465135,-5.1465273,4,434
C1.448.67,-1.2054083421929105,4.780047,6,448
C1.448.133,-1.2060376441426135,16.550226,5,448
C1.403.61,-1.2075255055119585,-10.209201,5,403
C1.390.16,-1.208294691651715,-3.5261576,3,390
C1.409.11,-1.2086205883550734,-7.5699806,5,409
C1.389.197,-1.209551011673788,4.2089634,3,389
C1.402.13,-1.2099292684201453,5.0312667,6,402
C1.434.47,-1.210645427318935,8.546748,4,434
C1.434.6,-1.2122083820477332,3.3030388,5,434
C1.440.16,-1.213935592199858,-4.510979,5,440
C1.406.65,-1.2145547657475568,0.71693575,5,406
C1.409.86,-1.2155695431978624,-0.17838058,5,409
C1.406.110,-1.2179553697107017,12.607236,5,406
C1.382.47,-1.2213617954817366,20.860064,6,382
C1.430.12,-1.2229285314122862,6.544978,5,430
C1.406.99,-1.223003566560331,4.5638757,5,406
C1.406.128,-1.2284801943157801,-14.836835,4,406
C1.409.54,-1.2311184366631966,-2.5807407,5,409
C1.448.126,-1.231947879798445,-2.8513525,5,448
C1.446.33,-1.2329058805296689,7.845574,6,446
C1.432.125,-1.2334683054723057,-5.153409,5,432
C1.430.105,-1.2337782761982787,0.18691824,5,430
C1.395.33,-1.234584886930662,-9.807396,7,395
C1.389.188,-1.2380297440185424,5.78263,3,389
C1.431.1,-1.239039508526999,8.936324,4,431
C1.430.15,-1.2393235486022014,1.5414783,5,430
C1.432.124,-1.2444304206010603,2.1134112,5,432
C1.434.149,-1.2444326975218427,2.5231988,5,434
C1.409.77,-1.2454173708042693,4.8858795,5,409
C1.403.75,-1.2469647289615626,1.8867794,5,403
C1.430.107,-1.2554653032085143,7.430178,5,430
C1.387.70,-1.256003525580727,-5.44763,5,387
C1.447.29,-1.2605970377997124,-13.940074,6,447
C1.410.67,-1.2607773681002095,-11.90137,4,410
C1.420.25,-1.262429942556176,-3.4563713,5,420
C1.424.114,-1.2667944665794242,-4.2279015,5,424
C1.422.58,-1.2708129504221226,2.7427683,6,422
C1.441.17,-1.2737892273759015,3.3625538,6,441
C1.441.80,-1.2740147658664034,15.4151535,6,441
C1.433.14,-1.2744074928932643,-11.458138,7,433
C1.433.62,-1.2753692815612694,-16.519154,7,433
C1.447.86,-1.2754159056963914,-12.167474,6,447
C1.402.33,-1.275611573395003,-9.207817,6,402
C1.449.15,-1.2771831218785747,-1.5929496,6,449
C1.434.140,-1.2780094123059214,7.6911187,5,434
C1.449.78,-1.2791253488380419,-1.381133,6,449
C1.448.44,-1.2838530687845569,13.210513,6,448
C1.394.28,-1.2839988612801319,3.3935935,4,394
C1.433.76,-1.2944327109666192,1.1218901,7,433
C1.402.55,-1.2946810208866513,-8.312266,6,402
C1.402.57,-1.294864638324301,-8.006217,6,402
C1.385.40,-1.2954343184370842,10.664105,6,385
C1.434.37,-1.297302735482829,7.632373,4,434
C1.441.22,-1.299261111521287,7.2320704,6,441
C1.409.60,-1.2993339367645906,0.22186954,4,409
C1.400.14,-1.2995347467999867,-23.165731,4,400
C1.445.51,-1.3017951241831123,1.4592749,4,445
C1.406.97,-1.3025918988164793,4.087556,5,406
C1.389.163,-1.3103280781454483,5.458463,3,389
C1.387.150,-1.3140713051372204,-1.1108298,5,387
C1.440.29,-1.3148060675713258,-3.5271993,5,440
C1.409.25,-1.3166899299966819,-4.9217606,5,409
C1.447.72,-1.3170011164951003,-9.566874,6,447
C1.402.74,-1.3205896975125555,-5.75735,6,402
C1.389.20,-1.324682246363612,5.63933,3,389
C1.441.86,-1.3268849889986085,14.647237,6,441
C1.431.58,-1.3272745727503195,0.22314341,5,431
C1.405.70,-1.3280090419377522,6.7138114,4,405
C1.447.67,-1.3303517158438063,-5.580657,6,447
C1.406.148,-1.330424808312234,17.490976,5,406
C1.447.16,-1.3316211372038116,-5.05234,6,447
C1.392.33,-1.3355683599885533,-7.573022,4,392
C1.409.75,-1.3376496834656364,0.56015944,5,409
C1.414.1,-1.3399193818148465,2.7158463,4,414
C1.446.35,-1.341347494932917,-1.7494428,6,446
C1.434.152,-1.342931441836663,10.61077,3,434
C1.394.66,-1.3457306380235203,-13.1756315,4,394
C1.422.42,-1.346278929514919,-0.95456505,6,422
C1.440.39,-1.346476158112587,-10.92248,5,440
C1.434.85,-1.3499825768451246,7.814139,5,434
C1.392.22,-1.3519796188894577,-18.387596,4,392
C1.424.32,-1.353449168578885,-0.38826165,5,424
C1.389.97,-1.3549690252106732,8.1261635,3,389
C1.402.77,-1.3555383274692805,-3.1725166,6,402
C1.410.15,-1.355926944636287,11.713498,6,410
C1.431.22,-1.358393070537871,-3.3615766,5,431
C1.432.85,-1.3590113577168135,1.4898912,5,432
C1.387.98,-1.3609157902372717,-0.4073674,4,387
C1.402.60,-1.3626146563203207,10.843516,6,402
C1.433.57,-1.3649527879906582,-5.182767,7,433
C1.402.27,-1.3664907769214485,2.6596,6,402
C1.410.48,-1.3672769447833055,7.4111,5,410
C1.409.79,-1.3683434559390684,-5.9147205,5,409
C1.443.37,-1.369781944320776,0.8976051,6,443
C1.430.104,-1.3724384536936114,4.13085,4,430
C1.389.121,-1.3728629060954172,18.258163,3,389
C1.402.36,-1.373465155389144,-13.368234,6,402
C1.390.120,-1.3758010896693431,7.6664424,3,390
C1.441.16,-1.3768539381150704,7.051171,6,441
C1.448.106,-1.376993100003429,6.06123,6,448
C1.402.45,-1.37977837205141,9.111317,6,402
C1.402.70,-1.3810711957861224,-0.8946667,6,402
C1.430.95,-1.3814554992616415,11.548199,5,430
C1.446.36,-1.3838790466050077,-5.9273596,6,446
C1.448.12,-1.3844731874321652,8.248597,6,448
C1.434.157,-1.3879256210943847,-2.8387713,4,434
C1.394.5,-1.3911032294148709,1.2756685,4,394
C1.447.7,-1.3934249236513652,-11.818891,6,447
C1.392.3,-1.394746653635258,-22.991522,4,392
C1.400.76,-1.3968141825083589,-10.272632,4,400
C1.448.138,-1.3973943932980375,8.85458,6,448
C1.443.48,-1.3993425214563646,-15.702963,5,443
C1.406.53,-1.3998443987843265,-15.989544,5,406
C1.406.33,-1.4016381073564983,6.134216,5,406
C1.448.168,-1.4024283231092507,4.3070874,5,448
C1.443.45,-1.4035573703654496,-4.108345,6,443
C1.441.82,-1.4041778283557282,7.4973373,6,441
C1.448.173,-1.4064344012864194,6.0656133,6,448
C1.387.131,-1.4067489248862164,-15.48561,5,387
C1.389.119,-1.4070366011646183,13.3129635,3,389
C1.394.2,-1.4076424717098608,7.1122184,4,394
C1.441.62,-1.4126332070297527,14.333588,6,441
C1.387.138,-1.4138008852371007,-1.9993099,5,387
C1.430.110,-1.4147983425126718,-3.0920818,5,430
C1.389.75,-1.41573618063779,1.7105633,3,389
C1.389.89,-1.4167443939696187,10.608797,3,389
C1.387.25,-1.4205984233235727,0.14269012,5,387
C1.406.10,-1.421060653896212,9.266436,5,406
C1.389.58,-1.4214578409155472,13.324863,3,389
C1.433.69,-1.4215248387638515,-4.1956673,7,433
C1.430.67,-1.4277657458336903,10.448818,5,430
C1.449.79,-1.4278765121821135,14.153001,6,449
C1.387.88,-1.4284269778133025,0.25725013,5,387
C1.424.35,-1.4326588623091019,-6.039222,5,424
C1.418.78,-1.4343251541865862,36.943462,5,418
C1.402.48,-1.4362677349814306,9.446484,6,402
C1.410.13,-1.4369698137966378,17.154316,6,410
C1.433.72,-1.443476049639096,-3.7353098,7,433
C1.392.10,-1.44660418955287,-14.244747,4,392
C1.406.158,-1.446684120914539,3.3510559,5,406
C1.422.215,-1.447187277031054,-12.630299,6,422
C1.405.23,-1.4494298744020264,-5.6013155,4,405
C1.387.67,-1.4508706611628313,-3.4020298,5,387
C1.433.39,-1.454674422226699,1.8546616,7,433
C1.448.159,-1.4569112706761236,8.48663,6,448
C1.448.156,-1.460165626291277,8.082064,6,448
C1.410.7,-1.4630017947745253,4.470999,5,410
C1.409.35,-1.463102526088484,3.1213393,5,409
C1.448.95,-1.4641415574713634,-0.98793656,6,448
C1.448.23,-1.46634598892848,-9.350737,6,448
C1.400.26,-1.4669650698786103,-6.4854813,4,400
C1.433.25,-1.4685511146441506,-0.6713242,7,433
C1.444.45,-1.4687873744338908,-4.4423184,7,444
C1.433.11,-1.4701555219999587,-13.501867,7,433
C1.409.12,-1.4752213830409953,-8.108101,5,409
C1.382.129,-1.4769981783919777,-4.0299363,6,382
C1.406.85,-1.4790356810736986,8.558656,5,406
C1.389.202,-1.479131579277753,-0.7122773,2,389
C1.447.44,-1.4793953518849203,-5.9225903,6,447
C1.434.161,-1.4802249389217834,4.5575786,5,434
C1.382.126,-1.482000595169178,16.180864,6,382
C1.443.35,-1.4828854182492341,-0.038878195,6,443
C1.448.61,-1.4871423091218816,-6.8404126,5,448
C1.434.5,-1.4880782121596685,11.505759,5,434
C1.410.66,-1.4884760547804268,16.525818,5,410
C1.434.48,-1.491387674124516,-2.0323813,5,434
C1.422.128,-1.4919844354838212,-3.4403317,6,422
C1.418.38,-1.4921003369264214,13.094668,4,418
C1.434.127,-1.494197746963178,4.712423,4,434
C1.394.36,-1.4974880883196253,10.758944,4,394
C1.389.136,-1.4975003186854878,8.725463,3,389
C1.382.70,-1.4998465670356076,-4.4312196,6,382
C1.448.103,-1.4998743089429512,1.5966876,5,448
C1.410.6,-1.4999941408630286,13.702239,5,410
C1.443.67,-1.5003794621917241,-10.122878,6,443
C1.410.31,-1.5042370857357987,-14.250335,6,410
C1.441.65,-1.5065708096455692,13.221621,6,441
C1.422.67,-1.507364599182606,10.270851,6,422
C1.433.61,-1.5085900827144858,17.459219,7,433
C1.406.138,-1.5090722762690387,9.315836,5,406
C1.426.81,-1.5090741862094996,-7.222911,5,426
C1.433.52,-1.51221290638814,-3.7143955,7,433
C1.410.61,-1.5125021476940643,9.5370655,6,410
C1.440.58,-1.513329700598061,-1.5569594,5,440
C1.389.143,-1.5160777524345666,6.5526633,3,389
C1.422.85,-1.5165465554494493,-2.0404985,6,422
C1.403.46,-1.5166592035700983,-2.9930806,5,403
C1.434.11,-1.5167483083387296,-2.0214772,4,434
C1.389.43,-1.517126844149165,14.83453,3,389
C1.387.135,-1.518424887588925,-1.6847699,5,387
C1.389.148,-1.518837173013474,-1.4340892,2,389
C1.424.17,-1.518963634096788,-0.22642165,5,424
C1.441.47,-1.519442706793403,4.6226873,6,441
C1.448.158,-1.5209978161085198,-0.8935699,6,448
C1.397.138,-1.5214682947728417,5.506172,6,397
C1.387.125,-1.5231713013187989,-4.7160897,5,387
C1.405.21,-1.528007695876872,-5.2380834,5,405
C1.447.3,-1.5302905145637342,-13.194774,6,447
C1.432.1,-1.531699682267209,11.655111,5,432
C1.433.60,-1.5333511413028673,-4.864267,7,433
C1.390.71,-1.5367990423389344,12.383575,3,390
C1.434.93,-1.5370981849000296,6.722839,5,434
C1.402.24,-1.5377135935819655,-8.907967,6,402
C1.434.144,-1.539645707694805,15.574419,5,434
C1.389.132,-1.5433266018603462,-15.82587,3,389
C1.382.95,-1.5443258711118573,9.36518,6,382
C1.434.60,-1.5452936853664412,-2.5693011,5,434
C1.422.54,-1.5465573751799981,1.0062224,5,422
C1.414.45,-1.547348560220954,2.1802714,4,414
C1.426.45,-1.5489727645126592,13.764112,5,426
C1.433.42,-1.5518292114601084,-2.367162,6,433
C1.392.39,-1.5549685990532875,-2.5270846,3,392
C1.405.30,-1.5567629664141227,-4.2958837,5,405
C1.422.86,-1.5571173917972083,15.481002,6,422
C1.449.43,-1.5574579962515485,-3.7656329,6,449
C1.433.55,-1.5577585804395826,-11.893782,7,433
C1.414.43,-1.5586470520032378,8.874928,3,414
C1.434.21,-1.55879983174718,9.249298,4,434
C1.430.43,-1.559476918619484,-0.55410177,5,430
C1.447.28,-1.5624859933599073,-14.89884,6,447
C1.447.69,-1.5635037469515627,-12.065824,6,447
C1.434.23,-1.564415230091628,9.333359,5,434
C1.402.69,-1.5648120359279494,5.603133,6,402
C1.448.79,-1.56542440886545,-12.72127,6,448
C1.448.21,-1.565722972695598,-1.6876866,6,448
C1.406.25,-1.568006834852112,17.133116,5,406
C1.433.74,-1.5691470113972572,-6.3803988,6,433
C1.403.77,-1.5701421103535944,-0.8444606,5,403
C1.409.21,-1.5748021588545682,-4.1665807,5,409
C1.422.226,-1.5755137449950876,14.427568,6,422
C1.402.12,-1.577192466819069,-5.18685,6,402
C1.448.64,-1.580085428281627,9.850067,5,448
C1.402.79,-1.5808781255002413,-4.8918333,6,402
C1.418.34,-1.5818871090291635,7.0067534,4,418
C1.434.13,-1.5846739466217954,-9.443461,5,434
C1.445.95,-1.585211429097148,-12.227398,2,445
C1.444.37,-1.586319008620463,-3.2710187,7,444
C1.403.31,-1.5870553360295523,7.3739996,5,403
C1.420.8,-1.5870646621590527,8.723816,4,420
C1.406.43,-1.588834093441193,5.710896,5,406
C1.406.88,-1.589083398559656,-9.549984,5,406
C1.440.5,-1.5900536162951318,0.51254064,5,440
C1.448.1,-1.5907771194962992,2.43143,6,448
C1.441.14,-1.5918987058848793,9.35002,6,441
C1.441.66,-1.592857904729567,19.138838,6,441
C1.400.93,-1.5942902223263642,-19.27574,3,400
C1.392.20,-1.5944636371876841,-1.6308511,3,392
C1.397.50,-1.5953450709253225,-10.201761,6,397
C1.434.17,-1.5971635173082919,1.8269187,5,434
C1.448.157,-1.598185578404224,-5.226353,6,448
C1.397.98,-1.5983402228609942,14.427922,6,397
C1.400.35,-1.599925718338665,-11.623832,4,400
C1.409.69,-1.6014582664581383,3.0405993,5,409
C1.445.16,-1.6026414093195374,-14.703312,3,445
C1.433.4,-1.6034461608628507,-11.968053,7,433
C1.445.74,-1.607981193155836,-13.783275,4,445
C1.389.155,-1.6117093253553063,10.69003,3,389
C1.448.129,-1.6189465855328464,-12.14162,6,448
C1.403.15,-1.6220439964714803,5.1474395,5,403
C1.409.84,-1.6252554771919128,-19.685501,5,409
C1.432.39,-1.6277136778548875,-2.2006288,5,432
C1.447.10,-1.6279154600965948,-8.682023,6,447
C1.441.73,-1.6288597971956813,17.66867,6,441
C1.402.82,-1.6312961528277243,8.0765,6,402
C1.409.8,-1.6316541912591902,-9.6583,5,409
C1.441.6,-1.6322776036630544,12.24452,6,441
C1.434.24,-1.6322932852597731,-12.826841,5,434
C1.397.116,-1.633396070125889,0.41995528,6,397
C1.409.76,-1.6336247909643946,3.8682594,5,409
C1.392.53,-1.633627529058915,-17.649323,4,392
C1.387.30,-1.6362918326911837,-11.88625,5,387
C1.448.40,-1.6372657760817328,-11.95787,6,448
C1.389.34,-1.6415785431809273,-7.0469365,3,389
C1.434.66,-1.6419063558045743,7.2568727,4,434
C1.448.76,-1.6477632528926929,-5.61797,6,448
C1.420.54,-1.6501023812984608,-3.9652314,5,420
C1.422.21,-1.6516295631219757,3.214335,6,422
C1.433.27,-1.652020127264735,8.750005,7,433
C1.441.30,-1.6528547224304835,14.049254,6,441
C1.422.103,-1.6534572294008298,9.382651,6,422
C1.449.50,-1.6548460515480785,-0.83919954,6,449
C1.448.149,-1.6551945251317428,-5.805953,6,448
C1.441.78,-1.6564905040873068,8.139088,6,441
C1.448.55,-1.658805963287977,9.238696,5,448
C1.404.123,-1.6647108183673156,5.0976796,6,404
C1.409.3,-1.666115968938314,-6.9429007,5,409
C1.448.111,-1.666916303269271,20.033363,6,448
C1.447.13,-1.6684403055728643,-17.64354,6,447
C1.409.46,-1.6706636593426851,-8.004141,5,409
C1.409.78,-1.6717728935529776,-9.21152,5,409
C1.433.49,-1.6727186776817673,-0.2965956,7,433
C1.387.76,-1.672794608187288,-8.556789,5,387
C1.410.45,-1.674417830613261,3.515055,4,410
C1.422.235,-1.67742958273703,3.9785516,6,422
C1.447.58,-1.677742782972183,-0.87177354,6,447
C1.434.52,-1.6797626832550752,-4.4798274,4,434
C1.448.96,-1.680055011844665,14.201947,6,448
C1.448.154,-1.6820206130750432,2.1109967,6,448
C1.434.54,-1.688967186964004,-8.644302,4,434
C1.448.132,-1.6899626674421486,8.299988,5,448
C1.448.25,-1.6903709252493067,-11.145904,6,448
C1.449.39,-1.6937456683952041,-6.184966,6,449
C1.403.89,-1.6952384894645465,-3.2095406,5,403
C1.382.92,-1.6982430783819098,-1.9480362,6,382
C1.441.15,-1.7007461557315673,10.015354,6,441
C1.448.114,-1.7044384868454552,-1.9609365,6,448
C1.440.24,-1.7067778428155727,-23.485977,4,440
C1.387.89,-1.7071003023572864,-4.91261,5,387
C1.448.134,-1.7076744535246724,-2.2761865,6,448
C1.392.43,-1.7092646452973688,-25.455297,4,392
C1.385.130,-1.7109408590001405,-3.3534448,6,385
C1.402.44,-1.7109678593510125,9.141067,6,402
C1.441.63,-1.7110156745813976,27.25292,6,441
C1.434.9,-1.7124721633651754,6.992839,5,434
C1.414.65,-1.7132259670944514,7.7760196,2,414
C1.387.83,-1.7136193944664435,-6.20195,5,387
C1.448.35,-1.7140394045994967,0.8835468,6,448
C1.404.121,-1.7141601394798403,-2.4524202,6,404
C1.409.82,-1.7155813298055498,-12.462821,5,409
C1.430.122,-1.7157286259476654,1.3501502,4,430
C1.408.41,-1.717524557821671,3.9848707,7,408
C1.406.72,-1.7177045908522166,-6.333804,5,406
C1.409.68,-1.7184980783078398,-4.523986,4,409
C1.433.29,-1.7200897490649592,0.48053294,7,433
C1.392.59,-1.720649634013555,-25.842846,4,392
C1.392.28,-1.7315496064538727,-11.758147,4,392
C1.433.32,-1.7331161295241242,4.0770073,6,433
C1.434.88,-1.7335205838911956,11.698659,5,434
C1.420.38,-1.7344878246011008,8.016369,5,420
C1.389.108,-1.7373412749573904,4.07403,3,389
C1.443.30,-1.7374993829668046,-5.604978,6,443
C1.448.136,-1.7382538700507095,-2.1280699,6,448
C1.409.27,-1.743923399568501,-18.88286,5,409
C1.420.44,-1.744311748393427,-7.031071,5,420
C1.420.50,-1.744311748393427,4.373701,4,420
C1.404.5,-1.745709875910885,-0.83725363,6,404
C1.402.1,-1.7502462214890333,0.32398334,6,402
C1.434.22,-1.7533865926814285,6.188079,5,434
C1.434.83,-1.7565545702041856,-0.8600523,4,434
C1.392.49,-1.7592427946534384,-11.371447,4,392
C1.448.113,-1.7595117375500529,5.354447,6,448
C1.397.128,-1.7602208630120852,-6.9482946,6,397
C1.448.110,-1.7603154835330046,10.755796,6,448
C1.404.126,-1.7616435596018731,2.0349798,6,404
C1.408.12,-1.765053554029768,-0.9626007,7,408
C1.433.15,-1.7689836954948366,-2.955624,7,433
C1.448.171,-1.7722591978130162,-2.1780198,6,448
C1.403.71,-1.7726251854116313,1.2221195,5,403
C1.445.45,-1.7733829218280894,3.090666,5,445
C1.434.143,-1.774175851111904,-5.927802,4,434
C1.394.3,-1.7757222822523926,-10.3964815,4,394
C1.443.43,-1.776225005777909,-9.328629,6,443
C1.441.81,-1.7822890781152716,8.802704,6,441
C1.448.53,-1.7835509295474683,-2.8679636,5,448
C1.404.48,-1.7853946117026274,2.3012798,6,404
C1.389.137,-1.7869389701496996,-12.00037,3,389
C1.389.29,-1.7930425361739772,4.865763,3,389
C1.433.59,-1.797046839399059,-14.673538,7,433
C1.406.132,-1.8005366393413167,-14.617624,5,406
C1.443.50,-1.801013231416878,-3.8601782,6,443
C1.403.108,-1.8070202841252743,0.22251943,5,403
C1.433.64,-1.8083353023336781,-1.0772241,7,433
C1.433.20,-1.8111326920075548,1.8127615,7,433
C1.433.2,-1.8141540875395987,-6.965303,6,433
C1.448.8,-1.8148776636989528,-5.8698363,6,448
C1.422.202,-1.8167426302873722,2.1552224,5,422
C1.422.154,-1.8174374394412374,-0.73984843,6,422
C1.448.52,-1.8179013885313715,-0.2023032,6,448
C1.422.129,-1.8185521173998742,6.5844183,6,422
C1.434.58,-1.8188907144509796,-8.297946,4,434
C1.422.106,-1.8222112833056152,-4.096832,6,422
C1.406.103,-1.8224614848674179,2.5234957,5,406
C1.408.51,-1.823155964030576,-3.9319863,7,408
C1.434.103,-1.8240749214443925,12.140399,5,434
C1.441.60,-1.8260516111972764,18.318754,6,441
C1.434.67,-1.8291484033802674,-6.0797524,4,434
C1.422.166,-1.833317495391069,2.167698,5,422
C1.392.60,-1.8379770292376723,-22.278572,4,392
C1.422.68,-1.839498519518739,-1.4485317,6,422
C1.445.24,-1.8402106175854025,-5.549959,4,445
C1.389.120,-1.8409610837651822,6.9505634,3,389
C1.382.75,-1.8416846226039185,-20.358242,4,382
C1.434.126,-1.8464771375844562,-12.133277,4,434
C1.434.44,-1.8468201444296686,5.084139,5,434
C1.406.170,-1.8478314000297222,11.701595,5,406
C1.392.29,-1.8551955004273357,-15.264922,4,392
C1.434.69,-1.8572595384745394,7.833139,5,434
C1.424.45,-1.8623503292027075,1.3745583,5,424
C1.409.56,-1.8666564926593503,-10.778101,5,409
C1.443.3,-1.8718885277288446,-13.430069,5,443
C1.448.137,-1.8720260058988387,6.7756677,5,448
C1.400.53,-1.872447091170641,-14.946406,4,400
C1.448.47,-1.8775629413445798,3.5143468,6,448
C1.434.138,-1.8798881899829798,10.196275,4,434
C1.389.38,-1.881944776388991,9.145363,3,389
C1.420.14,-1.8859779111334654,3.3738487,5,420
C1.389.179,-1.8894629477755787,8.80173,3,389
C1.402.21,-1.89220813069628,-11.75195,6,402
C1.434.125,-1.894698714475642,-3.8061411,5,434
C1.402.15,-1.8955229850443807,-6.2886834,6,402
C1.445.90,-1.8983101292979927,-9.408725,4,445
C1.422.189,-1.8998852028156936,-4.131115,6,422
C1.397.142,-1.9056418608420387,0.2898386,6,397
C1.447.46,-1.908146488065758,-8.7576065,6,447
C1.447.88,-1.9109696739432578,-8.362007,6,447
C1.418.54,-1.9122628579400658,13.367543,5,418
C1.448.30,-1.9140326347190024,7.465097,6,448
C1.434.148,-1.9147235555919173,-2.9251523,4,434
C1.402.5,-1.9155492237058587,13.480567,6,402
C1.408.40,-1.923522638399576,-6.297658,7,408
C1.387.39,-1.9236037586228174,-18.10327,5,387
C1.416.146,-1.925605939771853,5.0651693,4,416
C1.431.54,-1.9277350563842475,4.5282836,5,431
C1.448.71,-1.928044506089694,6.74333,6,448
C1.448.172,-1.928512914024703,6.0485134,6,448
C1.448.24,-1.9309108647351607,-3.8274531,6,448
C1.409.67,-1.931515789437953,-6.5257006,5,409
C1.441.44,-1.9331461186802696,7.5273204,6,441
C1.420.13,-1.9348331115119421,-5.9738913,5,420
C1.420.12,-1.9348331115119421,-7.078471,5,420
C1.405.58,-1.9353659253570117,-0.69904345,5,405
C1.408.14,-1.9354771924960152,6.1760135,7,408
C1.389.70,-1.935996393554517,19.35683,3,389
C1.441.9,-1.9396449406106528,13.575037,6,441
C1.434.156,-1.941115845708217,18.767223,4,434
C1.402.37,-1.941562684900903,-14.700368,5,402
C1.443.51,-1.9427061009499607,0.6361718,6,443
C1.434.39,-1.9446549323538396,-6.2090273,4,434
C1.382.56,-1.9482729578466866,6.6065636,6,382
C1.400.23,-1.948951341005383,21.310993,4,400
C1.434.74,-1.949535242984711,12.789673,4,434
C1.422.63,-1.9499928938472475,4.3486514,6,422
C1.410.59,-1.9500075671998733,17.954418,5,410
C1.409.16,-1.9505403365190905,-5.2315207,5,409
C1.443.17,-1.9516752900219885,-3.2156782,6,443
C1.431.55,-1.9538667326842147,-16.546736,5,431
C1.408.9,-1.9543777008268035,-3.5292373,6,408
C1.448.174,-1.954845219549565,14.187696,6,448
C1.448.14,-1.9588526485125617,8.401896,6,448
C1.430.97,-1.9592770196823948,-13.7958,4,430
C1.402.72,-1.9598836383702625,2.91425,6,402
C1.448.93,-1.960562115314866,1.5359135,6,448
C1.422.216,-1.9611273811608323,-1.7412318,6,422
C1.403.18,-1.9642016962152342,-6.7959404,5,403
C1.434.64,-1.9650449586385101,5.5850987,5,434
C1.448.46,-1.9672871998924801,-6.4182324,5,448
C1.392.11,-1.967857891579104,-14.556572,4,392
C1.410.4,-1.9691612235016842,-6.4647183,6,410
C1.392.35,-1.9728348928124624,-23.079348,4,392
C1.433.6,-1.975750258121309,-5.7277894,6,433
C1.404.35,-1.9779415838304877,8.742546,6,404
C1.424.142,-1.9806546692331954,-29.033161,5,424
C1.409.55,-1.9815804968679922,-11.6211,5,409
C1.422.197,-1.9855103449029843,-6.854015,6,422
C1.408.1,-1.986515183684549,4.753242,7,408
C1.422.29,-1.9889345765081357,7.9593015,6,422
C1.448.69,-1.989970836717553,-3.9905324,5,448
C1.448.75,-1.9907080195897664,20.537964,6,448
C1.447.66,-1.9990766356274252,-2.4248402,6,447
C1.382.133,-2.001773398999644,4.8949137,6,382
C1.433.56,-2.0046496533065756,-4.8793526,7,433
C1.448.28,-2.00615604534575,-3.1885366,6,448
C1.406.112,-2.00651636103883,-5.047284,5,406
C1.392.6,-2.008044102106835,-13.204684,3,392
C1.422.142,-2.0087737808007575,3.2117848,6,422
C1.434.33,-2.0090267103136887,6.217599,5,434
C1.448.5,-2.0138483175441695,-12.408753,6,448
C1.445.119,-2.0155807765299225,-25.2532,4,445
C1.447.23,-2.0179088403814527,7.6611767,6,447
C1.422.169,-2.019389954780588,1.0368682,6,422
C1.422.94,-2.0207398269737897,6.1643515,6,422
C1.420.4,-2.0207552144351366,-3.1215315,5,420
C1.448.108,-2.0208519602731303,2.55323,6,448
C1.434.97,-2.0239818016013467,-0.079501234,5,434
C1.445.56,-2.0271408798070314,-6.81525,4,445
C1.447.32,-2.032025877533598,-17.997074,6,447
C1.422.34,-2.0323590175798,16.31195,6,422
C1.448.90,-2.033082835450679,-15.316486,6,448
C1.422.118,-2.0334811452953914,13.9643345,6,422
C1.410.16,-2.033961372763203,20.102165,6,410
C1.448.32,-2.0350299045330997,11.125847,6,448
C1.408.26,-2.0373143155054936,-8.288773,7,408
C1.430.99,-2.0414706871197863,-14.982061,5,430
C1.448.162,-2.042082047174255,-1.9885199,6,448
C1.434.133,-2.0432518684546093,7.6484985,5,434
C1.402.64,-2.0463331707483006,5.8036,6,402
C1.431.14,-2.0486559646621707,-1.9589137,4,431
C1.434.82,-2.0511554312637346,-11.308221,5,434
C1.434.113,-2.053779344591815,0.12417877,5,434
C1.431.51,-2.05640579597045,21.919823,5,431
C1.434.18,-2.0581210065493964,-13.4048815,5,434
C1.402.32,-2.0599854972864926,0.28378332,6,402
C1.424.175,-2.0669025661165046,6.294678,5,424
C1.448.2,-2.067100865321896,-1.2989032,6,448
C1.448.37,-2.0679465140212505,-10.419153,6,448
C1.392.12,-2.0682226491841544,-15.270122,4,392
C1.392.32,-2.071986545947332,-33.01472,4,392
C1.448.170,-2.077474858247072,7.418697,6,448
C1.422.117,-2.08101838188561,10.050485,6,422
C1.433.7,-2.0823381153721496,-1.4110813,7,433
C1.448.99,-2.0833418033287656,-1.1333836,5,448
C1.404.65,-2.08700054595793,-1.9718202,6,404
C1.441.49,-2.0888203423571166,13.0082035,6,441
C1.418.50,-2.0910934223085964,6.9397435,5,418
C1.443.25,-2.0937391138192614,-2.076489,5,443
C1.447.6,-2.0947643220120886,-5.468507,6,447
C1.447.73,-2.101393418965395,-9.389528,5,447
C1.433.10,-2.102354330692012,-3.5016384,7,433
C1.433.75,-2.104784139962597,-12.807367,7,433
C1.392.15,-2.106925347785333,-28.712797,4,392
C1.402.58,-2.1071305750073077,3.2687333,6,402
C1.448.11,-2.1079928082699593,-5.9484725,5,448
C1.448.70,-2.1084462400279116,11.491987,5,448
C1.448.73,-2.109716407004361,5.9552803,6,448
C1.448.148,-2.110359557843371,-0.87245244,5,448
C1.444.130,-2.112407821334668,-6.217647,7,444
C1.422.89,-2.122920204646499,10.542522,5,422
C1.392.37,-2.1244470501698878,-28.66262,3,392
C1.434.81,-2.1260298865085834,-6.503843,4,434
C1.409.74,-2.127204764931346,-4.2276607,5,409
C1.389.200,-2.1310529633560042,21.49293,3,389
C1.382.22,-2.134098155389907,9.003647,6,382
C1.431.13,-2.134602824286056,-10.078056,5,431
C1.448.109,-2.136097006853832,-11.759087,6,448
C1.422.218,-2.138216127928614,1.0965016,6,422
C1.448.125,-2.139977604644294,-5.64467,6,448
C1.402.8,-2.1426240445403346,1.0724,6,402
C1.441.56,-2.143837031309656,12.100404,6,441
C1.387.13,-2.1453159312207344,-2.9308698,5,387
C1.408.59,-2.1468077243715022,-10.8041725,7,408
C1.441.26,-2.14782871540705,11.590938,6,441
C1.404.112,-2.153455287956294,-15.152137,6,404
C1.392.34,-2.1537925627320784,-19.052048,4,392
C1.445.97,-2.1541087061390916,4.7071,4,445
C1.402.28,-2.1542411415588396,-1.6205167,6,402
C1.433.8,-2.1548676045079374,-24.38424,7,433
C1.448.65,-2.1563732052378195,-3.3116531,6,448
C1.409.66,-2.157331496101199,9.230299,5,409
C1.431.2,-2.1612060132302924,11.312484,5,431
C1.402.23,-2.161315025774392,1.9760667,6,402
C1.405.10,-2.1618363721088856,-8.091743,5,405
C1.420.26,-2.162511779074378,5.2904086,5,420
C1.403.39,-2.16273849753809,9.15836,5,403
C1.409.23,-2.165526410246391,4.3116794,5,409
C1.440.40,-2.165960664843731,-14.48352,5,440
C1.409.43,-2.1748069659508036,-10.006241,5,409
C1.441.72,-2.1803005214341895,-3.0668628,6,441
C1.404.29,-2.1866447530384243,-1.2728536,6,404
C1.434.26,-2.1871598854816523,8.565823,4,434
C1.392.46,-2.193271267529821,-7.245897,4,392
C1.422.20,-2.1953589525426174,1.1520731,5,422
C1.448.81,-2.1954877927260887,7.78083,6,448
C1.441.12,-2.1982257198218353,7.7208204,6,441
C1.443.54,-2.201856648401692,1.1899384,6,443
C1.447.57,-2.201954715186527,-3.6500068,6,447
C1.422.221,-2.2078191852993307,-8.165198,6,422
C1.408.62,-2.2089235229466633,9.486942,7,408
C1.440.70,-2.211918762123623,1.6210407,5,440
C1.405.9,-2.216843898308084,4.6070366,5,405
C1.449.19,-2.21707137813681,-7.5965996,6,449
C1.422.145,-2.219573733508206,6.366385,6,422
C1.448.119,-2.2251741675751844,8.15073,6,448
C1.408.53,-2.2295157037767517,-11.076729,7,408
C1.434.153,-2.2397279744295164,-10.460741,5,434
C1.386.98,-2.241532222602879,-3.3818085,6,386
C1.434.7,-2.2447691817542297,-3.7333813,5,434
C1.441.58,-2.2449925066018177,16.162138,6,441
C1.402.3,-2.2478108565976793,-2.8374803,5,402
C1.405.51,-2.251849136322985,-12.407503,5,405
C1.392.21,-2.2524822820757158,-9.414496,4,392
C1.447.34,-2.257734073928957,-5.297857,6,447
C1.441.50,-2.2601496605263347,4.0131373,6,441
C1.448.135,-2.2627859896138482,-6.0594034,6,448
C1.448.6,-2.2628554458091528,1.3263276,5,448
C1.424.18,-2.263834696071399,-2.1294618,5,424
C1.447.25,-2.2652766900495247,-0.29790685,6,447
C1.410.24,-2.267393018523422,1.3911835,5,410
C1.406.137,-2.268059260278229,-1.8532442,5,406
C1.389.182,-2.27720245270135,-0.06873912,2,389
C1.441.71,-2.2777366078752492,11.751471,6,441
C1.389.192,-2.2777988490907735,6.2641635,3,389
C1.448.59,-2.277961459608846,-5.9785323,5,448
C1.409.48,-2.283049999299419,-4.4924808,5,409
C1.389.80,-2.286613054273422,-2.8657033,3,389
C1.430.128,-2.289210579106053,16.458275,4,430
C1.404.40,-2.2970849716251838,2.8649797,6,404
C1.422.1,-2.298699736190724,-4.858065,6,422
C1.387.82,-2.29928280074056,2.9784102,5,387
C1.389.74,-2.3083709998544304,0.15651087,2,389
C1.397.109,-2.3084592608574495,-5.1175613,6,397
C1.404.85,-2.31379654375583,0.37346306,6,404
C1.402.26,-2.3164462033962274,-8.07155,6,402
C1.422.69,-2.316741845105437,3.9663017,6,422
C1.434.25,-2.3230667349972856,1.9151227,4,434
C1.403.29,-2.3231065429188105,-11.72064,5,403
C1.422.138,-2.326013360795074,6.841785,6,422
C1.409.37,-2.3268466779083714,-11.36684,5,409
C1.431.16,-2.3281304202306785,17.29186,4,431
C1.448.128,-2.3292256586522746,15.326313,6,448
C1.402.9,-2.3302038910275265,0.093949996,6,402
C1.405.36,-2.331677496705974,-4.7884636,5,405
C1.402.42,-2.33170707130727,-6.299521,5,402
C1.434.56,-2.3338293817506908,-1.1514612,5,434
C1.397.76,-2.3351603259507647,0.3835553,6,397
C1.443.11,-2.335587499209603,-1.5054115,6,443
C1.434.154,-2.337400031366514,6.3451586,5,434
C1.449.12,-2.340786861188042,-2.7504828,6,449
C1.402.51,-2.3411598958395423,1.2231667,6,402
C1.448.120,-2.3427279800602725,-8.98467,6,448
C1.422.40,-2.3429272284185383,7.0550685,6,422
C1.422.53,-2.3465691598089697,-3.1118817,6,422
C1.430.130,-2.3508831126010032,-5.7982016,5,430
C1.441.68,-2.352962688107246,16.906288,6,441
C1.404.120,-2.357127441175679,0.3628464,6,404
C1.449.4,-2.36033782178086,0.8440338,6,449
C1.404.41,-2.3647126228962994,-8.37287,6,404
C1.448.43,-2.367140137970233,-2.8936532,6,448
C1.424.149,-2.3728904082461626,-0.04106165,5,424
C1.382.90,-2.373782511971461,8.26513,6,382
C1.402.52,-2.3757522474667274,-9.0320835,6,402
C1.409.18,-2.3757719953680296,-6.2580004,5,409
C1.434.14,-2.377539365652391,5.5636387,5,434
C1.431.53,-2.380416425417019,-29.89495,3,431
C1.443.2,-2.3820138246964735,-10.943762,6,443
C1.443.15,-2.389061419012684,-0.34854895,5,443
C1.397.17,-2.3900642006040416,2.2320542,5,397
C1.448.72,-2.393142896965036,-12.688586,6,448
C1.409.38,-2.394247114866108,-18.17774,5,409
C1.420.9,-2.397341001003596,4.7764487,5,420
C1.447.56,-2.398021277943149,-9.78364,6,447
C1.448.54,-2.3991657733091762,-4.8969364,6,448
C1.404.106,-2.406530657050286,3.9058964,6,404
C1.448.83,-2.4093799553730935,-3.5468533,6,448
C1.447.9,-2.4103197021589193,-0.9492068,6,447
C1.397.35,-2.412188431202558,-12.379075,5,397
C1.403.2,-2.4204353722385026,-5.6168804,5,403
C1.448.4,-2.422786445423293,-2.7870033,6,448
C1.410.32,-2.4233342581871744,-1.9210659,4,410
C1.392.8,-2.425371779896215,-16.653221,4,392
C1.410.62,-2.425647123040954,23.844814,6,410
C1.430.2,-2.4265062660041727,-3.1658218,5,430
C1.409.15,-2.4290555036568926,-6.8232207,5,409
C1.433.26,-2.4367624970441115,-5.9326262,6,433
C1.443.18,-2.437131676113954,-29.272255,5,443
C1.402.20,-2.438057320279032,7.6973,6,402
C1.422.217,-2.438346666158019,-9.415198,6,422
C1.448.39,-2.4423303428942877,-5.3281364,6,448
C1.422.100,-2.4483629698374947,12.612819,6,422
C1.409.4,-2.4506133500183576,-13.5312,5,409
C1.448.155,-2.4511780419050706,-9.215337,6,448
C1.405.44,-2.451595490439013,-4.3432636,5,405
C1.434.114,-2.4535415794894333,9.566139,5,434
C1.422.212,-2.454732190095099,8.060935,6,422
C1.434.145,-2.457778055404432,-6.104001,5,434
C1.434.61,-2.4589713920075007,-9.558102,5,434
C1.441.45,-2.4631490226401787,-6.464396,6,441
C1.409.64,-2.463306597794617,2.5300994,5,409
C1.422.121,-2.463762843021375,2.368185,6,422
C1.422.201,-2.4647044898883963,-0.5371984,6,422
C1.434.95,-2.467024171629983,3.2451787,4,434
C1.441.7,-2.4699305645657152,16.041304,6,441
C1.422.96,-2.4737036531373184,4.6312017,6,422
C1.389.126,-2.473923490975875,-7.1730275,2,389
C1.448.66,-2.4744739050820903,-3.6945124,5,448
C1.443.20,-2.477430350142358,-12.146309,5,443
C1.404.19,-2.477732196274109,8.01558,6,404
C1.448.161,-2.4777712226476596,3.59553,6,448
C1.448.18,-2.4779546729686417,1.6720635,6,448
C1.409.6,-2.481393767641158,-10.324201,5,409
C1.420.51,-2.4815882068102337,2.1348886,5,420
C1.448.94,-2.482615383410225,-7.6247697,6,448
C1.448.115,-2.4836857717818304,-10.145269,6,448
C1.422.88,-2.4844468152129813,-2.0369818,6,422
C1.448.167,-2.4868388669699466,14.572727,5,448
C1.404.115,-2.4875860754888284,-3.2809854,5,404
C1.382.131,-2.487600635450336,1.8935602,5,382
C1.434.29,-2.4897424923165734,-7.5158525,4,434
C1.405.31,-2.490671584876905,-13.912403,5,405
C1.420.48,-2.493730715192091,-1.8908314,5,420
C1.434.8,-2.4938113220617724,-5.439661,5,434
C1.389.213,-2.4944186526495584,4.66203,3,389
C1.448.124,-2.4950771106198375,0.09630106,5,448
C1.422.123,-2.495878578192722,-11.171182,6,422
C1.387.90,-2.4975381881721086,-12.13183,5,387
C1.448.80,-2.498178868383977,3.0460968,6,448
C1.424.144,-2.4992703168371513,-19.400063,5,424
C1.434.43,-2.501653841145829,7.4791536,4,434
C1.389.15,-2.502955988097268,1.3084967,3,389
C1.404.108,-2.5164770911097505,4.1585298,6,404
C1.431.17,-2.5168668620390195,4.0952234,5,431
C1.434.41,-2.5184562659332523,-10.303241,5,434
C1.431.57,-2.521189781982271,-1.4177966,5,431
C1.447.8,-2.52219958209755,-0.3250235,6,447
C1.449.40,-2.5224291394240628,-9.6489,6,449
C1.448.122,-2.5232077433204902,-13.046204,6,448
C1.448.19,-2.5238798877463453,2.9112635,6,448
C1.441.24,-2.5267895117441816,1.2287539,6,441
C1.448.97,-2.5294845552613734,0.29058015,6,448
C1.434.12,-2.5309962745586225,-7.8143272,4,434
C1.404.58,-2.5334140612141627,-8.373671,6,404
C1.448.175,-2.533657277379018,5.25718,6,448
C1.448.50,-2.5351277199703603,-0.1136032,6,448
C1.434.89,-2.5356142024413706,-0.12660123,5,434
C1.422.7,-2.5358582649669548,-3.804965,6,422
C1.397.97,-2.5364123037697026,12.5042715,6,397
C1.403.95,-2.537430037559738,-7.8741207,5,403
C1.449.87,-2.5384319181650086,-2.7011743,5,449
C1.410.26,-2.544109925764954,9.364415,6,410
C1.410.64,-2.5494819343414123,-9.061801,5,410
C1.389.6,-2.549987169029826,-1.1483366,3,389
C1.409.30,-2.550737064396468,-10.863581,5,409
C1.402.11,-2.553601039811609,0.1286,6,402
C1.448.104,-2.5585813492632847,-10.624137,6,448
C1.422.165,-2.5602697224560225,-2.2044652,6,422
C1.410.34,-2.561074662758765,16.03756,5,410
C1.448.16,-2.562278322187922,-12.35652,6,448
C1.434.120,-2.5650372747176324,-3.7794523,4,434
C1.448.169,-2.5686497445526055,0.20721348,6,448
C1.409.31,-2.5717561930338886,-10.5270605,5,409
C1.397.90,-2.575034625186068,0.24960528,6,397
C1.397.111,-2.5783017352002573,2.0887554,6,397
C1.410.10,-2.585250185788529,4.120065,6,410
C1.433.12,-2.59289813017467,-3.9648385,7,433
C1.404.114,-2.593348241580627,0.8688297,6,404
C1.392.55,-2.6002491767961557,-12.261918,3,392
C1.448.163,-2.6008640401340624,-6.7673197,6,448
C1.422.170,-2.6027254023824713,4.541678,5,422
C1.422.173,-2.605169782086145,9.073051,6,422
C1.448.62,-2.605958926804131,3.02218,6,448
C1.406.114,-2.6061807331259437,-6.283264,5,406
C1.443.64,-2.6085592373364834,-7.101545,6,443
C1.448.34,-2.6126514183541567,10.611248,5,448
C1.420.33,-2.630366137297766,9.703209,5,420
C1.420.23,-2.632668676424269,-14.388051,5,420
C1.409.10,-2.633530329341552,-0.6285368,4,409
C1.409.42,-2.6340057096991667,-9.199901,5,409
C1.448.112,-2.635650254731615,-0.42975318,6,448
C1.397.99,-2.636086587682293,18.75969,6,397
C1.418.68,-2.637720444498894,14.080684,5,418
C1.422.80,-2.6399492499875987,8.117185,6,422
C1.404.97,-2.6429430723939267,-0.4614036,6,404
C1.422.127,-2.646876447359808,-0.8254651,6,422
C1.397.118,-2.6504732149484274,-17.664928,6,397
C1.443.53,-2.650866397232028,-10.515012,6,443
C1.408.24,-2.651138195011652,-5.1531434,7,408
C1.422.137,-2.651435594377466,-6.856167,5,422
C1.397.106,-2.652235704714401,12.360722,6,397
C1.448.10,-2.654551617625104,-3.816553,6,448
C1.420.47,-2.65654886092953,-15.179671,5,420
C1.422.114,-2.6614732055153945,-3.527965,6,422
C1.422.8,-2.662753671791927,-0.3592822,5,422
C1.387.91,-2.6629169373372226,-4.38451,5,387
C1.441.54,-2.6650893535173625,-0.03834605,6,441
C1.422.194,-2.667834730009473,-2.777862,5,422
C1.448.117,-2.6707899314987578,6.0774074,5,448
C1.422.143,-2.6805987450834645,3.3978517,6,422
C1.389.151,-2.6839506802352697,13.77333,3,389
C1.409.62,-2.6876575720233142,-4.6330204,5,409
C1.443.65,-2.6909370114031295,-0.0066115283,6,443
C1.422.10,-2.694448443458086,1.5184016,6,422
C1.441.55,-2.698590047162312,4.632954,6,441
C1.448.17,-2.7021509079658714,11.534714,6,448
C1.409.20,-2.70581210561345,-6.2239604,5,409
C1.434.73,-2.7062808555073423,1.1958977,4,434
C1.448.58,-2.7080403141295197,6.79738,6,448
C1.422.153,-2.713976647338027,6.8825517,6,422
C1.431.31,-2.7164169539637673,22.198784,5,431
C1.408.23,-2.7198095897162466,-0.92071503,7,408
C1.422.172,-2.7210614965287623,3.7318683,6,422
C1.422.98,-2.723563944957353,-1.6325817,6,422
C1.422.213,-2.726899617163179,-4.9024982,6,422
C1.443.38,-2.727344512800233,-6.9001517,5,443
C1.434.84,-2.7291432730611596,-1.9441012,5,434
C1.441.4,-2.7322911819850737,8.581887,6,441
C1.441.53,-2.732866206792147,8.381837,6,441
C1.422.209,-2.734993515915766,-2.1724317,6,422
C1.431.62,-2.7357897687685937,7.9332232,5,431
C1.422.233,-2.7461745145850283,0.11380159,6,422
C1.422.167,-2.7509830460814997,5.7154517,6,422
C1.422.50,-2.751951516708385,0.21630159,6,422
C1.397.64,-2.7520597238319637,-7.488845,6,397
C1.441.33,-2.7542586738159494,7.419404,6,441
C1.431.41,-2.755456749852289,15.609923,5,431
C1.422.113,-2.755655847085855,-0.8200651,6,422
C1.410.42,-2.7626433651576443,9.019499,5,410
C1.397.33,-2.763324621098996,6.694922,6,397
C1.389.206,-2.7638679174974268,2.59283,3,389
C1.409.26,-2.7653176915233417,-8.356561,5,409
C1.448.13,-2.7681518339441182,-15.982093,5,448
C1.409.34,-2.7698341223490837,-3.6083205,5,409
C1.403.43,-2.7705060433392594,-1.1337405,5,403
C1.410.54,-2.771360228707345,4.1759987,6,410
C1.441.10,-2.7713650247728885,7.944254,6,441
C1.422.72,-2.776798712557803,14.013235,6,422
C1.389.109,-2.7803620320407445,9.54053,3,389
C1.397.81,-2.783347003246854,12.688672,6,397
C1.397.46,-2.784251648331953,-6.1715612,6,397
C1.422.3,-2.7843215485374846,-2.1748316,6,422
C1.409.14,-2.787215465550718,-5.0924206,5,409
C1.418.69,-2.7918907498292937,1.3160437,5,418
C1.409.80,-2.793238052008037,-17.537642,5,409
C1.422.115,-2.795232066518533,-5.311565,6,422
C1.443.57,-2.799472704404286,-9.414012,6,443
C1.448.165,-2.801457914391204,-3.6768637,5,448
C1.409.85,-2.80183498842324,-15.2861805,5,409
C1.405.65,-2.8075422206973997,-10.348423,5,405
C1.410.44,-2.814584866726248,7.973855,4,410
C1.422.149,-2.8165073956174456,-0.1406984,6,422
C1.404.119,-2.8198880054050552,1.6773298,6,404
C1.448.15,-2.8287212442771463,1.6015075,5,448
C1.422.14,-2.8292652544460952,5.6472015,6,422
C1.447.82,-2.834749512222054,3.852143,6,447
C1.404.33,-2.835565642160953,-1.1007036,6,404
C1.404.67,-2.835689717680578,-0.2514536,6,404
C1.447.31,-2.841204962214984,-5.63559,6,447
C1.441.43,-2.841375888568473,5.628187,6,441
C1.448.41,-2.8426854764053844,1.0620635,6,448
C1.422.146,-2.851038415769,5.9112024,5,422
C1.441.27,-2.855820899086346,11.716154,6,441
C1.422.77,-2.8560944416321044,-8.697549,6,422
C1.448.102,-2.85892539769729,4.0164366,5,448
C1.409.29,-2.859056122669443,-10.8992605,5,409
C1.443.4,-2.865031638410976,-16.391178,6,443
C1.404.8,-2.87233483132244,5.6460133,6,404
C1.445.105,-2.8749911717234435,-19.823126,4,445
C1.418.24,-2.8759059036197225,25.340405,5,418
C1.448.116,-2.8778110110816457,-7.1429534,6,448
C1.422.214,-2.8781677022094274,10.8389015,6,422
C1.408.56,-2.9008579265117933,-7.844172,7,408
C1.397.108,-2.904355987168279,0.75767195,6,397
C1.409.2,-2.9050609744419016,-23.7318,5,409
C1.434.4,-2.9068589866238335,-6.167302,4,434
C1.434.72,-2.908570559866271,-5.0697613,5,434
C1.422.161,-2.9133886406127174,1.5957516,6,422
C1.448.140,-2.914250361814044,-1.8751365,6,448
C1.389.210,-2.9162569820970496,2.90903,3,389
C1.397.25,-2.9246714569551173,3.294972,6,397
C1.443.59,-2.9248905005690067,3.8753052,6,443
C1.420.21,-2.930034004431618,13.148269,5,420
C1.408.50,-2.9337278589326856,-4.4207006,7,408
C1.422.210,-2.934572857103761,-2.31148,5,422
C1.434.159,-2.9378617220415193,-1.6551772,4,434
C1.418.29,-2.943747574289761,13.264017,4,418
C1.422.82,-2.9448183682478866,1.2217683,6,422
C1.385.18,-2.95286576254772,-7.6570115,6,385
C1.392.18,-2.954054597678196,-30.164297,4,392
C1.443.8,-2.954808920011116,-8.962245,6,443
C1.422.204,-2.955637331198598,15.9250345,6,422
C1.441.37,-2.9560607550913267,3.9196205,6,441
C1.430.30,-2.958670553325008,-17.318802,5,430
C1.422.37,-2.960562578093302,0.24778493,6,422
C1.448.7,-2.9628519742933013,7.2530475,5,448
C1.404.56,-2.963034584198281,0.35731307,6,404
C1.409.41,-2.9638731937056693,-7.8428407,5,409
C1.417.2,-2.975261102349021,9.64961,5,417
C1.404.11,-2.980150570886884,-0.114403605,6,404
C1.447.27,-2.983781333386655,-8.926128,5,447
C1.404.95,-2.9840096049282026,9.500313,6,404
C1.404.118,-2.987932922246332,-0.55417025,6,404
C1.397.123,-2.9883829471828736,3.011322,6,397
C1.422.116,-2.990948917752489,5.033435,6,422
C1.408.70,-2.9920432970824042,6.984128,7,408
C1.422.208,-2.9931317671556754,-0.23318174,6,422
C1.422.156,-3.0005224546431113,11.460635,6,422
C1.397.57,-3.0017248985964353,-1.1558781,6,397
C1.389.86,-3.003165281977287,13.169296,3,389
C1.422.41,-3.0090756909179697,8.301552,6,422
C1.434.91,-3.0098708454259886,2.2408707,3,434
C1.389.87,-3.0130670114316276,10.241364,3,389
C1.387.65,-3.0168136680858537,-11.29271,5,387
C1.408.61,-3.0211995051684757,11.464542,7,408
C1.422.60,-3.0227229341766226,-6.868282,6,422
C1.387.31,-3.0247733523791376,-16.69673,5,387
C1.408.67,-3.028423814030247,3.7199278,7,408
C1.447.64,-3.0305776569144984,-10.46679,6,447
C1.403.54,-3.0419739300263062,-8.098444,4,403
C1.409.65,-3.0431060381408277,0.46763942,5,409
C1.434.96,-3.0602325138892845,4.2979536,4,434
C1.382.74,-3.060925772382759,11.2889805,6,382
C1.431.4,-3.067629515582984,23.270056,4,431
C1.382.100,-3.0754896361643715,-2.299025,5,382
C1.392.44,-3.0756959511616797,-18.602772,4,392
C1.405.39,-3.079301591343339,-10.205263,5,405
C1.434.36,-3.0805308952221577,-4.007421,5,434
C1.447.83,-3.0835282147264205,3.4215932,6,447
C1.448.36,-3.083534650301447,-2.2573366,6,448
C1.397.3,-3.085591709405761,12.3226385,6,397
C1.409.73,-3.0896920826428933,-13.53612,5,409
C1.448.29,-3.092912857588685,0.42583013,6,448
C1.420.30,-3.0975129514813076,0.35348862,5,420
C1.420.34,-3.097642981767049,7.2904086,5,420
C1.417.78,-3.1036592412248374,-2.0353508,5,417
C1.389.16,-3.106800006949972,5.07243,3,389
C1.408.34,-3.109178316924433,7.597571,7,408
C1.386.162,-3.1098369776644668,-5.7501416,6,386
C1.404.93,-3.10988294802887,5.6494284,5,404
C1.410.30,-3.111079589297556,-16.402006,4,410
C1.422.203,-3.111876777069076,-7.1975985,6,422
C1.410.20,-3.1134890944555167,-6.353761,4,410
C1.447.33,-3.114504183447012,-7.7808733,6,447
C1.397.23,-3.11526265892059,-4.5823946,6,397
C1.422.71,-3.115744245311483,1.3967682,6,422
C1.417.125,-3.1225400274627013,7.7111692,5,417
C1.434.109,-3.1296471036485527,5.105559,5,434
C1.448.118,-3.1398068746816272,-8.875553,6,448
C1.404.38,-3.14035492371591,-14.5674,5,404
C1.443.12,-3.141720392340413,-9.962492,5,443
C1.404.4,-3.1472331647689624,0.4274464,6,404
C1.447.2,-3.151255015081085,-11.287824,6,447
C1.443.66,-3.152980527797199,-7.775395,6,443
C1.397.79,-3.1536639870457597,-11.510311,6,397
C1.392.51,-3.153714203446234,-11.452347,4,392
C1.420.55,-3.1606078691305073,9.266249,5,420
C1.441.2,-3.163864376406423,14.603054,6,441
C1.404.72,-3.166623078535076,5.2403297,6,404
C1.441.13,-3.170031733473906,10.571254,6,441
C1.448.143,-3.170846687088782,-9.794473,5,448
C1.405.34,-3.1725969803313383,-5.6689034,5,405
C1.397.40,-3.1756853910493694,1.4170552,6,397
C1.422.108,-3.181384318130561,2.1687016,6,422
C1.434.62,-3.183306655239854,2.6389587,5,434
C1.434.53,-3.1838237030291787,6.3418727,4,434
C1.382.132,-3.186874883383591,5.096697,6,382
C1.434.124,-3.19197540868374,2.3593187,5,434
C1.397.9,-3.1926203920352716,6.7640886,6,397
C1.405.46,-3.1927136549488697,4.4306164,5,405
C1.420.18,-3.1931200843919005,-11.579632,5,420
C1.386.58,-3.19565205961557,-6.0436664,5,386
C1.443.7,-3.1982018414000546,-7.039628,6,443
C1.410.57,-3.1994270462393315,11.791382,6,410
C1.404.42,-3.2000427450449798,-6.5943804,5,404
C1.408.49,-3.2041945821480353,5.461528,7,408
C1.431.67,-3.2057270240274938,3.115274,4,431
C1.443.27,-3.2110035453380945,-19.263912,5,443
C1.422.205,-3.21559752038772,2.4544516,6,422
C1.431.43,-3.2159748981196903,-16.015009,4,431
C1.404.53,-3.2193384739336044,9.96128,5,404
C1.404.1,-3.219356510228421,-0.74523693,6,404
C1.422.220,-3.219712478462132,8.880953,5,422
C1.405.3,-3.2230651904961167,-16.501883,5,405
C1.417.131,-3.224812570737545,-1.4360307,5,417
C1.417.116,-3.228907723256932,-4.085931,5,417
C1.448.26,-3.2317036773416103,-2.1447923,5,448
C1.404.107,-3.240652357093468,7.876967,5,404
C1.422.11,-3.2423601502777397,12.947452,6,422
C1.422.125,-3.243669346974744,2.2060683,6,422
C1.420.27,-3.2464293997080342,-0.84449136,5,420
C1.404.52,-3.2482469989490332,4.1079297,6,404
C1.443.28,-3.2489242890482806,-13.299492,5,443
C1.392.5,-3.2630594701948312,-21.492971,4,392
C1.397.36,-3.267140105628466,5.461772,6,397
C1.408.32,-3.279875632072723,-3.7775006,7,408
C1.409.81,-3.2885661618111848,-6.1854806,5,409
C1.404.75,-3.2907973993102417,11.897596,6,404
C1.397.83,-3.2922475095172303,-7.922427,4,397
C1.422.38,-3.2936749192601575,5.6923623,5,422
C1.434.19,-3.294753137827344,2.7842987,5,434
C1.441.29,-3.3055322028665715,11.903587,6,441
C1.397.31,-3.3056815163861173,10.9504385,6,397
C1.403.13,-3.3081490730536087,-3.6847618,4,403
C1.408.39,-3.3085361741517088,-0.83552927,7,408
C1.397.22,-3.311220663170861,-0.3030947,6,397
C1.397.131,-3.313250741897177,6.303222,6,397
C1.417.74,-3.3133944888801166,-6.651291,5,417
C1.405.6,-3.3210691105334504,-11.950644,5,405
C1.386.143,-3.3222057746071347,-10.899376,5,386
C1.397.75,-3.3263958985304067,9.427522,6,397
C1.422.44,-3.3284978968248633,-7.2455983,6,422
C1.420.37,-3.328731919395446,8.3637085,5,420
C1.448.139,-3.3346431295081707,0.020627575,5,448
C1.408.47,-3.343748006888052,6.6104293,6,408
C1.404.92,-3.3530239766066763,3.5082297,6,404
C1.389.96,-3.357593708648336,6.078097,3,389
C1.404.31,-3.358186199374727,3.0653465,6,404
C1.448.27,-3.359027263688906,13.660996,6,448
C1.403.96,-3.3646288754960114,-13.097521,5,403
C1.434.111,-3.3673569400892798,-1.2428012,5,434
C1.448.160,-3.368202482302117,2.9692564,5,448
C1.392.14,-3.3686845736194857,-23.784447,4,392
C1.404.22,-3.3728423784724506,-0.42558694,6,404
C1.422.109,-3.373432601402772,3.5658684,6,422
C1.422.101,-3.3750751946431037,2.2209015,6,422
C1.422.120,-3.3767943946381345,-5.790432,6,422
C1.408.66,-3.3778564567329568,-8.260938,6,408
C1.448.38,-3.3822496913398274,-17.606876,5,448
C1.405.28,-3.383393966764447,2.0100365,5,405
C1.404.104,-3.3841873855950007,-8.268387,6,404
C1.443.29,-3.389548610088748,2.2371552,6,443
C1.448.152,-3.3901123101629618,-7.3292923,5,448
C1.404.73,-3.3920270863421895,1.2049631,6,404
C1.443.14,-3.395426038086034,-9.284211,6,443
C1.392.52,-3.3961320912853603,-12.199922,4,392
C1.422.97,-3.399055342529755,-9.598632,6,422
C1.409.49,-3.4012438648558248,5.6176195,5,409
C1.417.8,-3.4091317235944185,11.685829,5,417
C1.430.123,-3.4159713460542176,15.519058,5,430
C1.405.18,-3.4165423255430847,-4.0934834,5,405
C1.386.75,-3.419320711663097,3.4547138,5,386
C1.430.74,-3.4220165446673367,11.064438,5,430
C1.443.24,-3.4226404688801444,-9.765378,6,443
C1.405.38,-3.4227766645979276,-9.757463,5,405
C1.422.177,-3.4266013409709752,5.245518,6,422
C1.422.133,-3.437260771404324,1.0858849,6,422
C1.404.102,-3.437975129429329,-0.30728695,6,404
C1.397.84,-3.4380048814492126,13.252622,5,397
C1.397.87,-3.44072079847605,2.3870885,6,397
C1.404.128,-3.446359453504629,2.2169464,6,404
C1.386.89,-3.447405983052881,-8.540209,6,386
C1.404.96,-3.450682173186945,7.0396466,6,404
C1.397.18,-3.4545988933277627,16.075123,6,397
C1.422.211,-3.4571077631476217,17.430122,5,422
C1.404.127,-3.464512334602125,-6.8959036,6,404
C1.441.48,-3.467517053491377,21.667633,4,441
C1.420.20,-3.4689671658916654,-7.745951,5,420
C1.420.5,-3.4689671658916654,15.128629,5,420
C1.408.15,-3.4692559827286495,5.4065566,7,408
C1.422.186,-3.4697176101531073,3.5708683,6,422
C1.422.6,-3.475993134272802,6.7922015,6,422
C1.422.70,-3.4802299909023717,-0.51903176,6,422
C1.448.84,-3.487327441626207,3.9519968,6,448
C1.410.22,-3.4889738250543276,5.0505433,5,410
C1.386.26,-3.4997624803655145,-4.4352417,6,386
C1.417.3,-3.5021220747333044,5.0307293,5,417
C1.441.41,-3.5025471705428033,3.9210372,6,441
C1.397.20,-3.5042534780977053,8.115688,6,397
C1.409.47,-3.505140934111974,-9.997821,5,409
C1.404.113,-3.506047941485456,-3.2086868,6,404
C1.420.7,-3.509433311872692,6.108309,5,420
C1.420.29,-3.509433311872692,-0.41157398,4,420
C1.448.89,-3.5106695260888965,15.406763,6,448
C1.422.78,-3.511197544842052,2.555985,6,422
C1.386.16,-3.5143321077339817,12.377158,6,386
C1.397.148,-3.518630560546033,6.2404885,6,397
C1.443.19,-3.5207182636945857,-13.415078,6,443
C1.417.19,-3.523984943288991,0.090649284,5,417
C1.408.33,-3.52531419025629,-5.7573724,7,408
C1.417.41,-3.5351577609787412,-0.44789073,5,417
C1.417.104,-3.5417563057659853,9.754097,4,417
C1.408.31,-3.5436758186667188,13.08347,7,408
C1.443.46,-3.545571761433461,-3.907395,6,443
C1.447.77,-3.552859401764936,-8.540507,6,447
C1.389.212,-3.5546014109879573,2.87163,3,389
C1.422.157,-3.5601638924681525,-0.6074651,6,422
C1.417.69,-3.5619882111767907,7.7916694,5,417
C1.397.134,-3.5626891296557632,4.3934555,6,397
C1.397.89,-3.5634194409320665,-5.251845,6,397
C1.422.84,-3.5647657163197217,-4.072398,6,422
C1.397.86,-3.5667403803514186,13.468756,6,397
C1.448.33,-3.5685335615693528,5.740597,6,448
C1.404.34,-3.576152386544766,-5.4927034,6,404
C1.397.51,-3.5830969608055994,0.3348886,6,397
C1.448.130,-3.586717446285975,-7.096053,6,448
C1.397.150,-3.5870246387911733,3.0034053,6,397
C1.441.8,-3.5903840193249175,7.4355874,6,441
C1.404.79,-3.5905008225476664,10.7362795,6,404
C1.386.66,-3.595606599197911,-9.728596,5,386
C1.404.37,-3.5970008259736557,-6.3248153,5,404
C1.397.77,-3.6038613648731395,9.253672,6,397
C1.448.51,-3.6079573780191896,-13.191986,6,448
C1.386.185,-3.6103772510279324,3.8005748,6,386
C1.408.54,-3.6143690128296746,11.326128,7,408
C1.420.31,-3.614496583940808,4.0429487,5,420
C1.405.41,-3.616391101723657,-12.606365,4,405
C1.443.63,-3.61803390978134,-6.081209,5,443
C1.443.60,-3.6221084041845515,-16.08533,6,443
C1.404.59,-3.624836713580445,7.01428,6,404
C1.404.32,-3.626689823986544,5.3453298,6,404
C1.409.24,-3.6280978697728528,-23.28268,5,409
C1.409.5,-3.6287631098667865,-20.159805,4,409
C1.397.149,-3.6356522701915703,0.44532195,6,397
C1.422.55,-3.6419420565121894,-2.3280022,5,422
C1.417.16,-3.6428185843334657,4.7755494,5,417
C1.422.150,-3.643188084826891,-0.69026506,6,422
C1.404.24,-3.6454322894494173,-1.1340369,6,404
C1.434.71,-3.647220295273826,0.8652477,4,434
C1.405.37,-3.650889736623837,7.827677,5,405
C1.410.19,-3.651157739804158,8.449665,6,410
C1.404.111,-3.652080870878994,4.7212796,6,404
C1.405.27,-3.656243546781508,-15.30368,4,405
C1.408.3,-3.6575445435554186,1.9647136,7,408
C1.422.105,-3.662309364383464,2.610085,6,422
C1.386.110,-3.6663160317179213,-3.1502585,6,386
C1.404.99,-3.669806724176271,-6.415992,5,404
C1.422.32,-3.6699699824944445,5.2346683,6,422
C1.404.116,-3.6719595833041114,-0.020870268,6,404
C1.405.14,-3.6755378924550017,-5.3632035,5,405
C1.418.75,-3.6774024604167166,22.440865,5,418
C1.405.5,-3.681403047463614,-5.3400245,4,405
C1.420.1,-3.6828516674120926,-0.74697137,5,420
C1.397.8,-3.683975401157358,-5.661011,6,397
C1.420.3,-3.6862684015468212,1.7703487,5,420
C1.403.69,-3.6898756641265504,-7.7086205,5,403
C1.408.71,-3.6933917260255296,7.608599,7,408
C1.404.76,-3.693943637409643,-6.260875,5,404
C1.408.55,-3.695149593601534,2.7423706,7,408
C1.448.151,-3.69626378357551,6.753947,6,448
C1.417.4,-3.6975489231878975,-3.6904137,4,417
C1.397.44,-3.701180282358053,-4.652828,6,397
C1.397.92,-3.7020611855153875,11.752905,6,397
C1.422.234,-3.703705419992373,4.2549515,6,422
C1.397.121,-3.7060499142235406,-8.601878,6,397
C1.422.182,-3.7061011789092917,11.719018,6,422
C1.417.29,-3.7067158065139263,-1.1005307,5,417
C1.404.61,-3.7100212093144314,5.01178,6,404
C1.443.44,-3.712983601120732,-2.5148115,6,443
C1.443.16,-3.7135680620032736,-5.1049447,6,443
C1.441.28,-3.7142436586434955,19.944588,6,441
C1.404.60,-3.714255949127938,3.2979398,5,404
C1.434.128,-3.717325286520874,-7.300661,5,434
C1.404.68,-3.7211104727091446,-3.5469203,6,404
C1.448.144,-3.721535766797754,-4.239353,6,448
C1.397.19,-3.7224112323911696,-0.5014947,6,397
C1.422.9,-3.7257521766505453,6.220335,6,422
C1.397.15,-3.7277950685468304,15.314989,6,397
C1.386.174,-3.72953493705612,5.5619082,6,386
C1.404.86,-3.73095271098069,4.026696,6,404
C1.404.83,-3.731981387059007,3.7732964,6,404
C1.422.195,-3.7334637417263514,9.105735,6,422
C1.389.128,-3.7338434063327233,0.88883,3,389
C1.422.232,-3.7371018957652944,-5.504648,6,422
C1.386.114,-3.737210506484175,2.3932748,6,386
C1.408.44,-3.737254037249252,6.0337296,6,408
C1.417.97,-3.742500794692886,-3.0047307,5,417
C1.397.4,-3.7439591990594288,17.119272,6,397
C1.397.125,-3.7500439710520106,9.417255,6,397
C1.397.100,-3.75071047330098,-11.526995,6,397
C1.404.3,-3.753046882316401,1.2425464,6,404
C1.434.158,-3.7587504032277663,8.212139,5,434
C1.404.84,-3.761541251703299,4.802663,6,404
C1.386.187,-3.7667232832037123,-17.506935,5,386
C1.417.48,-3.7719942744622967,-6.0714307,5,417
C1.408.29,-3.7720716946737354,3.9730563,7,408
C1.404.26,-3.7739593092336166,1.5987631,6,404
C1.397.130,-3.777172425096351,15.734255,6,397
C1.408.13,-3.7839394418653187,-6.219872,7,408
C1.397.1,-3.783975827258552,21.384205,6,397
C1.422.134,-3.78800254735606,10.510518,6,422
C1.448.107,-3.789645592237101,-8.548212,5,448
C1.420.53,-3.79929012631114,-9.474051,5,420
C1.448.77,-3.8005280092649794,-5.9832525,5,448
C1.397.72,-3.803831849422921,-6.5145283,6,397
C1.408.8,-3.8051766297475518,-3.3972151,7,408
C1.404.63,-3.806772131006095,-4.143837,6,404
C1.386.15,-3.808239677051462,-20.958284,4,386
C1.449.24,-3.810457085773588,8.642883,6,449
C1.418.44,-3.815267770329864,16.712343,5,418
C1.418.70,-3.820035159600821,18.937365,5,418
C1.397.21,-3.8218664326296126,-21.323736,5,397
C1.386.169,-3.834593107073989,16.478909,6,386
C1.386.181,-3.8361211389278083,7.6072598,4,386
C1.422.148,-3.837286439674686,-7.321065,6,422
C1.443.49,-3.844224060078093,13.790606,6,443
C1.386.54,-3.844480245495319,-4.3852916,6,386
C1.408.52,-3.854791935275335,5.0110564,7,408
C1.404.46,-3.8584596824946957,-0.009386935,6,404
C1.448.150,-3.8620557018513924,-4.1507196,6,448
C1.408.69,-3.865860091672586,5.2199135,7,408
C1.386.163,-3.867893423614256,-3.763875,6,386
C1.386.40,-3.8683175178358464,-15.306575,6,386
C1.422.206,-3.8686036776298027,14.496662,5,422
C1.404.57,-3.871425737993015,-0.5979536,6,404
C1.408.5,-3.873860021874979,-5.376401,7,408
C1.448.63,-3.8768682895561892,-8.916954,5,448
C1.422.136,-3.879097928516146,7.4529514,6,422
C1.408.22,-3.8853617773510973,9.391471,7,408
C1.404.81,-3.885450140817514,-1.6511036,6,404
C1.417.119,-3.8891369624627514,-3.3484898,4,417
C1.404.49,-3.889546351501471,1.5502131,6,404
C1.420.17,-3.8917843922392543,-3.7248113,5,420
C1.408.2,-3.8936165298672534,-7.568358,7,408
C1.397.136,-3.894320641815424,3.3305385,6,397
C1.397.94,-3.8985172184838848,3.4252887,6,397
C1.408.64,-3.898873240458265,3.8318565,7,408
C1.386.176,-3.9012554756418116,10.302194,5,386
C1.409.72,-3.9070309954329985,-25.2845,5,409
C1.420.28,-3.9081353818613827,-3.9064515,5,420
C1.386.59,-3.9096318811625332,18.202724,6,386
C1.392.13,-3.912615855456987,-26.239397,4,392
C1.434.63,-3.91596990324476,-0.41132727,4,434
C1.404.110,-3.9178597226889322,-1.2513536,6,404
C1.386.14,-3.9181200731807833,13.34591,4,386
C1.422.46,-3.9187041423619804,4.179768,6,422
C1.386.177,-3.928062844511556,5.1567082,6,386
C1.443.41,-3.9292891583282317,-2.111795,6,443
C1.420.22,-3.93315682298416,-5.428817,4,420
C1.420.46,-3.93315682298416,-8.773372,5,420
C1.417.24,-3.934363303542204,2.4639094,5,417
C1.389.146,-3.936354077243692,-12.222937,3,389
C1.403.106,-3.9364920355670647,-3.7829406,5,403
C1.408.7,-3.937487990787468,-4.8319006,7,408
C1.417.13,-3.9422429730126094,-2.1994507,5,417
C1.397.47,-3.942388161385212,-6.735128,6,397
C1.415.66,-3.9463568305525483,-12.654265,4,415
C1.430.61,-3.948262407866007,-6.7607746,4,430
C1.422.152,-3.9539782708824283,4.725002,6,422
C1.408.36,-3.957940406086729,0.63864213,7,408
C1.443.10,-3.95959902270277,-2.5684917,5,443
C1.392.25,-3.967221710135202,-9.196147,4,392
C1.397.16,-3.9716499528396043,3.0856385,6,397
C1.404.21,-3.9720852182916064,0.9606131,6,404
C1.404.78,-3.973104751883828,-2.5162203,6,404
C1.417.111,-3.9762421940353736,0.8991093,5,417
C1.408.10,-3.9780728425756378,6.7392135,7,408
C1.386.116,-3.980982494626233,0.02992489,6,386
C1.417.87,-3.9810567047004253,-5.2627707,5,417
C1.404.98,-3.982588913982467,-6.7009034,6,404
C1.422.132,-3.989055353506965,13.796251,6,422
C1.386.178,-3.9988627935400505,7.0445247,6,386
C1.420.39,-4.000854142529756,7.4117484,5,420
C1.420.2,-4.000854142529756,-2.2234714,5,420
C1.404.44,-4.001349599663083,0.005246398,6,404
C1.392.57,-4.006110002971323,-15.038884,3,392
C1.386.122,-4.007801996118236,14.239425,6,386
C1.386.47,-4.008282888632596,10.484992,6,386
C1.408.19,-4.01025119578998,0.118127845,7,408
C1.397.119,-4.013773185500177,-6.5775614,6,397
C1.420.24,-4.0158658005233185,-1.9733714,5,420
C1.382.110,-4.019707099185504,7.9559803,6,382
C1.404.9,-4.021176328368512,-4.253287,6,404
C1.420.41,-4.026318852759681,8.845968,5,420
C1.408.60,-4.036135163471936,7.1352134,7,408
C1.405.56,-4.038588791036784,-2.6808434,5,405
C1.386.21,-4.044422151722306,8.152592,6,386
C1.417.34,-4.04524280727862,-8.496171,5,417
C1.405.55,-4.047911854409188,-5.9308233,5,405
C1.397.115,-4.051932331989863,3.5462053,6,397
C1.397.141,-4.052266733370994,0.5430886,6,397
C1.422.222,-4.059587931856782,2.103935,6,422
C1.397.110,-4.0698395882685965,-6.752728,6,397
C1.408.21,-4.070311130069839,-5.6935863,7,408
C1.404.2,-4.073447954564062,-1.9291536,6,404
C1.417.58,-4.089475870788241,7.8910494,5,417
C1.408.72,-4.090066845033853,-1.3271008,7,408
C1.404.6,-4.091062675309919,-4.815437,6,404
C1.417.56,-4.092178941221729,-4.946531,5,417
C1.443.13,-4.092508861591366,-6.7028284,6,443
C1.404.20,-4.100156938977659,-7.1762867,6,404
C1.417.86,-4.104185472108068,-10.897851,5,417
C1.386.37,-4.105344112913279,12.958192,6,386
C1.397.41,-4.106673708208506,-10.249495,5,397
C1.404.25,-4.107045288467135,0.7906964,6,404
C1.397.63,-4.10776307858161,0.9165386,6,397
C1.405.61,-4.1079350123326295,-9.172283,5,405
C1.386.149,-4.10864729186362,14.786544,5,386
C1.417.96,-4.110620441442249,0.8153893,5,417
C1.404.43,-4.11611516048032,-11.72672,6,404
C1.386.144,-4.122577947026289,-15.435558,6,386
C1.397.48,-4.125196409863222,-0.5370281,6,397
C1.403.58,-4.129945841247179,7.6406193,5,403
C1.405.50,-4.141267837925782,-8.556004,5,405
C1.417.12,-4.145738712637559,-3.6678507,5,417
C1.408.30,-4.146025236489613,-1.8143865,7,408
C1.417.110,-4.148833406754071,-8.735071,5,417
C1.386.115,-4.149561146150262,2.8761582,6,386
C1.443.23,-4.152888509604078,-5.5551114,6,443
C1.386.86,-4.155666439433061,-8.162191,6,386
C1.417.31,-4.157437256737495,3.5741892,5,417
C1.422.151,-4.16182342908216,2.1862516,6,422
C1.417.9,-4.165254391847861,0.54250926,5,417
C1.386.192,-4.172332764323914,0.06535822,6,386
C1.409.70,-4.173403658707078,-9.69124,5,409
C1.386.128,-4.1743206467628795,-9.646027,5,386
C1.418.59,-4.178861475708041,22.868597,4,418
C1.405.20,-4.195516741873303,-8.305703,5,405
C1.397.113,-4.201624042206263,6.7877054,6,397
C1.397.52,-4.204002295689323,-0.26127803,6,397
C1.397.55,-4.216082351788877,1.8729386,6,397
C1.386.138,-4.22053992314799,-3.3267071,5,386
C1.443.36,-4.229886146441452,-7.995378,6,443
C1.404.36,-4.231610609430127,1.1246631,6,404
C1.397.68,-4.247666058150484,5.611072,6,397
C1.443.33,-4.249825108693796,-11.820128,6,443
C1.409.51,-4.253579095119567,-16.05884,5,409
C1.386.170,-4.2541362635281965,-17.689125,6,386
C1.405.67,-4.256241702083985,-17.895624,4,405
C1.397.147,-4.261047367252286,8.436505,6,397
C1.397.102,-4.262984714776648,7.761022,6,397
C1.404.129,-4.263245717193575,0.94681305,6,404
C1.404.130,-4.26414870624906,-4.7942405,5,404
C1.405.17,-4.2649722160084345,-2.9951234,5,405
C1.405.1,-4.268728352192407,-3.5685434,5,405
C1.386.186,-4.273943004899942,3.3374915,6,386
C1.404.51,-4.283378887842528,6.062013,6,404
C1.404.64,-4.286287208562228,-2.281087,6,404
C1.404.45,-4.289807385474491,-0.86022544,5,404
C1.397.85,-4.291487485056826,2.9153886,6,397
C1.417.35,-4.29261444462225,6.4424095,5,417
C1.408.18,-4.302758981452559,-5.7508864,7,408
C1.397.139,-4.304017188004753,2.3586886,6,397
C1.408.48,-4.304950612926064,-5.258958,7,408
C1.397.67,-4.307350413839422,-5.6893115,6,397
C1.422.200,-4.308499499363731,-4.7501316,6,422
C1.386.153,-4.309044314189015,-1.5044417,6,386
C1.386.17,-4.309449195169406,-8.944208,6,386
C1.405.13,-4.309451561614836,-14.119783,5,405
C1.422.229,-4.310220582670805,-4.730165,6,422
C1.415.9,-4.314287895494318,-10.682566,4,415
C1.404.90,-4.314581106116389,0.9654297,6,404
C1.386.171,-4.317097115932463,3.535684,5,386
C1.397.69,-4.317729248398764,-20.682062,6,397
C1.408.65,-4.319616951488201,-7.1429863,7,408
C1.417.92,-4.322809645938749,0.6090293,5,417
C1.443.52,-4.325911405219907,-10.867445,6,443
C1.404.105,-4.329633024993664,3.517513,6,404
C1.431.65,-4.331732773320589,-9.682163,4,431
C1.397.7,-4.333816727770764,5.038772,6,397
C1.397.14,-4.338936798629605,-2.6423948,6,397
C1.404.47,-4.3573694257887645,0.12007973,6,404
C1.404.39,-4.361351062945903,-6.9988704,6,404
C1.397.91,-4.3692262629641325,2.9694052,6,397
C1.417.117,-4.3738940275244556,-5.4734907,5,417
C1.397.39,-4.381429839983632,-13.915961,6,397
C1.443.34,-4.383401086149513,-12.313994,6,443
C1.397.144,-4.38783129306873,-0.023344714,6,397
C1.417.79,-4.389469985274499,11.387529,5,417
C1.404.125,-4.390010108532991,4.4591966,6,404
C1.386.175,-4.390366893097464,-20.751808,6,386
C1.417.52,-4.391011902339631,6.521509,5,417
C1.417.54,-4.3950760735653045,1.2192492,5,417
C1.417.7,-4.405545337028031,9.04361,5,417
C1.422.131,-4.405818337337244,-8.129715,6,422
C1.386.193,-4.406359934983102,6.12141,4,386
C1.404.16,-4.40680487016304,-4.724687,6,404
C1.405.26,-4.406903271232789,2.5666966,5,405
C1.417.140,-4.411289471848092,4.4022293,5,417
C1.404.89,-4.418575639749972,-2.631337,6,404
C1.397.120,-4.420208833903985,-13.633262,6,397
C1.420.16,-4.4209449116298085,0.6699686,5,420
C1.397.24,-4.422277945013024,-1.4590447,6,397
C1.417.63,-4.426256522123068,0.5259493,5,417
C1.397.56,-4.432713752953402,-14.077595,6,397
C1.417.124,-4.433521349627628,7.4246492,5,417
C1.443.21,-4.436430722388348,-0.13119486,6,443
C1.386.141,-4.441964849763965,-6.447942,6,386
C1.404.71,-4.443896829292095,3.7811463,6,404
C1.405.63,-4.444959432214684,0.23973654,5,405
C1.404.23,-4.469231826633732,-5.1338534,6,404
C1.420.15,-4.47469044638681,-0.704574,4,420
C1.417.45,-4.474939550688731,-2.3263707,5,417
C1.405.25,-4.481133073851455,0.44147655,5,405
C1.397.58,-4.4811845416766936,4.285372,6,397
C1.404.62,-4.494434126251891,2.0927465,6,404
C1.404.28,-4.494898566826046,-3.7947202,5,404
C1.397.71,-4.49499020666772,6.080922,6,397
C1.417.6,-4.498182216253207,-2.0639307,5,417
C1.405.53,-4.499559575847181,3.3911564,5,405
C1.443.58,-4.500853971205509,-5.9120283,6,443
C1.386.118,-4.505335889419183,-6.0079083,6,386
C1.417.49,-4.509104510856453,-1.0644907,5,417
C1.386.91,-4.51369931959242,5.0930915,6,386
C1.417.61,-4.514009790264714,-6.172671,5,417
C1.404.87,-4.520139266316868,3.8351798,6,404
C1.417.103,-4.52270331125005,-1.5081495,4,417
C1.417.5,-4.529272146828605,9.18333,5,417
C1.417.67,-4.529987567059553,0.9306693,5,417
C1.417.50,-4.530478747841517,4.679909,5,417
C1.397.37,-4.53843784930999,7.0477886,6,397
C1.397.101,-4.5421726368816,-5.736228,6,397
C1.404.13,-4.543317459908762,8.552464,6,404
C1.417.95,-4.543842822558231,0.16176929,5,417
C1.386.127,-4.544196796113368,24.088194,5,386
C1.417.57,-4.556270068341529,2.1710093,5,417
C1.408.46,-4.559153794807141,-4.7728577,7,408
C1.386.109,-4.560602717123179,1.8639416,6,386
C1.417.62,-4.57098710926606,-1.5638508,5,417
C1.422.237,-4.580079212445996,-0.067565076,6,422
C1.417.102,-4.580335866089268,7.314689,5,417
C1.417.81,-4.5856256009153675,-0.9367107,5,417
C1.382.112,-4.587313823698654,4.7436805,6,382
C1.418.58,-4.592143008604914,25.384628,4,418
C1.382.58,-4.5926010932336485,9.291413,6,382
C1.404.55,-4.593319927302858,-3.4212036,6,404
C1.397.140,-4.597787297789551,-4.018828,6,397
C1.405.69,-4.603795718915435,-14.354383,5,405
C1.404.82,-4.603888095059548,1.3544631,6,404
C1.417.33,-4.604224069655908,4.896549,5,417
C1.397.145,-4.605695962704055,-4.393066,5,397
C1.389.106,-4.608659695484126,-4.60557,3,389
C1.397.96,-4.6167058483156405,-0.04056138,6,397
C1.386.56,-4.618599916015209,3.798625,6,386
C1.386.94,-4.624542025686433,4.619544,5,386
C1.404.69,-4.626987414416642,5.959463,6,404
C1.420.40,-4.632241655192751,-2.0367115,5,420
C1.417.89,-4.632906824505751,4.035949,5,417
C1.408.37,-4.633731722707281,-11.522358,7,408
C1.386.79,-4.644452777042891,6.663744,5,386
C1.386.90,-4.648084840356561,16.066984,5,386
C1.404.12,-4.652433660983201,0.9205545,5,404
C1.405.11,-4.652979617343195,4.5171757,4,405
C1.417.80,-4.6647441586831935,-6.432471,5,417
C1.404.54,-4.66653348614349,3.9008465,6,404
C1.417.44,-4.668281420234985,1.3807693,5,417
C1.417.130,-4.670590305960914,8.58293,5,417
C1.386.123,-4.67329458232227,-9.032942,6,386
C1.405.48,-4.674206645816033,-1.2473035,5,405
C1.417.134,-4.678971470526604,-4.018131,5,417
C1.397.127,-4.688356954478012,8.315139,6,397
C1.386.112,-4.689250839222832,4.107614,5,386
C1.404.117,-4.690124253332802,-3.5781035,6,404
C1.386.183,-4.694385872743342,-5.3419085,6,386
C1.404.100,-4.694776752653209,2.0462964,6,404
C1.386.113,-4.704562594440596,-8.060492,6,386
C1.420.52,-4.7046869895454835,-6.247391,5,420
C1.404.103,-4.706486016410807,-0.3226536,6,404
C1.417.39,-4.7081470721679,-6.735551,5,417
C1.417.133,-4.720469084760176,-9.197731,5,417
C1.417.21,-4.726812410076075,-2.0959308,5,417
C1.386.57,-4.740451917133556,12.381458,6,386
C1.397.13,-4.746173067540212,-11.653517,5,397
C1.386.84,-4.746316466113906,10.024658,6,386
C1.443.56,-4.755448565449155,-6.730145,6,443
C1.417.51,-4.767581375876503,-10.554811,5,417
C1.404.15,-4.767809548302902,-11.883772,5,404
C1.417.88,-4.767994666651283,-1.0909307,5,417
C1.405.24,-4.771947417474969,-5.0011435,5,405
C1.392.38,-4.774413203639803,-15.394722,4,392
C1.443.62,-4.777270353399709,-4.741628,6,443
C1.386.148,-4.779750977907237,-24.961216,5,386
C1.417.30,-4.782613586169658,-0.17839073,5,417
C1.420.45,-4.782841913795626,-11.864592,5,420
C1.417.28,-4.784044973658228,2.9941852,4,417
C1.407.6,-4.790906975831849,-25.11344,4,407
C1.386.164,-4.807265389789543,4.551204,5,386
C1.443.40,-4.808413772795799,3.9390552,6,443
C1.405.57,-4.810106752291878,-4.9642234,5,405
C1.417.121,-4.816668496308876,8.072009,5,417
C1.417.27,-4.817200696352376,10.323409,5,417
C1.420.49,-4.817431236483122,-8.711592,5,420
C1.405.60,-4.827765451525005,-9.947783,5,405
C1.420.10,-4.837330183291192,-6.893584,4,420
C1.420.11,-4.837745761656691,-11.1482115,5,420
C1.397.43,-4.846597662344678,11.602105,6,397
C1.397.80,-4.85074362680494,-3.201778,6,397
C1.386.42,-4.856176898487997,-1.6363918,6,386
C1.404.101,-4.8573137000117645,-0.19467027,6,404
C1.417.85,-4.860352884337329,-6.5883107,5,417
C1.417.122,-4.864470319214785,-11.9136305,5,417
C1.417.55,-4.868474746878293,-1.1993707,5,417
C1.404.124,-4.8694198116655825,4.98303,6,404
C1.420.19,-4.873821783889382,8.457701,4,420
C1.408.20,-4.891112515293971,0.54079926,7,408
C1.420.35,-4.891334539552426,-1.3529913,5,420
C1.417.26,-4.9027047299951185,-0.6386507,5,417
C1.415.28,-4.909692955548842,-7.2093406,4,415
C1.417.113,-4.914017018929652,7.1376095,5,417
C1.386.13,-4.916191379390681,-7.5377507,5,386
C1.405.47,-4.925864342166132,-8.276604,5,405
C1.397.88,-4.926123344562866,8.530831,5,397
C1.417.132,-4.928535737869355,4.908789,5,417
C1.408.58,-4.9318994794092745,2.5661993,7,408
C1.397.38,-4.941437697671442,16.603588,6,397
C1.386.23,-4.948870804990059,-5.7986917,6,386
C1.386.158,-4.955038822594362,-2.841036,5,386
C1.417.94,-4.955311272248601,-0.41953072,5,417
C1.405.7,-4.963245126717882,-6.200549,4,405
C1.405.22,-4.96421425608909,-6.2253237,5,405
C1.386.51,-4.967005204563926,-3.4124417,6,386
C1.417.115,-4.9674120614207435,1.9154893,5,417
C1.417.101,-4.972186030133748,3.8955693,5,417
C1.417.138,-4.973809774641286,-7.0458307,5,417
C1.397.133,-4.977497682053123,-0.99236137,6,397
C1.397.53,-4.978650320454471,-7.1567116,6,397
C1.417.36,-4.989935271998593,-1.8448107,5,417
C1.386.53,-4.991318048371368,-10.222716,5,386
C1.417.139,-5.0010870829324965,-4.9443707,5,417
C1.417.128,-5.002604209002851,3.0489693,5,417
C1.405.2,-5.014412033577905,-12.127104,5,405
C1.417.106,-5.017829010602439,4.4177694,5,417
C1.405.32,-5.0183873908954375,-19.827663,5,405
C1.417.72,-5.020079359131915,-1.4668508,5,417
C1.405.43,-5.020746536103878,-2.5132635,5,405
C1.404.14,-5.047145237550475,-5.237187,6,404
C1.417.137,-5.05324791024616,-2.9026108,5,417
C1.415.24,-5.053441874927948,-11.90449,4,415
C1.408.42,-5.07089839340598,0.73442787,7,408
C1.408.38,-5.075942098478521,-0.627665,6,408
C1.397.11,-5.093014915831237,8.622489,6,397
C1.408.27,-5.093054010710695,-0.09437215,7,408
C1.420.43,-5.096968978636899,1.7936087,5,420
C1.408.43,-5.098019228309211,-6.148215,7,408
C1.417.93,-5.100253256702469,9.592628,4,417
C1.397.34,-5.101625354483124,0.9237553,6,397
C1.386.190,-5.103378674347026,-8.450136,5,386
C1.417.75,-5.109635833062946,-6.781931,5,417
C1.386.69,-5.118115807498261,-6.392175,6,386
C1.386.99,-5.12250216051902,4.009675,6,386
C1.417.64,-5.12310115439833,-1.1556507,5,417
C1.386.12,-5.124047343556033,-10.561162,5,386
C1.404.77,-5.125406834865841,6.4864464,6,404
C1.417.14,-5.129962679377806,3.7208693,5,417
C1.415.67,-5.14350592606264,-14.876866,3,415
C1.417.18,-5.144988009391803,2.3567693,5,417
C1.417.32,-5.154800953301971,12.573209,5,417
C1.417.126,-5.156665087701797,-5.385791,5,417
C1.404.66,-5.1666805073290645,-0.64287025,6,404
C1.408.63,-5.167430746513277,-13.3425865,7,408
C1.386.46,-5.170577598038485,-2.642075,6,386
C1.386.8,-5.1863850295256855,-17.983908,6,386
C1.417.141,-5.18739913303547,-2.7574108,5,417
C1.417.135,-5.188269426661488,-3.6112506,5,417
C1.417.11,-5.195372239965433,7.239509,5,417
C1.417.43,-5.206888883856107,-14.243791,5,417
C1.397.129,-5.209239058464494,2.469472,6,397
C1.404.17,-5.22473179381448,-6.0837555,5,404
C1.397.82,-5.2251210353555715,3.7387218,6,397
C1.417.127,-5.23595194426685,-13.426691,5,417
C1.397.26,-5.2469336812619405,-6.5111947,6,397
C1.386.62,-5.249613875888589,22.985008,6,386
C1.404.88,-5.263424950135225,-4.9168367,6,404
C1.397.27,-5.270057413994265,6.3622055,6,397
C1.397.32,-5.27292305939247,10.122872,6,397
C1.417.108,-5.282793778788097,4.166449,5,417
C1.415.1,-5.2838300354881875,-14.70129,4,415
C1.408.6,-5.289784676139625,-9.955758,7,408
C1.404.109,-5.300509644119061,-1.4129536,6,404
C1.404.10,-5.3023110762313435,-10.731537,6,404
C1.397.117,-5.310024709351186,6.3293552,6,397
C1.417.77,-5.3104026598262415,12.76419,5,417
C1.417.129,-5.328635027273813,3.3246293,5,417
C1.417.71,-5.332414610351625,-9.539651,5,417
C1.404.50,-5.3362314778226585,4.37238,6,404
C1.404.91,-5.340381979664721,-5.8574867,6,404
C1.417.120,-5.356280727732612,1.7676224,4,417
C1.415.19,-5.369155350376886,-5.0019403,4,415
C1.405.52,-5.379104219079683,-13.059983,5,405
C1.415.30,-5.385282114891865,-7.6617656,4,415
C1.404.7,-5.396606569782247,-7.3290534,6,404
C1.415.55,-5.404211955011568,-6.1420403,4,415
C1.386.18,-5.407773515870523,6.002209,5,386
C1.408.16,-5.414331258763977,11.765499,7,408
C1.407.21,-5.424072088496482,-17.481615,4,407
C1.417.91,-5.444884411211191,7.2348895,5,417
C1.386.145,-5.446856180200666,5.6827583,6,386
C1.417.20,-5.450798920153519,4.9455094,5,417
C1.417.73,-5.475620086896468,-6.418131,5,417
C1.420.42,-5.4976326678122955,-4.6464715,5,420
C1.404.80,-5.504854992747378,-5.945187,6,404
C1.409.63,-5.532026771122923,-18.831821,5,409
C1.417.22,-5.565980231393158,-3.8080707,5,417
C1.417.99,-5.567133362310166,-15.964103,4,417
C1.397.5,-5.591358413311904,-2.6139114,6,397
C1.420.36,-5.59397031297493,-4.0475316,5,420
C1.405.66,-5.5963828182946305,-12.268383,5,405
C1.417.46,-5.61713394078659,-6.6107507,5,417
C1.386.33,-5.625385954540371,-9.293308,6,386
C1.415.29,-5.628105403141928,1.1576096,4,415
C1.407.72,-5.629340712881383,-6.6158643,4,407
C1.397.42,-5.630745746248736,-4.0480113,6,397
C1.408.25,-5.636840354986679,-7.567258,7,408
C1.415.52,-5.650346194243843,-8.50174,4,415
C1.397.59,-5.653362258753688,9.1306715,6,397
C1.397.29,-5.659035286577119,-3.1538281,6,397
C1.397.2,-5.661174506250733,16.027222,6,397
C1.417.47,-5.6681545730176275,11.951249,5,417
C1.404.70,-5.673957114388645,-1.3305869,6,404
C1.386.96,-5.676433209437108,-4.500525,6,386
C1.408.68,-5.6941261127851535,-1.4119866,6,408
C1.404.122,-5.694477963634699,5.3800964,6,404
C1.397.54,-5.698905550655683,1.2265886,6,397
C1.415.69,-5.701456516528221,7.0112095,4,415
C1.417.107,-5.707977368022522,8.207369,5,417
C1.417.68,-5.728864306229401,2.5650892,5,417
C1.386.52,-5.730701592434635,-4.699342,6,386
C1.386.179,-5.731684959237692,1.0056728,5,386
C1.408.4,-5.7326287248893895,-5.2950864,7,408
C1.417.83,-5.734220213827733,-1.7832307,5,417
C1.415.43,-5.7388818125018375,-11.906666,4,415
C1.415.75,-5.742678014578589,-2.9450655,4,415
C1.407.59,-5.743839322699311,-10.954189,4,407
C1.415.45,-5.744684329983905,-15.888391,4,415
C1.405.62,-5.748533672802456,-7.7026234,5,405
C1.415.5,-5.749382162879725,-10.671765,4,415
C1.417.112,-5.752953949601144,5.6644893,5,417
C1.417.10,-5.755347827356278,4.2301273,4,417
C1.397.122,-5.768532436975372,-2.3981948,6,397
C1.417.66,-5.773744190511795,0.5967493,5,417
C1.417.40,-5.77925037670961,-3.7118108,5,417
C1.386.101,-5.797765689492793,14.076454,5,386
C1.417.100,-5.798807591107278,-6.0994506,5,417
C1.397.12,-5.798858795307269,-4.351677,5,397
C1.417.82,-5.802435229410747,-5.247411,5,417
C1.404.30,-5.811598149997185,-0.42118692,6,404
C1.417.84,-5.816916427727179,-0.3559707,5,417
C1.417.118,-5.831274139770553,5.428409,5,417
C1.397.73,-5.832051580686866,-18.444628,6,397
C1.408.35,-5.832446746484982,2.2867794,6,408
C1.417.90,-5.834124194170615,6.673589,5,417
C1.417.37,-5.838577024577228,-8.82009,5,417
C1.397.61,-5.840684891484244,-1.7853447,6,397
C1.417.60,-5.841467012282438,8.797409,5,417
C1.407.44,-5.857666347569951,-16.492039,4,407
C1.404.27,-5.8723498647337005,-12.558853,6,404
C1.415.13,-5.873498072071004,-6.9579406,4,415
C1.397.28,-5.877225952654593,1.680522,6,397
C1.397.107,-5.882252041163918,5.909422,6,397
C1.415.41,-5.886082936743905,-16.606466,4,415
C1.415.58,-5.888973038199973,-14.332391,4,415
C1.408.17,-5.894296378039714,-11.144601,7,408
C1.408.57,-5.90340541041103,0.47612783,7,408
C1.417.114,-5.912385554071317,2.5316694,5,417
C1.397.65,-5.916892270639526,4.5651884,6,397
C1.415.18,-5.939113239504552,5.6223097,4,415
C1.392.31,-5.956938616562586,-25.355047,4,392
C1.397.112,-5.957321891468076,-8.379715,5,397
C1.397.60,-5.960582419362676,0.3799886,6,397
C1.407.12,-5.976244357992857,-14.004065,4,407
C1.405.12,-5.980065883747041,0.081316546,5,405
C1.407.83,-5.980367604047597,-6.4595895,4,407
C1.405.45,-5.983216088884342,-6.0235224,3,405
C1.386.25,-5.985034069974591,2.8839748,6,386
C1.417.70,-5.993392199126536,-1.7969908,5,417
C1.397.103,-6.022157752668553,-2.9484115,6,397
C1.415.74,-6.0323444969765365,-12.060515,4,415
C1.417.136,-6.032813285654358,5.7397695,5,417
C1.397.135,-6.042329180499534,17.702606,6,397
C1.417.23,-6.062488924179432,3.4868894,5,417
C1.417.59,-6.070249597269768,-2.9817908,5,417
C1.415.70,-6.076934666622809,-5.6069655,4,415
C1.415.57,-6.08032285963345,-15.20794,4,415
C1.415.49,-6.098045145206879,-11.915766,4,415
C1.407.49,-6.117955839847384,-10.199265,4,407
C1.417.38,-6.12650518305051,4.410949,5,417
C1.407.33,-6.139563533748483,-14.564815,4,407
C1.408.45,-6.152500898932255,-6.374858,7,408
C1.417.17,-6.166429737379955,3.7646294,5,417
C1.415.42,-6.185639214981021,-17.29169,4,415
C1.417.105,-6.2285926239210365,5.336429,5,417
C1.405.16,-6.23095265265079,-22.760464,5,405
C1.418.23,-6.237533257345399,27.901932,4,418
C1.386.87,-6.277785306469737,6.2067084,6,386
C1.397.45,-6.279832497060225,-9.134412,6,397
C1.417.1,-6.303945285676118,4.940089,5,417
C1.417.42,-6.338691774037874,-9.014951,5,417
C1.405.15,-6.3522225885519426,-16.511383,5,405
C1.417.123,-6.357811822558474,8.82663,5,417
C1.415.59,-6.370608840333456,-7.69714,4,415
C1.415.62,-6.3741373547602045,-10.890265,4,415
C1.405.68,-6.400426696160115,-15.330844,5,405
C1.397.6,-6.408584166545721,1.6089553,6,397
C1.404.18,-6.411602255307433,10.46638,6,404
C1.386.93,-6.413323273275535,10.321642,6,386
C1.417.53,-6.4179128521455215,5.7513895,5,417
C1.415.54,-6.418753577646123,-1.9194155,4,415
C1.415.27,-6.439859778466746,-12.005365,4,415
C1.417.65,-6.455035932084626,13.546573,4,417
C1.415.22,-6.47114197310964,-8.470791,4,415
C1.397.49,-6.47409242439648,4.1699553,6,397
C1.405.71,-6.476988162366122,-15.725563,5,405
C1.415.64,-6.499232587925012,-3.8949153,4,415
C1.415.16,-6.502254756566269,-10.561891,4,415
C1.417.98,-6.509638762123378,-3.7978907,5,417
C1.405.35,-6.51061804866866,-8.802324,4,405
C1.415.37,-6.515892956847783,-4.7339406,4,415
C1.415.46,-6.534196400846287,-17.871565,4,415
C1.415.47,-6.550634641468648,-20.671465,4,415
C1.405.49,-6.5791039662249045,-2.5681634,5,405
C1.397.124,-6.592660404715036,-9.681528,6,397
C1.405.40,-6.609230278629547,-6.2011633,5,405
C1.417.76,-6.6182184820279915,-9.1200905,5,417
C1.415.72,-6.650945265577094,-0.03269044,4,415
C1.417.109,-6.673910725779653,-5.8630886,4,417
C1.407.31,-6.720006227822595,-16.99889,4,407
C1.431.18,-6.7349141072700816,-7.0865097,4,431
C1.386.65,-6.741879318835536,-0.39490846,6,386
C1.415.17,-6.754233625110769,-1.4829154,4,415
C1.415.34,-6.777753427167165,-9.19939,4,415
C1.407.75,-6.778022746009907,-7.0021644,4,407
C1.407.17,-6.783871913314704,-4.128764,4,407
C1.417.25,-6.7928816446010964,-0.020110719,5,417
C1.407.69,-6.799846179625033,-5.2750645,4,407
C1.415.26,-6.872080350157141,-10.73274,4,415
C1.415.50,-6.8784491312952385,-1.7750654,4,415
C1.415.31,-6.878705630680993,-0.77031547,4,415
C1.404.94,-6.8867906782006765,5.1944466,6,404
C1.415.4,-6.892973397793048,-6.2666903,4,415
C1.397.126,-6.905593704654189,2.7439554,6,397
C1.415.44,-6.906457310984272,-2.5153155,4,415
C1.386.173,-6.936456441665135,3.1010582,6,386
C1.415.53,-6.944077515253185,-1.4323905,4,415
C1.415.39,-6.947235185091948,-6.7860155,4,415
C1.397.66,-6.95133893402801,5.5537887,6,397
C1.386.49,-6.956127528097487,-4.119675,6,386
C1.407.76,-6.964459745285116,-12.138639,4,407
C1.415.11,-6.976380692891512,-13.997066,4,415
C1.415.7,-6.981948431549083,-15.34949,4,415
C1.415.38,-7.00370905290669,-3.0426404,4,415
C1.407.2,-7.020661582944153,1.7049607,4,407
C1.415.63,-7.021538842236426,-1.2253155,4,415
C1.415.25,-7.021977560212694,-4.1219406,4,415
C1.407.14,-7.03021946144364,-8.2417145,4,407
C1.415.56,-7.047000940499464,-4.8536406,4,415
C1.407.82,-7.120683335971484,-23.035889,4,407
C1.405.33,-7.143411738735298,-6.0684633,5,405
C1.407.65,-7.16812391865352,-11.74844,4,407
C1.407.40,-7.181997033208442,-13.012489,4,407
C1.407.48,-7.188386463958909,-4.405289,4,407
C1.407.73,-7.209685180975307,-12.083964,4,407
C1.415.61,-7.223220884121337,-7.4759655,4,415
C1.415.20,-7.274686435773055,-14.60824,4,415
C1.415.6,-7.281798495858658,-5.7806907,4,415
C1.415.40,-7.331711745207199,-10.108966,4,415
C1.415.14,-7.376920051478689,-8.198147,3,415
C1.386.43,-7.463501338684149,-3.139625,6,386
C1.407.13,-7.4712840777028635,-9.371465,4,407
C1.415.68,-7.48199369923077,-3.3167903,4,415
C1.415.71,-7.483784411361627,-0.13471544,4,415
C1.415.12,-7.5897462171813235,-11.56929,4,415
C1.405.42,-7.592944388907698,-23.182703,5,405
C1.415.15,-7.61512227079089,-1.3422655,4,415
C1.407.15,-7.62695972200747,-7.2898645,4,407
C1.407.42,-7.66834076521396,-4.8514643,4,407
C1.415.35,-7.672328158240047,-13.9898405,4,415
C1.415.32,-7.708076003504274,-3.6791155,4,415
C1.405.4,-7.713304454716743,-10.353603,5,405
C1.417.15,-7.723585237082604,-1.8298308,5,417
C1.415.48,-7.800402783705387,-15.5693655,4,415
C1.407.23,-7.815584984683226,-14.170889,4,407
C1.407.19,-7.839263859425218,-12.130414,4,407
C1.407.35,-7.8508183089444685,-20.15124,4,407
C1.415.51,-7.863059628892069,-8.494591,4,415
C1.407.81,-7.866403463441719,-9.703064,4,407
C1.407.29,-7.893281126501762,-11.746739,4,407
C1.415.65,-7.893588722871142,-4.1735654,4,415
C1.407.5,-7.93826093469115,-0.86818933,4,407
C1.415.10,-7.945610096295381,-21.958893,3,415
C1.415.21,-7.973642222275396,-0.28514045,4,415
C1.415.33,-8.00225077447551,-14.740741,4,415
C1.407.47,-8.010422419029544,-2.2525892,4,407
C1.407.77,-8.038050678011626,-9.24949,4,407
C1.407.32,-8.058783963203236,-24.87819,4,407
C1.407.30,-8.066997196678683,-7.4028144,4,407
C1.425.1,-8.153349448411236,-9.957686,5,425
C1.405.29,-8.176099562096947,-4.2939234,5,405
C1.397.30,-8.178325174033901,6.764891,5,397
C1.407.34,-8.196658397583379,-22.446165,4,407
C1.407.55,-8.259870154414601,-13.804139,4,407
C1.407.84,-8.261068615607767,-22.48284,4,407
C1.407.18,-8.276917993245416,-6.953514,4,407
C1.407.71,-8.289548234509057,-17.217289,4,407
C1.425.28,-8.29574240435704,-8.854607,5,425
C1.407.41,-8.333703874915,-9.285389,4,407
C1.407.85,-8.33924443135973,-4.0165143,4,407
C1.407.1,-8.348099867544251,-8.359189,4,407
C1.407.25,-8.381211704132951,-18.522789,4,407
C1.407.4,-8.430797180015333,-13.596314,4,407
C1.407.52,-8.436548596128025,-14.836265,4,407
C1.415.36,-8.454062763819246,-8.472165,4,415
C1.407.66,-8.465134523535749,-7.781739,4,407
C1.407.58,-8.501275521677682,-14.034214,4,407
C1.425.79,-8.506941612820487,-17.571445,5,425
C1.425.55,-8.514999290545394,-6.201546,5,425
C1.415.60,-8.536450576061421,-12.49219,4,415
C1.407.28,-8.545806508177055,-19.518389,4,407
C1.415.3,-8.573860965384963,-10.204141,4,415
C1.407.27,-8.643816368840776,-9.127389,4,407
C1.415.2,-8.652769316325587,1.3183095,4,415
C1.425.71,-8.675831953895564,-5.8712864,5,425
C1.415.23,-8.722414658243077,-12.29914,4,415
C1.415.73,-8.804280661137808,-5.0401154,4,415
C1.407.46,-8.882847215073383,-14.942089,4,407
C1.407.63,-8.883990428372329,-16.461689,4,407
C1.407.68,-8.88426655539025,-15.4041395,4,407
C1.407.80,-8.924016057676893,-19.914965,4,407
C1.407.51,-8.972942591574688,-14.121389,4,407
C1.407.7,-8.988455313267602,-8.965815,4,407
C1.425.70,-9.023996157517836,-6.1136866,5,425
C1.407.11,-9.032949651879337,-14.981764,4,407
C1.407.57,-9.059772074411203,0.11331069,4,407
C1.407.24,-9.094562213947887,-4.7543645,4,407
C1.407.9,-9.142749364532682,-16.08124,4,407
C1.407.26,-9.271772490155126,-11.564539,4,407
C1.407.56,-9.278641625298679,-12.694864,4,407
C1.407.22,-9.310113691264158,-18.560863,4,407
C1.407.3,-9.333824959830164,-13.517164,4,407
C1.425.60,-9.383827160915772,-13.844417,4,425
C1.425.62,-9.423347951053849,2.3598735,5,425
C1.407.60,-9.441327287784906,-5.697439,4,407
C1.407.79,-9.467228608230883,-0.3031893,4,407
C1.407.38,-9.517117944001244,-11.887215,4,407
C1.407.70,-9.554606508794528,-17.159039,4,407
C1.415.8,-9.582248896795695,-19.64409,4,415
C1.407.74,-9.616072388493942,-9.973764,4,407
C1.407.62,-9.686668702445154,-3.4234893,4,407
C1.407.78,-9.806498446585907,-7.536989,4,407
C1.407.50,-9.867652155156039,-10.07179,4,407
C1.425.27,-9.940753162404848,-14.919927,5,425
C1.425.73,-9.967093986188964,-9.542767,5,425
C1.425.54,-9.99312427435614,-15.854667,5,425
C1.407.64,-10.008214481055292,-14.601339,4,407
C1.407.16,-10.043588253079225,-4.3249645,4,407
C1.425.11,-10.048849951606655,-15.980267,5,425
C1.407.10,-10.051953510939404,-1.0655643,4,407
C1.425.35,-10.092690231133217,-17.510046,5,425
C1.425.67,-10.096938642566545,-28.644667,5,425
C1.407.54,-10.108798836922526,-6.672314,4,407
C1.407.61,-10.111161998050004,-18.106339,4,407
C1.407.39,-10.17931220694609,-9.208964,4,407
C1.407.8,-10.236135800831118,-19.73679,4,407
C1.407.43,-10.239067209264318,3.3572106,4,407
C1.407.53,-10.657781550343715,-27.187914,4,407
C1.407.45,-10.716006423761796,-8.240089,4,407
C1.425.57,-10.723008008588302,-20.125546,5,425
C1.407.67,-10.73408618002505,-17.77334,4,407
C1.407.37,-10.834836022322209,-5.2699895,4,407
C1.425.26,-10.83870956393949,-10.287546,5,425
C1.425.4,-10.894225292606567,-14.329826,5,425
C1.407.20,-10.920304934931613,-26.42669,4,407
C1.425.13,-11.106978272800248,-10.613807,5,425
C1.425.23,-11.218110875824573,-18.235806,5,425
C1.407.36,-11.270580943878416,-14.031189,4,407
C1.425.41,-11.507640495192778,8.66329,4,425
C1.425.51,-11.537602978965047,-2.1426663,5,425
C1.425.69,-11.717752943940576,-2.7540064,5,425
C1.425.43,-11.741085822053646,-18.015285,5,425
C1.425.46,-12.012282123479386,-25.710566,5,425
C1.425.21,-12.028948271234237,0.5808736,5,425
C1.425.44,-12.054674270072443,2.6611335,5,425
C1.425.66,-12.103502850078721,-12.327026,5,425
C1.425.30,-12.21951147939375,-7.7345862,5,425
C1.425.7,-12.250607893007029,9.179873,5,425
C1.425.78,-12.369329767929734,-9.511066,5,425
C1.425.2,-12.42245495125473,-39.898758,4,425
C1.425.6,-12.502183363836869,-8.095084,4,425
C1.425.19,-12.594866437788799,0.5668336,5,425
C1.425.32,-12.703037170425587,-11.434866,5,425
C1.425.65,-12.754779060432778,1.9109536,5,425
C1.425.47,-12.78360422646688,-9.453146,5,425
C1.425.36,-12.805562529700946,-17.845446,5,425
C1.425.25,-12.851470448784928,-4.0215864,5,425
C1.425.68,-13.011758091304495,-12.9675665,5,425
C1.425.50,-13.073587994324747,-10.845966,5,425
C1.425.29,-13.124317495303005,-18.531517,4,425
C1.425.75,-13.286627783425315,-9.591347,5,425
C1.425.58,-13.401662334901085,10.027654,5,425
C1.425.8,-13.526284063142034,-32.828667,4,425
C1.425.48,-13.60177027051432,-0.08566637,5,425
C1.425.37,-13.623381317889706,-30.283747,5,425
C1.425.59,-13.629849913419719,20.545774,5,425
C1.425.61,-13.641016384626385,-23.882666,5,425
C1.425.53,-13.731966909173213,-5.8496265,5,425
C1.425.22,-13.735763861050598,-17.989706,5,425
C1.425.31,-13.74470995278611,-3.8580663,5,425
C1.425.3,-13.835000494357711,-16.696793,4,425
C1.425.64,-13.872716524365307,-15.433706,5,425
C1.425.45,-13.917012381927998,-2.5987065,5,425
C1.425.15,-14.02114843337913,0.22763291,4,425
C1.425.76,-14.080488705656851,-13.605646,5,425
C1.425.63,-14.171564316138706,-20.997387,5,425
C1.425.9,-14.225243088776043,-6.239786,5,425
C1.425.14,-14.414334344108047,-24.057007,5,425
C1.425.34,-14.471878055782847,-15.908466,5,425
C1.425.77,-14.57118154866802,-17.153027,5,425
C1.425.52,-14.788607400407187,-15.833346,5,425
C1.425.40,-14.813688001886533,-14.048507,5,425
C1.425.18,-15.041539293002486,-20.979465,5,425
C1.425.74,-15.290078727426353,-18.367027,5,425
C1.425.5,-15.361431860847034,-20.862427,5,425
C1.425.42,-15.414618641962159,-14.698007,5,425
C1.425.56,-15.682421573249096,1.5650736,5,425
C1.425.10,-15.791689075075494,-9.09521,4,425
C1.425.20,-15.946205803789486,-16.793907,5,425
C1.425.39,-16.110423698282982,-55.25112,3,425
C1.425.17,-16.381310385552204,-23.735666,5,425
C1.425.38,-16.769434965792183,-28.424866,5,425
C1.425.72,-16.82297566692956,-5.666766,5,425
C1.425.49,-17.27903119436505,-8.096066,5,425
C1.425.24,-18.140434593445022,-27.110247,5,425
C1.425.12,-18.288315979492175,-16.366467,5,425
C1.425.33,-18.42098098068335,-19.92069,4,425
