line,pred,y,n_fields,population
C1.487.82,13.522432243666424,-2.686399,5,487
C1.479.134,13.238197061745655,-4.233882,6,479
C1.454.18,13.232324182491235,-6.6242146,8,454
C1.479.48,13.227653305155387,-17.347149,6,479
C1.497.78,13.053821850178677,-3.982547,8,497
C1.454.135,12.994097681496992,-16.835127,8,454
C1.497.131,12.826451650118296,1.3226154,8,497
C1.479.150,12.8007061768297,-3.202832,12,479
C1.479.42,12.80051443563745,0.28487107,5,479
C1.479.140,12.71003109950207,-10.143899,6,479
C1.454.184,12.588192483621162,0.1670927,7,454
C1.454.34,12.520156323447974,-0.37363985,8,454
C1.479.55,12.512286852311426,11.742521,4,479
C1.479.33,12.502406481578085,-10.9159155,6,479
C1.497.88,12.498481350592407,-0.7734221,8,497
C1.454.38,12.497578956961151,3.6288726,8,454
C1.479.12,12.299538791310276,-2.7167819,6,479
C1.479.20,12.225366060163028,10.400485,6,479
C1.479.31,12.22096590972216,4.5798016,6,479
C1.479.41,12.163933682699398,-5.721182,6,479
C1.479.112,12.134078760438323,-19.328949,6,479
C1.497.147,12.118530084494106,-0.022184603,8,497
C1.454.40,12.103159600174248,-24.060753,8,454
C1.452.18,12.102703402831565,8.608329,7,452
C1.479.89,12.081132500267392,1.4274014,6,479
C1.479.131,12.027990654597836,-1.829932,6,479
C1.497.175,11.951495464154103,-5.720747,8,497
C1.454.117,11.943707981800893,-19.792515,8,454
C1.497.212,11.943357392488698,9.524725,7,497
C1.497.72,11.92511340596266,3.755353,8,497
C1.497.150,11.912506885346653,-3.224497,8,497
C1.487.91,11.903230566190027,16.824844,4,487
C1.497.191,11.857523427731754,-4.0541186,7,497
C1.497.24,11.8259869967756,-5.32326,8,497
C1.497.106,11.822326646554025,-12.236497,8,497
C1.452.124,11.801865504908807,8.398396,8,452
C1.454.120,11.800538492882279,-9.588602,8,454
C1.497.61,11.77690428466368,11.497266,8,497
C1.479.130,11.71785134421243,2.7651515,6,479
C1.479.14,11.692369581599543,-12.270632,6,479
C1.454.59,11.67549047147036,9.007085,8,454
C1.479.100,11.671605953392444,-8.588016,6,479
C1.479.4,11.664845116251218,6.1337376,5,479
C1.454.33,11.659737246443461,-4.5425024,8,454
C1.479.11,11.65799055972119,-12.634382,6,479
C1.454.21,11.653190063375067,-6.69769,8,454
C1.454.127,11.648994325236227,-13.51149,8,454
C1.454.155,11.640805668970637,8.383998,8,454
C1.479.23,11.614870046458078,-5.766482,6,479
C1.454.96,11.59628882017265,2.4836352,8,454
C1.454.136,11.569028012998071,-15.851877,8,454
C1.497.41,11.568463740443866,6.5807405,8,497
C1.479.133,11.552625004386911,-7.0050654,6,479
C1.479.99,11.548538215516102,2.7240348,6,479
C1.479.57,11.539065386860308,0.08806808,6,479
C1.454.82,11.535838492100153,-0.65417874,7,454
C1.479.36,11.494247258275557,6.4213514,6,479
C1.497.173,11.486189416503052,8.321853,7,497
C1.454.128,11.46971969374806,-13.911753,6,454
C1.479.119,11.449299418969705,-19.282965,6,479
C1.497.113,11.448394794639478,-16.702396,8,497
C1.479.70,11.4436514502139,-0.31844857,6,479
C1.470.112,11.423212014615997,-3.5465162,8,470
C1.474.106,11.41905057787379,17.077686,7,474
C1.470.25,11.399086218982681,-5.2138786,8,470
C1.497.45,11.388939602363996,-14.557172,8,497
C1.454.158,11.355378219515872,-3.9553773,8,454
C1.479.51,11.345864433558777,2.6382015,6,479
C1.479.43,11.337404223514843,-1.3965986,6,479
C1.479.22,11.321557600188111,-17.79081,5,479
C1.497.146,11.310273188797195,4.2793655,8,497
C1.479.58,11.30358685230488,-2.751282,6,479
C1.463.167,11.274108692126644,5.72369,6,463
C1.479.143,11.238770065464424,-3.9397902,12,479
C1.474.37,11.236085103384305,-1.9664494,8,474
C1.479.90,11.234394177821683,-3.5576487,6,479
C1.454.64,11.212778676568123,-1.1358774,8,454
C1.454.132,11.209911706065746,-15.135444,7,454
C1.487.104,11.200953089329515,-18.20294,5,487
C1.497.4,11.188941938545945,-5.937122,8,497
C1.463.70,11.174465258997554,7.7860904,6,463
C1.479.35,11.147949236692524,-17.710968,5,479
C1.479.153,11.141491274881995,4.9453096,12,479
C1.463.36,11.137032511537242,19.08159,6,463
C1.479.1,11.126272085974843,-9.867449,6,479
C1.479.65,11.121481155633095,-4.4465985,6,479
C1.479.142,11.111018628074971,2.2158349,6,479
C1.454.19,11.108176396899333,-14.389211,7,454
C1.454.99,11.091277227873414,-2.4666524,8,454
C1.497.194,11.072134877717442,0.0842529,8,497
C1.470.93,11.050217230576603,11.746818,7,470
C1.479.125,11.027913371413087,-0.18033192,6,479
C1.479.127,11.019114107678046,-5.949765,6,479
C1.454.60,11.00147599944159,-6.386176,7,454
C1.497.193,10.998223880417559,1.3236779,8,497
C1.479.116,10.991806072780387,-2.110982,6,479
C1.497.93,10.984014545687781,-0.8713346,8,497
C1.454.32,10.958346731026113,1.0486977,8,454
C1.454.44,10.94689359379298,-6.8041024,8,454
C1.463.109,10.942591171357979,7.117791,5,463
C1.497.219,10.942519095164538,-4.4739094,8,497
C1.454.143,10.937719680990824,4.3376474,8,454
C1.479.146,10.937195218248975,-7.404051,10,479
C1.497.35,10.93236007269312,-18.883041,6,497
C1.479.94,10.906537949192037,-13.587723,5,479
C1.479.128,10.895515059674787,-9.631398,6,479
C1.497.162,10.8797681022472,3.0037904,8,497
C1.497.81,10.876720453598187,-15.038785,8,497
C1.479.66,10.844652464366279,-7.8304625,5,479
C1.497.109,10.841674023012194,-21.341846,8,497
C1.454.142,10.841350492744374,-9.32774,8,454
C1.454.61,10.83799792140362,-6.100226,7,454
C1.454.124,10.835588571486202,0.61098903,7,454
C1.497.119,10.814472174857348,-10.18096,8,497
C1.454.176,10.8126212673887,-2.4514253,7,454
C1.497.87,10.808507322904637,1.3944,7,497
C1.454.144,10.807997534044288,2.5681353,8,454
C1.454.37,10.784081102584453,-3.3409898,8,454
C1.497.171,10.783334019808382,6.133053,8,497
C1.497.154,10.768991150368768,-4.575697,8,497
C1.479.117,10.752377367155098,-7.1034317,6,479
C1.479.149,10.749296365736086,5.0771933,12,479
C1.454.80,10.725915702345834,1.3822227,8,454
C1.454.81,10.725532787974357,-4.6842523,8,454
C1.454.118,10.717145752449253,-3.6980681,7,454
C1.479.87,10.71046334346761,1.5996609,5,479
C1.479.6,10.706842240648745,0.3902681,6,479
C1.454.125,10.696299026872554,6.9095464,7,454
C1.452.41,10.685486519273569,12.177046,8,452
C1.487.54,10.681966798845862,7.0317807,5,487
C1.454.77,10.67197827623605,0.9465476,8,454
C1.497.136,10.668489021197658,4.9556527,8,497
C1.497.95,10.658828824466168,-9.865985,8,497
C1.497.44,10.656572318326903,3.7992706,5,497
C1.479.122,10.648808144523857,-13.826215,6,479
C1.452.97,10.639672397704361,6.9535456,8,452
C1.454.102,10.610265000000282,-7.9585524,8,454
C1.497.34,10.610063314017035,-18.588835,8,497
C1.497.210,10.60720514688788,5.5592904,8,497
C1.497.97,10.602906409040665,3.7954154,8,497
C1.454.84,10.600118874060003,-1.0452899,8,454
C1.452.30,10.583966787531399,7.0714455,8,452
C1.497.18,10.582989948134346,1.3327779,8,497
C1.452.148,10.577707870466352,11.604686,7,452
C1.497.65,10.57124537235926,0.36420915,6,497
C1.479.3,10.565230126867297,-10.3808155,6,479
C1.497.169,10.554147701581604,2.7091029,8,497
C1.479.151,10.550510671472058,-0.36568192,12,479
C1.479.84,10.51738290846925,11.074552,6,479
C1.497.207,10.504072361995167,18.524233,7,497
C1.454.154,10.491358316644567,2.2119477,8,454
C1.474.14,10.48410869810855,-8.369937,8,474
C1.452.7,10.46727576719299,3.778429,7,452
C1.479.115,10.463209482291402,8.351661,5,479
C1.452.121,10.45474107525344,9.218543,7,452
C1.454.63,10.447489075426494,-0.38482735,8,454
C1.474.56,10.435529691016006,-10.505699,8,474
C1.479.79,10.419302582880844,-16.299065,6,479
C1.479.32,10.417690218004926,-20.825418,5,479
C1.497.69,10.412844326688647,-3.6948845,8,497
C1.479.135,10.404559494992775,-14.262849,6,479
C1.479.137,10.393039618024858,8.834401,5,479
C1.452.137,10.370619907958487,8.726787,7,452
C1.479.105,10.36218271204111,0.3823681,6,479
C1.479.85,10.359704020857267,-7.2455487,6,479
C1.497.102,10.352274225774716,-9.690697,8,497
C1.454.76,10.35195132422921,3.597485,8,454
C1.479.47,10.346542839834926,-17.3436,6,479
C1.463.47,10.336628330942771,10.8877735,6,463
C1.487.74,10.315514762337784,3.5798008,5,487
C1.479.76,10.309023018213681,0.97742087,5,479
C1.454.141,10.291564185918864,-3.8250148,8,454
C1.454.24,10.290256742874945,-18.69784,8,454
C1.454.168,10.28098415750768,-1.1223273,8,454
C1.454.179,10.266853866537536,13.7007475,8,454
C1.454.54,10.25855440764411,0.617581,7,454
C1.479.107,10.252236982405654,-7.6974654,6,479
C1.479.45,10.232389747938964,2.9149008,5,479
C1.454.14,10.220428254307885,-0.016202347,8,454
C1.459.45,10.217375239591835,-16.217703,6,459
C1.454.114,10.211043699271126,-4.1619024,8,454
C1.470.163,10.210244030034534,2.2974339,8,470
C1.497.121,10.197982561960007,-3.512172,8,497
C1.497.5,10.194123779874507,3.528328,8,497
C1.479.138,10.189066771652103,-15.640982,6,479
C1.497.80,10.174562373518247,-14.166084,8,497
C1.479.93,10.171909850548303,-22.299063,5,479
C1.474.174,10.168414053851917,7.0882754,8,474
C1.454.86,10.168410264815833,10.449888,7,454
C1.454.25,10.165686956451,7.2678227,8,454
C1.452.11,10.148204501760784,6.8989353,6,452
C1.487.69,10.14537628996683,-1.6709591,5,487
C1.474.61,10.141415811085345,6.4589725,7,474
C1.454.165,10.140700387931286,-4.044052,8,454
C1.454.163,10.138027592203043,-11.924265,8,454
C1.454.90,10.137233839951163,2.3341727,8,454
C1.479.30,10.135407594624155,-4.743965,6,479
C1.497.172,10.13352117946591,-15.191929,5,497
C1.479.67,10.126552659671797,-4.5028152,6,479
C1.479.63,10.122523227247799,-9.507699,6,479
C1.479.60,10.116896059313486,-5.6535654,6,479
C1.454.47,10.109790903139661,2.7147727,8,454
C1.497.19,10.094490334947391,1.8923,7,497
C1.454.180,10.089076271433106,-4.606793,7,454
C1.497.142,10.0871410344018,-2.2600574,6,497
C1.479.104,10.082083528657439,-1.6857152,6,479
C1.454.146,10.076625411441102,8.992172,8,454
C1.463.91,10.075801454651883,10.77719,6,463
C1.497.7,10.072826842475859,-1.8125181,7,497
C1.452.113,10.072021048359494,16.005896,8,452
C1.479.108,10.069269142850018,-2.2746985,6,479
C1.497.160,10.067785871667851,-7.118672,8,497
C1.470.286,10.06579588929372,-1.5725504,7,470
C1.454.162,10.064434729738458,5.2385707,7,454
C1.454.57,10.051583878953185,-1.1257273,8,454
C1.487.88,10.047604727920769,-12.495199,5,487
C1.497.74,10.041005232385046,0.8168154,8,497
C1.497.96,10.028399508101632,-9.415585,8,497
C1.479.46,10.027339390672658,-12.026566,6,479
C1.487.84,10.020843801781893,-5.2091193,5,487
C1.454.75,10.011151033417041,-12.049597,7,454
C1.479.9,9.99817319221493,-1.7028652,6,479
C1.479.98,9.995436466771164,-2.359082,6,479
C1.497.107,9.99286334987388,2.9051175,7,497
C1.454.164,9.982592188997147,12.539485,8,454
C1.453.158,9.97981959350609,11.272284,6,453
C1.479.109,9.978619359555184,-4.7988653,6,479
C1.497.60,9.978199962890436,-6.6202097,8,497
C1.454.156,9.97385093774111,1.5537226,8,454
C1.463.83,9.959599546152889,5.0476737,6,463
C1.454.147,9.946584798726878,-4.12154,8,454
C1.454.70,9.94161360805073,2.77971,8,454
C1.497.177,9.935974498726246,2.2690403,8,497
C1.479.38,9.935786060286631,-7.285015,6,479
C1.454.79,9.933047984768313,10.632547,8,454
C1.454.67,9.927128492143476,-2.601615,8,454
C1.454.166,9.925960305662887,-17.16644,8,454
C1.459.105,9.920038396831949,-5.8917685,6,459
C1.474.94,9.918235375395186,-13.473437,8,474
C1.479.24,9.91406446104298,-6.519732,6,479
C1.479.145,9.90929662520621,-5.1605988,12,479
C1.454.73,9.906115035340328,-11.09845,7,454
C1.474.70,9.88943416567614,15.923663,8,474
C1.454.49,9.885423177620357,-3.9609149,8,454
C1.474.142,9.88188959781561,-9.954237,8,474
C1.497.208,9.872098266158542,-11.532222,8,497
C1.479.13,9.865684407698499,-3.2673986,6,479
C1.479.37,9.857366998202073,-14.576565,6,479
C1.479.16,9.841909518750692,-5.2238984,6,479
C1.454.92,9.84091753774798,3.5654356,7,454
C1.479.88,9.83979586347001,-2.053382,6,479
C1.479.101,9.838524887501976,-12.548265,6,479
C1.479.124,9.838299649689947,6.1585846,6,479
C1.454.169,9.827185494495234,-10.5760145,8,454
C1.497.161,9.813390578542538,-5.2813096,8,497
C1.454.48,9.812322787294454,-7.30194,8,454
C1.479.120,9.805018348687655,-12.675649,6,479
C1.479.91,9.801614272631662,2.9593349,6,479
C1.454.27,9.797873968632947,5.537698,8,454
C1.454.160,9.795217933480808,-8.272528,8,454
C1.454.133,9.795116003987994,4.165885,8,454
C1.454.95,9.789437840892017,8.952545,7,454
C1.459.236,9.789201018560012,5.7408648,6,459
C1.454.113,9.775408564758074,-4.2423396,8,454
C1.470.67,9.765563238884377,1.8143338,8,470
C1.497.39,9.76448558860075,9.159728,8,497
C1.497.15,9.762680617513743,-14.43186,8,497
C1.463.103,9.75557795720107,15.94054,6,463
C1.474.81,9.750681984510651,3.5717084,7,474
C1.497.186,9.746305229967154,-6.6908503,7,497
C1.497.152,9.742168730116246,4.457178,8,497
C1.497.215,9.733612705459135,-10.870797,8,497
C1.479.2,9.730759394797541,1.5929514,6,479
C1.497.112,9.725950782746644,-2.3481472,8,497
C1.452.161,9.719651874354037,-5.457328,7,452
C1.479.80,9.67541764045711,8.73448,5,479
C1.497.63,9.662393858745247,3.620653,8,497
C1.479.81,9.661365610165017,6.7105513,6,479
C1.454.148,9.657946029660518,-9.837715,8,454
C1.487.62,9.654523462564137,-18.7718,4,487
C1.454.173,9.649037795113937,4.3593783,7,454
C1.463.120,9.634371712226887,3.8349068,6,463
C1.497.55,9.620300840257359,18.74654,8,497
C1.454.101,9.615711672387521,0.35149765,8,454
C1.497.101,9.610299235150437,-8.831622,8,497
C1.454.29,9.607465008936135,2.1367853,8,454
C1.454.28,9.598203673846267,-5.2570577,7,454
C1.463.48,9.597741720227663,11.839692,5,463
C1.497.28,9.596140797001667,-4.2860723,8,497
C1.452.132,9.59275320605741,6.6692576,7,452
C1.470.165,9.590917068351807,-11.056841,8,470
C1.454.137,9.584748937794984,-10.537353,8,454
C1.497.91,9.568625384999407,6.339603,8,497
C1.470.218,9.566263744483733,-9.137178,8,470
C1.454.145,9.564561342988917,2.17651,8,454
C1.454.172,9.563781010088555,5.4030476,8,454
C1.470.198,9.560372322812663,-8.299292,8,470
C1.487.66,9.559454848734745,-1.9210391,5,487
C1.487.65,9.541365151059109,-12.061959,5,487
C1.479.102,9.538062676725895,-11.577229,4,479
C1.454.97,9.536444306611667,-4.2351775,8,454
C1.463.67,9.533545309518104,-3.6956775,5,463
C1.454.88,9.52756920557937,3.9687226,8,454
C1.474.101,9.520541666438609,-4.6867046,7,474
C1.474.19,9.519995107732926,7.6049633,8,474
C1.454.139,9.516953490489882,0.7509747,7,454
C1.470.43,9.506288611242557,10.068059,8,470
C1.470.75,9.497048590317005,-1.2724333,7,470
C1.454.41,9.495204526447969,-9.176979,7,454
C1.479.56,9.495005333575461,10.531852,6,479
C1.452.139,9.489610195928787,-0.37711683,8,452
C1.452.170,9.480670077724668,3.655908,8,452
C1.454.126,9.479031147328312,-9.035715,8,454
C1.479.77,9.476603476118447,-1.8018819,6,479
C1.453.67,9.468646749971986,-4.722783,6,453
C1.452.153,9.4626678237633,3.8845081,8,452
C1.454.170,9.458999272919398,-7.5133824,7,454
C1.479.27,9.450222625277787,6.8619013,6,479
C1.463.105,9.43803488698183,16.348074,6,463
C1.463.132,9.425978714223767,6.03029,6,463
C1.474.17,9.421537797745168,-3.7846367,8,474
C1.454.112,9.416732410118849,10.05231,8,454
C1.454.17,9.412343797511914,-12.786707,7,454
C1.497.13,9.409993643207036,3.4105153,8,497
C1.454.35,9.40207320787386,-5.61149,8,454
C1.479.59,9.400164515615074,-8.886449,6,479
C1.454.178,9.399683727129855,-3.1838398,8,454
C1.470.219,9.398977303543619,-9.523153,8,470
C1.470.202,9.392570341828458,11.716766,7,470
C1.463.87,9.382339294523911,8.756424,6,463
C1.497.58,9.374921132404918,-13.696722,8,497
C1.463.58,9.37488347313936,-8.631428,5,463
C1.497.1,9.369202697162626,-2.4437597,8,497
C1.461.220,9.361244356658986,4.7570295,5,461
C1.497.114,9.360331406577934,-7.9897346,8,497
C1.470.169,9.360200934204935,0.8040088,8,470
C1.452.165,9.356802552530691,16.3938,7,452
C1.479.73,9.33790695741142,-2.139232,6,479
C1.474.199,9.328058896577502,-7.2252116,8,474
C1.497.189,9.320715048843033,-6.7518597,8,497
C1.487.61,9.320522354195484,-15.0979395,5,487
C1.470.294,9.320319096102883,8.583038,7,470
C1.497.126,9.316805767270758,7.2168155,8,497
C1.454.56,9.313133414165426,-0.47600234,8,454
C1.479.113,9.312405151974142,-11.434149,6,479
C1.459.239,9.304246156057765,-8.827502,6,459
C1.454.167,9.302910885281445,6.4504094,7,454
C1.497.98,9.29432231368568,5.5639153,8,497
C1.487.57,9.292755573248254,19.030193,4,487
C1.479.64,9.291478971106194,10.233952,6,479
C1.452.53,9.291244542003506,-5.527495,7,452
C1.452.85,9.289537220506347,2.9016082,8,452
C1.454.105,9.281650837677507,4.1141977,8,454
C1.497.3,9.276106976878046,-10.593147,8,497
C1.496.174,9.272289632673616,3.528976,6,496
C1.497.205,9.264798898801029,-5.388522,8,497
C1.454.104,9.259048410000402,-2.1608253,7,454
C1.479.71,9.252589147246573,-6.1081653,6,479
C1.487.90,9.250883899248159,-17.37744,5,487
C1.497.50,9.250081558841496,-6.2985845,8,497
C1.474.93,9.249369968301565,0.70615065,8,474
C1.454.69,9.24703448554014,7.074646,7,454
C1.487.63,9.244176225106484,-20.3468,5,487
C1.470.37,9.24121167795291,8.97415,7,470
C1.454.157,9.240462531020105,7.4589853,8,454
C1.497.108,9.232728671367601,10.166503,8,497
C1.497.153,9.231437695642537,-5.006991,6,497
C1.474.76,9.21889613871117,0.24488817,8,474
C1.479.121,9.21761576026943,8.580781,5,479
C1.496.114,9.209928382501914,7.7645907,8,496
C1.452.83,9.20822764466291,2.9247332,8,452
C1.479.139,9.188939337376883,-5.281382,6,479
C1.479.40,9.188920451253466,6.424918,6,479
C1.454.30,9.18067150424423,-16.277708,7,454
C1.454.182,9.179563281651152,2.6660604,7,454
C1.470.243,9.173269801255023,-13.400487,5,470
C1.479.49,9.172031419076605,-16.218338,5,479
C1.454.50,9.171710047467885,-8.216168,7,454
C1.497.46,9.170760219357144,2.2199404,8,497
C1.497.99,9.161643849630014,-20.066334,8,497
C1.470.292,9.157661531175767,6.389821,8,470
C1.479.50,9.148116738850954,-14.924465,6,479
C1.454.46,9.143290054987009,-4.68365,7,454
C1.474.16,9.139315914462953,0.6733723,7,474
C1.454.45,9.138679174193266,2.04216,8,454
C1.452.82,9.13615263320322,4.721929,7,452
C1.454.71,9.128799831388369,-0.4279681,7,454
C1.470.174,9.125724404168427,5.8182073,6,470
C1.497.167,9.123598984982747,-11.577472,8,497
C1.474.44,9.11818870552837,-3.731822,6,474
C1.479.26,9.116663760253251,-2.9855819,6,479
C1.454.108,9.106255954651123,-7.6382523,8,454
C1.479.97,9.106033932468412,-2.5770485,6,479
C1.497.67,9.104676467364154,5.934876,6,497
C1.497.57,9.096740369762971,-13.81202,5,497
C1.454.36,9.090904945611205,-0.008827348,8,454
C1.497.187,9.088713754944456,3.860828,8,497
C1.452.98,9.0834534046343,21.472008,8,452
C1.497.188,9.080295979401367,7.0374155,8,497
C1.479.92,9.057796233059781,-12.406365,6,479
C1.497.149,9.057508303059562,-10.669947,8,497
C1.463.155,9.05294776015513,-1.0372099,6,463
C1.497.198,9.03057009323282,-5.660097,8,497
C1.474.51,9.021089692056965,-8.5797615,8,474
C1.479.114,9.019035139784025,11.813751,6,479
C1.463.55,9.0157021668915,9.699157,6,463
C1.479.148,9.013875545939802,-4.8331738,12,479
C1.474.132,9.006713932919762,-1.3172119,8,474
C1.463.89,9.00425599426342,6.865457,6,463
C1.463.60,8.999732160533545,-7.18046,6,463
C1.497.163,8.999294553970685,9.525702,8,497
C1.463.110,8.998467379930098,-4.979393,6,463
C1.497.49,8.997436327971531,-8.698485,7,497
C1.497.70,8.990297834647164,-1.3790472,8,497
C1.454.174,8.989691579685541,6.4570227,8,454
C1.452.9,8.98758466831273,15.155033,8,452
C1.453.22,8.977811470982596,3.1571503,6,453
C1.454.111,8.975866027408937,5.495373,8,454
C1.463.137,8.971623457049052,7.3242736,6,463
C1.452.147,8.96786944472529,13.938706,7,452
C1.497.48,8.963820457573336,0.2928029,8,497
C1.479.118,8.957383319472735,-4.0639653,6,479
C1.454.42,8.951146536588046,7.310985,8,454
C1.479.34,8.934883547630244,-14.266449,6,479
C1.454.15,8.934655141860448,2.5548499,7,454
C1.479.44,8.9316407155698,-15.1284485,5,479
C1.496.127,8.927663297119475,17.56764,8,496
C1.479.129,8.9243245397691,0.23726809,6,479
C1.474.176,8.922650036932604,-1.8068243,8,474
C1.463.113,8.91963463663922,26.486607,6,463
C1.497.166,8.914211479467907,3.1733654,8,497
C1.452.142,8.908202325100252,11.614046,8,452
C1.497.168,8.904323868336853,-5.209076,7,497
C1.474.120,8.893606397592082,-6.8694744,8,474
C1.497.178,8.892566214134904,-7.0945845,8,497
C1.497.195,8.8903389638839,-1.898897,8,497
C1.463.5,8.883469629590783,13.96984,6,463
C1.463.13,8.870372086794099,11.7864065,6,463
C1.496.243,8.861564859267796,1.6100906,8,496
C1.453.78,8.855064054313873,12.177151,6,453
C1.479.110,8.853558268913297,-8.549582,6,479
C1.479.126,8.851104303154074,4.597411,5,479
C1.470.249,8.847767021601513,-2.8211663,8,470
C1.452.91,8.846364695894662,1.2248148,7,452
C1.479.123,8.84634549433708,-5.0116987,6,479
C1.479.54,8.843139828599908,3.1306849,6,479
C1.479.52,8.840045128670868,0.9621348,6,479
C1.497.33,8.839665743274855,-8.861335,8,497
C1.474.72,8.838740513677338,-0.90637434,8,474
C1.463.61,8.835309854545475,10.575857,6,463
C1.497.199,8.834002824498285,1.0214654,8,497
C1.479.106,8.831931896773538,-3.6316485,6,479
C1.454.109,8.827896838627554,-0.05899302,7,454
C1.479.136,8.824820882688144,-9.323765,6,479
C1.454.94,8.820180070967183,0.86557263,8,454
C1.452.115,8.811388874747117,1.5856969,6,452
C1.463.127,8.80952707044076,-0.7569265,6,463
C1.453.18,8.806482957886299,-9.790467,5,453
C1.470.70,8.802907529310987,-3.8083663,8,470
C1.496.244,8.802019994899409,7.4799533,8,496
C1.479.69,8.797754782454115,9.897518,6,479
C1.497.85,8.797717422277875,7.063528,8,497
C1.479.10,8.790002471718685,-1.2743152,6,479
C1.470.32,8.787710822998877,-5.6494474,7,470
C1.479.144,8.786223146938063,-2.6669402,12,479
C1.454.91,8.7859458760289,-7.76504,8,454
C1.454.98,8.776847401423769,-1.0989274,8,454
C1.470.223,8.775738810109686,-3.6080332,7,470
C1.497.16,8.754896776998166,8.66409,7,497
C1.459.288,8.750281193305842,9.9431095,5,459
C1.454.72,8.749443363293695,-3.646568,7,454
C1.470.209,8.742165092430376,-3.1471663,8,470
C1.463.64,8.739450748014777,4.05894,6,463
C1.479.83,8.738771778293534,-15.712202,5,479
C1.474.52,8.733492608895316,11.247854,7,474
C1.463.21,8.7332647817807,2.1808236,6,463
C1.463.37,8.728015942679555,12.122307,6,463
C1.470.96,8.722773917951832,-7.3605537,8,470
C1.453.126,8.72015624594136,0.3111548,5,453
C1.463.152,8.716572862450304,7.9181566,6,463
C1.463.115,8.71285128817304,30.969873,6,463
C1.487.45,8.70409172783254,-3.2862191,5,487
C1.463.158,8.696334930788375,1.4644068,6,463
C1.463.168,8.695321521097318,11.500724,6,463
C1.454.58,8.694873237021303,-11.640065,8,454
C1.454.53,8.694114009564624,-12.360903,8,454
C1.454.62,8.68899201596212,-11.151114,8,454
C1.452.77,8.682993606376519,1.9261832,8,452
C1.470.287,8.672340429756574,-1.9725475,7,470
C1.479.141,8.670503394617596,-10.994139,5,479
C1.487.81,8.665835869826994,-37.859375,3,487
C1.463.12,8.663162588850799,9.684957,6,463
C1.474.1,8.663054023412556,-7.505574,8,474
C1.470.261,8.659093195807676,9.811371,8,470
C1.470.172,8.643953630064205,-5.799366,8,470
C1.463.179,8.640999507273687,17.963657,6,463
C1.479.17,8.638391558192305,6.3377013,6,479
C1.470.145,8.636561060594646,0.9387463,8,470
C1.454.130,8.633605581091961,-3.3189898,8,454
C1.486.215,8.619839912844034,-4.376033,6,486
C1.497.183,8.616149899086103,-6.376572,8,497
C1.470.280,8.605941227274181,-6.099791,8,470
C1.459.274,8.605727984323929,2.8240814,6,459
C1.454.129,8.604867892606883,-4.7544537,7,454
C1.470.161,8.6034419185252,-0.28416622,8,470
C1.497.94,8.59589922105854,-16.21796,8,497
C1.474.74,8.578826894682232,-3.9838867,8,474
C1.479.18,8.577551588558938,8.291701,6,479
C1.487.100,8.576161309751205,-13.668799,5,487
C1.470.49,8.57615252117076,5.4961586,8,470
C1.474.42,8.57558855117106,-3.328987,8,474
C1.497.10,8.57521032256127,0.2765904,8,497
C1.452.138,8.57351823067594,11.778396,8,452
C1.463.151,8.569783608533603,9.4204235,6,463
C1.497.120,8.56953765333682,-14.844572,8,497
C1.479.78,8.565185309238798,-0.4270486,6,479
C1.452.164,8.557279707111144,3.5497956,8,452
C1.459.169,8.557232161005661,-2.2573962,5,459
C1.496.220,8.554495711374807,16.038643,7,496
C1.474.80,8.55312551482608,-6.3945494,8,474
C1.470.121,8.551164611395523,-6.109729,8,470
C1.454.106,8.545735340330344,-8.76334,8,454
C1.453.147,8.541191458925258,0.61221695,6,453
C1.452.86,8.53914116256375,16.291779,7,452
C1.474.144,8.536046956854635,-7.879546,7,474
C1.453.103,8.531094467525527,0.835767,6,453
C1.497.9,8.52899383168615,3.6882858,7,497
C1.496.171,8.527625533755531,16.739529,8,496
C1.463.126,8.526519161660808,-0.4801765,6,463
C1.453.111,8.524428044269483,3.2083669,6,453
C1.470.204,8.520738246471428,-7.5612664,8,470
C1.463.170,8.516258334652502,6.3539066,6,463
C1.497.17,8.51234006474627,-18.848684,8,497
C1.497.73,8.510321571410032,-9.373859,8,497
C1.474.113,8.509476554657786,-2.913262,8,474
C1.454.43,8.50944861837349,14.764598,8,454
C1.459.149,8.508374582473394,3.7998314,6,459
C1.452.13,8.508072862615299,7.2561865,6,452
C1.479.95,8.5065185766251,-8.408415,6,479
C1.459.174,8.500492209083308,2.3202648,6,459
C1.454.89,8.48540696072728,3.331832,7,454
C1.479.62,8.48223134983168,-10.673049,6,479
C1.497.206,8.477562142737641,1.8638779,8,497
C1.452.24,8.475815166686237,8.141126,7,452
C1.470.272,8.463136808183751,-8.728619,7,470
C1.470.38,8.460355374455876,-2.0806663,8,470
C1.496.209,8.458622500299837,17.242239,7,496
C1.479.5,8.454383603362205,-12.082159,5,479
C1.463.169,8.421297828063889,-11.219393,6,463
C1.454.150,8.414149710234287,-2.655665,8,454
C1.452.134,8.400958965439402,5.2833433,7,452
C1.470.149,8.400870644117504,5.2541175,7,470
C1.459.52,8.39560035515503,1.9440647,6,459
C1.454.149,8.393808226337198,-5.2387524,8,454
C1.454.85,8.393472120958615,-0.33479205,7,454
C1.454.51,8.393398096760361,11.935836,7,454
C1.454.181,8.392689177599902,-6.0675864,7,454
C1.470.129,8.391917844808408,-24.625704,8,470
C1.452.17,8.390594345984011,9.057108,8,452
C1.470.51,8.389014844054831,-13.463117,8,470
C1.452.106,8.385872938738894,15.820944,7,452
C1.497.59,8.381528239684611,-0.35707211,8,497
C1.463.174,8.378299621545844,7.0068903,6,463
C1.454.161,8.371216172956192,3.780585,8,454
C1.454.116,8.370455750845762,5.14266,8,454
C1.497.79,8.362721211648987,-7.345447,8,497
C1.459.99,8.3575492095477,10.981832,6,459
C1.474.12,8.351418683955314,-6.2934995,7,474
C1.463.86,8.350480187512124,8.500152,5,463
C1.497.148,8.34909724220125,1.5805529,8,497
C1.497.64,8.348906744894894,-19.519947,8,497
C1.470.295,8.34696892789604,-8.187129,8,470
C1.487.108,8.337937464645954,-2.019619,5,487
C1.487.67,8.324480745403367,-19.574406,4,487
C1.470.60,8.317280546238804,18.49682,8,470
C1.470.184,8.316116029802705,5.859109,8,470
C1.470.179,8.290621595616656,2.4224067,7,470
C1.479.28,8.288417577196423,-18.094948,6,479
C1.454.39,8.287687555349176,-6.817625,7,454
C1.459.211,8.277802964721586,-8.128903,5,459
C1.453.94,8.264393076688096,0.4019003,6,453
C1.470.236,8.261982991427526,-2.0875788,8,470
C1.470.290,8.257155411943092,6.646209,8,470
C1.454.31,8.252218814857711,-2.2537634,7,454
C1.474.177,8.249378393334293,-15.549449,8,474
C1.497.42,8.248915299412232,-10.496409,8,497
C1.461.295,8.247798774776768,12.84995,5,461
C1.497.36,8.243179301696367,-1.3415596,8,497
C1.497.128,8.240736812076332,4.977003,8,497
C1.496.210,8.23906857118883,9.38199,8,496
C1.452.72,8.22096827649427,2.093575,5,452
C1.459.272,8.218105658754702,14.205765,6,459
C1.459.22,8.2168052567236,10.202498,6,459
C1.452.168,8.21517889691351,7.788372,7,452
C1.454.123,8.214804835728751,6.00946,8,454
C1.454.177,8.209383049499783,-6.8635526,8,454
C1.463.116,8.203911464594515,-4.1595764,6,463
C1.497.82,8.202089733320578,-13.810544,5,497
C1.479.53,8.200528153683326,2.313168,6,479
C1.479.19,8.19651191862689,5.7337513,6,479
C1.479.21,8.194846710908575,-13.228215,6,479
C1.463.122,8.193616534249474,3.6004236,6,463
C1.474.82,8.190624244749559,-4.3442245,8,474
C1.463.90,8.190147441894567,11.19959,6,463
C1.459.77,8.186130552744057,13.085393,4,459
C1.463.111,8.182496119702598,5.9005404,6,463
C1.453.143,8.181915852443293,-2.492633,6,453
C1.463.128,8.175231885091438,-6.4664736,4,463
C1.454.93,8.17222094962135,8.257823,8,454
C1.479.8,8.1715311078619,-15.022415,6,479
C1.453.65,8.1670344075019,18.655018,6,453
C1.454.87,8.166020685808405,14.710222,8,454
C1.497.37,8.163067242926225,-5.2076216,7,497
C1.463.23,8.162834243840605,-1.2764565,5,463
C1.454.121,8.152586054554368,-3.1740253,7,454
C1.497.116,8.150047193304706,-5.666297,8,497
C1.474.4,8.148563550422596,-4.524862,7,474
C1.463.124,8.14402294180294,5.02004,6,463
C1.474.127,8.140612257759562,-7.6122904,7,474
C1.479.82,8.13692197441509,0.3971014,6,479
C1.497.71,8.133661756716382,-23.617306,4,497
C1.470.237,8.132225419752356,-7.8319902,7,470
C1.463.173,8.127506464381172,6.4648733,6,463
C1.479.25,8.12297266326881,-11.6307,5,479
C1.454.119,8.11968336480249,2.4890795,7,454
C1.459.79,8.117938557902919,0.5902314,6,459
C1.497.14,8.116001361200485,-9.168872,8,497
C1.474.63,8.11346787451793,-23.562948,7,474
C1.497.155,8.109941043165863,1.7278092,6,497
C1.452.64,8.097790188951414,0.6464457,8,452
C1.474.53,8.096393860998381,-1.0917119,8,474
C1.453.86,8.094445604876592,-0.5210497,6,453
C1.459.261,8.090809889244534,-10.557385,6,459
C1.459.67,8.09013658177489,9.033165,6,459
C1.470.207,8.086905545402637,-2.8394163,8,470
C1.452.131,8.085711509527513,4.6399956,8,452
C1.454.100,8.076992499368341,-2.9552398,8,454
C1.479.86,8.076319423785515,3.9202847,6,479
C1.452.79,8.071108141522304,9.294784,8,452
C1.497.118,8.070623401250767,-1.7302221,8,497
C1.497.84,8.06775174395485,-8.998397,8,497
C1.496.91,8.065241092319587,-0.19904688,8,496
C1.497.111,8.064420416293682,-9.404772,8,497
C1.470.154,8.064388588304768,4.3306465,8,470
C1.452.60,8.06372276657305,-2.5114708,7,452
C1.487.75,8.061464757606133,-31.638458,5,487
C1.463.101,8.05980900307368,10.172557,6,463
C1.497.139,8.05751515572121,-11.324735,8,497
C1.454.151,8.053036370218095,-1.1070024,8,454
C1.487.73,8.052359936754861,-17.709839,5,487
C1.463.160,8.048516440770454,6.6830735,6,463
C1.474.181,8.045836262466375,1.7133666,7,474
C1.453.10,8.038804964050744,14.125415,5,453
C1.459.61,8.034234281395012,-1.5291932,5,459
C1.479.96,8.031641651456692,-9.141032,6,479
C1.461.254,8.025245788832772,-4.432356,4,461
C1.497.68,8.023361922429004,-16.673195,7,497
C1.487.120,8.020079335857753,-1.3890991,5,487
C1.454.110,8.007483733817583,-8.691478,8,454
C1.463.72,8.003565394387744,6.2816067,6,463
C1.463.38,8.003135837269607,11.629273,6,463
C1.463.10,8.001635400448496,-1.8097599,6,463
C1.479.147,8.001071315070769,2.368243,12,479
C1.497.11,7.995703120039126,-14.979726,7,497
C1.463.3,7.992212156648083,7.6414237,6,463
C1.470.31,7.983950030151972,-17.317484,6,470
C1.453.105,7.983586345350224,-8.0870495,6,453
C1.452.118,7.982658642764399,11.322258,8,452
C1.463.154,7.982584580211631,-5.101893,6,463
C1.487.64,7.982148443497087,-12.929039,5,487
C1.470.108,7.981207439267074,11.184067,7,470
C1.470.18,7.97597917515605,-6.0620036,8,470
C1.496.212,7.973527897942541,5.492553,8,496
C1.452.108,7.973114487742922,-0.29830498,5,452
C1.463.156,7.970851554020607,14.150112,5,463
C1.496.110,7.964756984925431,8.718941,8,496
C1.454.159,7.949229979543878,-3.091915,8,454
C1.463.77,7.948901449870821,8.891174,5,463
C1.454.131,7.940668904080395,-7.3189464,6,454
C1.497.151,7.922905943332241,-7.464547,8,497
C1.459.13,7.921919718261467,1.9541981,6,459
C1.459.108,7.918859068152127,-0.029135253,6,459
C1.453.107,7.916635207973737,23.278687,4,453
C1.479.75,7.9145699006706085,6.571968,6,479
C1.470.296,7.914275095786502,0.70629627,8,470
C1.463.28,7.908236633175848,-14.777688,3,463
C1.470.19,7.906286771569118,6.766359,8,470
C1.463.150,7.903605655588839,-1.1720859,5,463
C1.496.51,7.900453975522749,-2.8202965,7,496
C1.474.192,7.899737724565382,-7.513362,8,474
C1.452.3,7.897705042146473,-12.053367,8,452
C1.470.139,7.892188226205159,3.2380838,8,470
C1.474.35,7.886766769967725,4.093488,8,474
C1.497.202,7.886180137575325,-4.8201346,8,497
C1.470.285,7.885713587438355,-4.600754,8,470
C1.461.240,7.883601875581569,-9.85649,5,461
C1.470.137,7.88355201298738,-4.4342785,8,470
C1.463.99,7.880699325987845,6.577094,5,463
C1.470.61,7.879283255172094,4.8797965,8,470
C1.463.52,7.867684182172175,-1.9095099,6,463
C1.474.22,7.867344531602877,-9.629999,7,474
C1.474.43,7.864067110830655,-3.3749244,8,474
C1.470.92,7.855581836379073,-9.021791,8,470
C1.454.122,7.854882914119674,2.296235,8,454
C1.454.55,7.847103951402211,-0.108739845,8,454
C1.454.103,7.845493522717858,0.15753457,7,454
C1.487.93,7.842889767853571,-21.23788,4,487
C1.496.95,7.830341984445123,8.522386,7,496
C1.463.74,7.830049647540393,12.89069,6,463
C1.470.275,7.829826733642603,-15.454954,8,470
C1.497.140,7.829084272145928,-15.570885,8,497
C1.453.171,7.828058279905128,-1.9002452,5,453
C1.487.80,7.825116657585519,-7.320279,5,487
C1.454.68,7.823261244070684,7.5811977,8,454
C1.496.149,7.82238417562608,-3.9643345,8,496
C1.470.117,7.817904850138881,-12.418366,8,470
C1.470.26,7.814703281199373,-10.110229,8,470
C1.452.156,7.813487230419937,4.208929,7,452
C1.470.274,7.811349208856176,-2.0711646,7,470
C1.453.92,7.808644703429804,3.6346004,6,453
C1.496.83,7.797810386312125,-6.2573967,8,496
C1.459.287,7.789964294603512,13.5497875,5,459
C1.470.147,7.783837654656116,-1.5749162,8,470
C1.454.78,7.777684296198753,-8.298739,8,454
C1.470.217,7.772985820641556,-4.3301163,8,470
C1.463.97,7.77290621349528,10.714724,5,463
C1.470.103,7.772528618110662,14.110259,8,470
C1.454.83,7.76634672860703,-4.6891823,7,454
C1.463.148,7.765454217245446,-1.0776932,6,463
C1.496.238,7.760526285557956,7.8886905,8,496
C1.463.134,7.74994849628963,0.32500684,6,463
C1.454.175,7.746340547424182,1.1403352,8,454
C1.459.215,7.740518331331585,-21.303263,4,459
C1.470.76,7.737602599759944,-8.603454,8,470
C1.453.102,7.7373577877512245,-1.3700497,6,453
C1.454.74,7.727059397058568,-8.38029,8,454
C1.474.8,7.7222348352370105,-2.0326743,8,474
C1.452.75,7.717204721400652,1.5385433,7,452
C1.470.59,7.716669888206563,-5.297791,8,470
C1.470.229,7.710602563333455,-13.809016,8,470
C1.497.25,7.710568041164355,-9.557815,7,497
C1.479.111,7.708666057949999,-0.8096819,6,479
C1.454.115,7.7018898793286645,-6.335327,8,454
C1.470.276,7.698952652763275,-0.88565373,8,470
C1.452.44,7.694686245631379,11.448296,8,452
C1.478.39,7.6930948543342845,24.34328,4,478
C1.479.61,7.688335508119424,-7.3318152,6,479
C1.474.190,7.687052141445087,4.864888,8,474
C1.453.117,7.685722362835632,-1.6135831,6,453
C1.474.185,7.684297804309822,3.1488667,7,474
C1.470.234,7.680597547161715,-0.83561623,8,470
C1.474.97,7.68007298402676,8.608051,7,474
C1.463.145,7.678143436011118,5.5716066,6,463
C1.454.134,7.673685409253407,-5.086952,8,454
C1.474.116,7.672310107279413,6.2265134,8,474
C1.479.7,7.671761830570434,-1.7254819,6,479
C1.463.2,7.6716582320529545,12.720107,6,463
C1.470.83,7.670356280112094,3.962106,7,470
C1.470.200,7.668761137101476,-15.760879,7,470
C1.470.283,7.668755611665543,8.140409,7,470
C1.470.89,7.668339444312687,3.3461714,8,470
C1.470.84,7.646766832909959,-7.347254,8,470
C1.497.201,7.645472078518558,-5.2801223,8,497
C1.463.93,7.643689259575747,-10.046064,4,463
C1.474.191,7.637785489344187,2.3904784,7,474
C1.471.36,7.633331817083199,17.023561,7,471
C1.470.159,7.631906776501344,0.6097463,8,470
C1.470.28,7.630437823506765,-15.629091,8,470
C1.497.192,7.623780126817443,-3.2773347,8,497
C1.463.32,7.618080638241507,7.1770234,6,463
C1.453.176,7.617223217414009,-10.974383,6,453
C1.452.47,7.616851886748594,-12.074464,7,452
C1.463.96,7.61328286450435,1.6120036,5,463
C1.470.151,7.6047987883855,-6.4319286,8,470
C1.497.141,7.597631922420059,-9.221035,8,497
C1.463.166,7.59396017736091,-3.6090765,6,463
C1.470.73,7.592891957150466,3.2669713,8,470
C1.459.156,7.5912810968211835,8.349669,5,459
C1.453.30,7.590590290310997,-3.020483,6,453
C1.461.291,7.587063718749723,10.031429,5,461
C1.470.170,7.577113254552354,-5.053662,7,470
C1.463.63,7.572364913703656,8.897306,6,463
C1.470.260,7.56581841087117,3.8045337,8,470
C1.497.157,7.5641939990439475,-9.612823,8,497
C1.461.253,7.5635601218649064,-4.5588703,5,461
C1.470.54,7.560334832430037,2.4517212,8,470
C1.463.92,7.558643889148123,7.846198,4,463
C1.463.106,7.5583855532731015,-9.59911,6,463
C1.453.5,7.557216476115157,-4.462816,6,453
C1.463.39,7.553743320722291,10.834164,5,463
C1.474.48,7.5527166940513375,-8.378525,8,474
C1.470.105,7.551047470774957,-10.57224,7,470
C1.454.23,7.550896991632149,-1.4577398,8,454
C1.479.103,7.547344158397807,-4.310715,6,479
C1.497.134,7.544452325568534,2.2300653,8,497
C1.470.255,7.5422264501860825,4.194496,8,470
C1.470.291,7.5401376157429185,-3.2749412,8,470
C1.452.28,7.538761272852608,-10.943217,8,452
C1.463.175,7.538443312803873,22.637024,6,463
C1.463.121,7.5265645308342135,25.507507,6,463
C1.470.52,7.522695134761849,1.1788088,8,470
C1.454.140,7.516377031580781,0.57866013,8,454
C1.463.78,7.515533063073494,11.918774,6,463
C1.474.138,7.510517714334844,-0.24428684,8,474
C1.480.25,7.509556210056705,-1.2811022,5,480
C1.459.132,7.506371694483726,12.882923,4,459
C1.452.43,7.505980891722459,12.655458,8,452
C1.470.116,7.499624237194054,0.45057452,7,470
C1.459.130,7.498636235062868,8.792848,6,459
C1.496.177,7.4980706261107075,10.391315,8,496
C1.496.88,7.488680894639093,-3.6929843,8,496
C1.496.73,7.485807001782796,3.7897031,8,496
C1.496.187,7.483395359259079,-4.1776967,7,496
C1.496.102,7.480373208442786,7.723551,7,496
C1.474.13,7.4793428147729495,8.660373,6,474
C1.497.115,7.472297208930231,-9.40775,7,497
C1.470.189,7.467739326720094,-8.527779,8,470
C1.479.29,7.467556988054552,-9.274819,5,479
C1.459.273,7.466035288654802,4.5216312,6,459
C1.470.224,7.465846325952746,-1.8330662,8,470
C1.474.180,7.461662791254971,1.6426257,8,474
C1.487.53,7.461656154087726,6.292633,4,487
C1.463.82,7.461434303009964,10.631173,6,463
C1.474.9,7.451148615792491,-3.4110494,8,474
C1.479.152,7.44790784089427,-0.3905986,12,479
C1.470.269,7.44179090840374,-0.5017287,8,470
C1.452.22,7.441177181186394,-2.2505293,8,452
C1.470.63,7.437908905919359,-6.754029,8,470
C1.463.112,7.435867691494006,1.9851568,6,463
C1.452.10,7.429522238334973,8.428729,7,452
C1.459.26,7.428538793263198,7.9015617,2,459
C1.463.104,7.426284296875772,1.0786401,6,463
C1.474.165,7.425741355901798,6.1356006,8,474
C1.452.107,7.423732383080642,4.0719333,8,452
C1.463.16,7.420660163840408,2.5996082,4,463
C1.463.180,7.420283342592438,15.00984,6,463
C1.496.103,7.418886740305042,-0.36657187,8,496
C1.470.109,7.41443321431668,-3.7107663,8,470
C1.452.20,7.411841371302607,4.988986,7,452
C1.474.73,7.409849578189472,6.7070537,7,474
C1.452.81,7.40472121290148,2.1089969,6,452
C1.470.181,7.3997975900091735,-33.528942,5,470
C1.474.148,7.390721670353306,-20.84885,8,474
C1.453.142,7.389218822698039,-8.797716,6,453
C1.479.72,7.381641679661135,-11.708149,6,479
C1.463.20,7.379453107264905,7.8593235,6,463
C1.453.26,7.378523787286468,9.378551,6,453
C1.496.75,7.376817256996489,-6.242772,8,496
C1.453.163,7.3721177838123975,-0.010083034,6,453
C1.470.140,7.354786436101064,-3.0802288,8,470
C1.487.72,7.352810252655521,-10.553639,5,487
C1.452.51,7.351752483255037,19.074793,6,452
C1.452.160,7.346083415348554,8.473196,8,452
C1.474.123,7.345642779536017,-11.182099,8,474
C1.453.3,7.344797361498502,-0.7000497,6,453
C1.486.241,7.344188433288964,-16.769365,6,486
C1.474.59,7.342568005728403,3.2427382,8,474
C1.496.175,7.336447872610321,8.119461,7,496
C1.474.55,7.336356566288925,-11.658449,8,474
C1.498.136,7.3354724770181585,18.834042,5,498
C1.459.250,7.325904291568115,-1.7318852,6,459
C1.487.107,7.3235093179062645,-17.237179,5,487
C1.453.17,7.320203106566176,-2.679083,6,453
C1.497.47,7.316808998693188,-8.566734,8,497
C1.459.76,7.31633698308487,17.405249,5,459
C1.474.100,7.31409775013724,10.748351,8,474
C1.454.52,7.312254211828998,-1.7327398,8,454
C1.463.31,7.310568345259617,-5.226343,6,463
C1.463.25,7.308419776266829,8.333612,5,463
C1.459.245,7.308004291453343,3.5177982,6,459
C1.470.262,7.304663826483289,-7.137841,8,470
C1.487.105,7.298635542162272,-19.07438,4,487
C1.463.57,7.298623981376069,12.967907,6,463
C1.496.59,7.297488343761472,-5.270247,8,496
C1.487.112,7.296314385373691,-14.554159,5,487
C1.463.94,7.294935815735997,1.6263568,6,463
C1.497.110,7.28142196635222,-19.320547,8,497
C1.470.228,7.278974671773659,3.2642462,8,470
C1.463.22,7.278482668143307,0.23128252,5,463
C1.496.37,7.278206848752868,2.5476782,8,496
C1.474.66,7.275490952391451,1.2066506,8,474
C1.463.26,7.270694241174979,3.9366403,6,463
C1.487.109,7.270691114401035,-16.836658,5,487
C1.454.65,7.264391040587793,-0.21380235,8,454
C1.453.96,7.259896192396633,12.639501,6,453
C1.459.31,7.257932412357044,7.9996815,6,459
C1.453.180,7.257466341950009,-1.193759,5,453
C1.470.254,7.256913296414233,3.9877462,8,470
C1.470.281,7.256575933725002,-12.943866,8,470
C1.452.144,7.2554518968522395,4.841832,7,452
C1.487.68,7.253883471229297,-4.295131,4,487
C1.454.152,7.243546586821011,1.4777101,8,454
C1.463.114,7.243227594345221,9.088983,5,463
C1.459.177,7.2395298385694895,6.110689,5,459
C1.452.112,7.236250060026734,8.538658,8,452
C1.474.3,7.234136143049244,-5.590999,7,474
C1.496.203,7.2318936663918025,5.7830405,8,496
C1.474.107,7.22823191508947,-0.38734934,8,474
C1.479.39,7.227024650833652,-5.5942154,6,479
C1.497.30,7.224795521328694,-22.879885,8,497
C1.463.100,7.222677794971414,2.939937,5,463
C1.453.25,7.21982098073359,13.328353,5,453
C1.453.108,7.219065180805884,10.028334,6,453
C1.478.117,7.216176410791271,16.01952,5,478
C1.496.190,7.212713703461368,7.9323697,6,496
C1.452.143,7.209732170642079,-6.372385,7,452
C1.498.134,7.20825469154689,14.918881,5,498
C1.496.108,7.207457299847376,-3.392972,8,496
C1.452.125,7.205918682668256,14.312771,8,452
C1.496.249,7.199531714066405,22.755365,8,496
C1.452.70,7.1932106744894515,15.035283,8,452
C1.474.161,7.193027601155165,-8.731975,8,474
C1.497.184,7.18932727099594,-0.9478471,8,497
C1.478.153,7.18681404678165,16.68629,4,478
C1.459.3,7.18594045111895,4.088249,5,459
C1.470.155,7.184051119565897,-13.694516,8,470
C1.474.195,7.18258322746789,-5.7844243,8,474
C1.474.41,7.180593989473175,-7.4608965,6,474
C1.453.50,7.173734913645506,3.3558502,6,453
C1.497.214,7.1672707470567145,4.094709,6,497
C1.474.133,7.164483952851432,-1.2531868,8,474
C1.474.115,7.162233825538701,-0.780688,5,474
C1.479.132,7.1595841020379645,-19.881449,6,479
C1.474.151,7.15370389419483,-7.675737,8,474
C1.452.40,7.144082509125233,-3.2083423,7,452
C1.497.12,7.143647411437207,-12.566197,8,497
C1.459.112,7.137514330189391,8.424682,6,459
C1.487.55,7.136779055637425,-6.646319,5,487
C1.453.122,7.1302537461062885,11.832384,6,453
C1.461.211,7.129279305083799,-6.3181105,5,461
C1.478.85,7.129051902074555,7.310431,4,478
C1.498.129,7.12865586825664,-6.617799,5,498
C1.497.22,7.124621582391757,10.509715,8,497
C1.463.11,7.123259692565109,4.7855735,6,463
C1.452.127,7.121789461109059,1.1356858,6,452
C1.496.228,7.109949946895244,-6.478371,7,496
C1.461.216,7.1045776247614985,10.081644,4,461
C1.474.85,7.102261747194455,-4.3099275,7,474
C1.461.278,7.102102411339098,20.11575,5,461
C1.496.158,7.09210118430882,17.494228,8,496
C1.496.219,7.087566300763223,5.1563907,8,496
C1.474.21,7.087509553012033,-1.5642868,8,474
C1.454.171,7.082898403022368,3.2659225,8,454
C1.461.292,7.0813390127365015,8.83801,5,461
C1.459.188,7.0788816842291915,2.5088646,6,459
C1.453.178,7.073669108224173,-3.6388497,6,453
C1.470.110,7.067210718356932,-8.780962,7,470
C1.463.53,7.066785965797534,0.0052901614,6,463
C1.487.95,7.063421025214444,-11.148359,5,487
C1.496.192,7.059970746150243,-5.889697,8,496
C1.496.225,7.055694812639695,14.93994,8,496
C1.461.244,7.044537586797798,-5.55565,5,461
C1.470.55,7.042097386194926,-0.62112546,7,470
C1.470.44,7.0414699769088465,5.5110464,8,470
C1.459.199,7.04137624775832,-10.165952,6,459
C1.454.22,7.040383400831733,-1.1761148,8,454
C1.452.95,7.039586439529023,7.025179,7,452
C1.461.355,7.039404748680727,5.1878095,5,461
C1.497.143,7.032190190255607,-15.057657,7,497
C1.459.146,7.029578921978843,2.4508815,6,459
C1.452.16,7.029424398534116,2.7732544,7,452
C1.496.90,7.028500350334312,7.3560386,7,496
C1.461.366,7.026597419933237,9.28865,5,461
C1.452.155,7.025659021529315,3.5266333,8,452
C1.487.49,7.023488793995498,-25.88764,3,487
C1.497.6,7.022773565929029,-0.2985846,8,497
C1.453.1,7.021692442209151,-3.2141838,3,453
C1.470.34,7.018173954338594,5.076284,8,470
C1.474.90,7.016005570607273,-6.635162,8,474
C1.470.23,7.014850711365616,-14.217354,8,470
C1.470.15,7.011920818568792,10.087734,8,470
C1.461.383,7.006293563912262,10.73191,5,461
C1.470.113,7.003975385479623,-0.9962912,8,470
C1.463.171,7.003094748681976,7.314534,5,463
C1.459.185,7.000559180449935,10.898865,6,459
C1.497.83,6.999613440743277,-15.652422,8,497
C1.453.20,6.998881321575543,-10.410183,6,453
C1.459.21,6.996075581664335,-19.225985,6,459
C1.452.35,6.994474870456983,-3.8976314,7,452
C1.453.95,6.994126100540649,-2.800333,6,453
C1.459.135,6.992230103348813,0.10443141,6,459
C1.496.169,6.987661947501254,-3.8319504,7,496
C1.470.57,6.987524047757869,9.176421,8,470
C1.452.12,6.981835667380874,6.185772,7,452
C1.463.102,6.9781243263992465,4.6399903,6,463
C1.470.222,6.9738768304675105,-2.4143038,8,470
C1.463.107,6.972582364846068,8.034743,5,463
C1.452.37,6.970563557502807,19.142311,7,452
C1.474.29,6.966703917126882,-7.8510494,8,474
C1.463.9,6.961170662336618,14.409673,5,463
C1.496.198,6.960249118106585,5.3436155,8,496
C1.470.256,6.959578978075826,8.079759,8,470
C1.468.12,6.95608665249889,-0.34493753,7,468
C1.487.52,6.955758152222817,9.254941,5,487
C1.496.217,6.955278304204832,1.4385281,8,496
C1.459.100,6.9547747159321505,5.353649,5,459
C1.452.76,6.949758273204223,-0.41741374,7,452
C1.470.152,6.94934474366243,-1.0338413,8,470
C1.496.52,6.9476858074019665,2.6561031,8,496
C1.486.245,6.9461390939686085,-2.229466,6,486
C1.452.46,6.935947624092854,-6.818217,8,452
C1.470.107,6.933960140594051,-6.425797,7,470
C1.463.129,6.932596945961903,8.402074,6,463
C1.454.20,6.929086050377088,-4.107515,8,454
C1.496.117,6.927687297558114,-0.7251135,6,496
C1.463.142,6.916020430246274,3.5454736,6,463
C1.496.195,6.909040988799819,8.014915,8,496
C1.496.239,6.900617971668621,-15.371461,7,496
C1.496.96,6.898638086143288,-1.9553844,8,496
C1.487.101,6.896765827410158,-8.518279,5,487
C1.497.54,6.896542752877897,-10.038247,8,497
C1.496.234,6.895575248352514,5.9641004,7,496
C1.459.212,6.895046939312038,10.501365,6,459
C1.459.16,6.893441849115599,-12.488991,5,459
C1.494.296,6.892520504438994,-14.244279,5,494
C1.461.206,6.8921327702485975,4.9368095,5,461
C1.453.51,6.891923268149731,-2.173883,6,453
C1.454.138,6.8884495264649805,0.24884765,8,454
C1.470.81,6.886974025288889,-9.474729,8,470
C1.474.98,6.884043213557136,-14.325849,7,474
C1.474.84,6.882094440328949,-0.48353684,8,474
C1.463.84,6.881904899626409,6.7626233,6,463
C1.470.86,6.87939966521444,-31.898212,7,470
C1.470.201,6.877396481157951,-0.26995406,7,470
C1.463.79,6.877046887722138,4.073307,6,463
C1.474.91,6.8757825292198405,-0.38096184,8,474
C1.453.156,6.8734708473967805,16.157667,6,453
C1.496.66,6.87211585895638,-4.204972,8,496
C1.453.98,6.871063938471008,9.005767,6,453
C1.463.35,6.867872995250332,13.261907,6,463
C1.474.95,6.86593767451425,-9.7081995,8,474
C1.498.102,6.864583159573937,5.7576013,5,498
C1.478.6,6.864448707523787,9.25916,5,478
C1.470.266,6.85699111165576,6.019724,7,470
C1.452.158,6.85625687616305,1.6636957,8,452
C1.480.153,6.8499486033722965,5.142018,5,480
C1.474.118,6.847990500644964,1.9380783,7,474
C1.459.6,6.846701964133646,-2.890452,6,459
C1.463.18,6.839254574869211,8.036774,6,463
C1.497.132,6.838981145636195,-1.2734096,8,497
C1.459.94,6.838521171119701,21.348099,6,459
C1.474.40,6.8372124647441455,8.140313,8,474
C1.480.84,6.834123411748005,-5.646964,4,480
C1.454.153,6.833412580223717,-5.6038523,8,454
C1.463.95,6.831874670838131,-7.1687374,5,463
C1.496.232,6.828303181826785,0.38726562,8,496
C1.474.189,6.8246337114978335,-3.056662,7,474
C1.470.258,6.821820880735946,-12.125516,8,470
C1.463.46,6.815162099467952,2.4480069,6,463
C1.470.124,6.810652017378675,-6.2352786,8,470
C1.459.259,6.80816956884158,6.558148,6,459
C1.474.96,6.802646453634822,-4.2922335,7,474
C1.452.117,6.801537966633539,9.456335,7,452
C1.453.91,6.800824452272738,7.7425504,6,453
C1.453.100,6.800595445334933,13.771617,6,453
C1.452.42,6.7969063957648705,-0.92988044,7,452
C1.461.235,6.796180462117699,-9.738211,5,461
C1.496.142,6.794645503373835,3.565828,8,496
C1.453.159,6.793087372780974,6.045517,6,453
C1.459.126,6.791765249085663,-1.0286852,6,459
C1.453.179,6.791471250483893,1.7601002,6,453
C1.470.187,6.786315185401649,-11.00174,7,470
C1.497.217,6.784712879618346,-11.895697,8,497
C1.474.20,6.784448053003564,-5.0856867,8,474
C1.461.385,6.777492852387907,5.4624696,5,461
C1.474.88,6.772629266721279,6.2579155,7,474
C1.459.139,6.768875231028929,1.8789648,6,459
C1.496.235,6.765849699202609,-5.43645,6,496
C1.487.44,6.765090042952627,6.6480207,5,487
C1.452.39,6.759118409174082,7.6139007,7,452
C1.474.39,6.758237952096795,-12.716162,8,474
C1.452.102,6.757775209080533,2.8481147,7,452
C1.474.69,6.755384168858414,-8.480587,8,474
C1.487.58,6.749141304204653,9.260301,5,487
C1.470.41,6.747115924116948,-1.4952163,8,470
C1.474.67,6.746399401890689,3.3371506,8,474
C1.487.56,6.744840654956863,-1.6505591,5,487
C1.480.135,6.743007492982816,-5.1148424,5,480
C1.470.143,6.742615349173382,-4.895529,8,470
C1.474.25,6.7388342869784,8.401263,8,474
C1.470.157,6.738390409622604,1.4453667,7,470
C1.463.49,6.727975291843418,10.745657,6,463
C1.474.57,6.7203180086595395,-6.425912,8,474
C1.496.197,6.717458274565543,7.2098103,7,496
C1.474.65,6.716400808382045,-15.527287,8,474
C1.452.128,6.7153574856928735,4.4315577,7,452
C1.475.117,6.694237433165314,0.4102962,6,475
C1.496.157,6.69384106573589,-10.24575,7,496
C1.496.104,6.693799413336426,-12.966896,7,496
C1.453.32,6.693347362722341,-11.504605,4,453
C1.452.152,6.693331011353525,9.14414,7,452
C1.496.87,6.692012862416268,-6.157047,8,496
C1.470.74,6.688537743218163,-13.230185,7,470
C1.470.289,6.687916951585577,-4.739666,8,470
C1.474.54,6.687693883479245,-4.855848,7,474
C1.478.57,6.687485776541305,14.26904,5,478
C1.459.164,6.687032988190925,4.1693816,6,459
C1.474.10,6.686700923702657,-0.6737906,7,474
C1.496.191,6.686153445132087,2.9177032,8,496
C1.496.71,6.6858348418741995,-8.448611,7,496
C1.452.23,6.6853596751013855,9.125499,7,452
C1.453.15,6.682104097771233,5.4919505,6,453
C1.496.81,6.678601569312922,20.17144,8,496
C1.474.78,6.6750155243819425,-12.723144,6,474
C1.453.87,6.670926065522599,-2.6025665,6,453
C1.470.40,6.661790365238366,-2.6801913,8,470
C1.459.237,6.661484997653786,13.175899,6,459
C1.463.172,6.659946876433041,0.73734015,6,463
C1.474.102,6.656911161700525,-8.360047,7,474
C1.474.139,6.655997808465097,12.113338,8,474
C1.459.40,6.655724935135181,8.273877,5,459
C1.496.69,6.655229656254486,-6.5355964,7,496
C1.459.18,6.654475582818935,2.351149,5,459
C1.497.38,6.653357825544022,-0.2020096,8,497
C1.470.173,6.6522198132332395,1.0516838,8,470
C1.463.85,6.650224651979192,2.3517735,6,463
C1.463.159,6.648806720887547,8.614373,6,463
C1.459.25,6.64739657993425,9.743804,5,459
C1.463.15,6.647105009815127,-0.024057481,5,463
C1.474.193,6.641325902294333,-1.6356744,8,474
C1.474.178,6.634833255186555,-11.393085,7,474
C1.461.324,6.631780727608344,6.4487295,5,461
C1.463.177,6.630500715653744,29.780272,4,463
C1.479.68,6.626565436337346,4.862701,5,479
C1.459.240,6.626484776634969,-4.493702,6,459
C1.453.167,6.605160012352636,15.218384,6,453
C1.453.153,6.598879883586669,-2.6635451,5,453
C1.452.116,6.590386751705388,11.168835,5,452
C1.463.139,6.58999247063181,-3.98081,6,463
C1.474.58,6.584019529003332,5.976576,8,474
C1.463.147,6.5837745009704,2.733157,6,463
C1.497.196,6.577313331242807,-2.0105095,8,497
C1.496.126,6.575152063674186,2.7574282,8,496
C1.459.70,6.573621012457084,-10.029291,5,459
C1.474.119,6.568448762422442,2.5715008,8,474
C1.453.72,6.56191388205769,-8.368983,6,453
C1.463.117,6.560508028482248,8.14454,6,463
C1.474.103,6.555384053140292,-13.655475,8,474
C1.496.62,6.550606544576059,-2.532872,8,496
C1.496.85,6.545402583235876,-10.31654,7,496
C1.474.30,6.542839400766971,-8.175425,8,474
C1.459.56,6.5425797694855765,-10.315235,6,459
C1.463.178,6.542159099807587,9.760003,5,463
C1.463.149,6.537509996323901,5.9537735,6,463
C1.480.86,6.527193049651056,-19.045862,5,480
C1.474.2,6.52693762077572,-8.663262,7,474
C1.461.279,6.5250517364073195,18.137024,4,461
C1.470.16,6.519838970622431,3.4718337,8,470
C1.496.184,6.518996215437128,3.277753,8,496
C1.487.76,6.518128553286135,-21.362999,5,487
C1.452.133,6.517841789022061,0.22727068,8,452
C1.463.141,6.5174258575437465,17.05689,6,463
C1.470.135,6.516003374527608,-3.2397912,8,470
C1.452.36,6.514315963359858,-1.9329668,8,452
C1.470.196,6.508077577074859,-4.5125785,8,470
C1.496.123,6.504057128293719,9.016803,8,496
C1.496.240,6.503524257009025,-6.1260595,8,496
C1.463.44,6.503132516832969,-7.1766763,6,463
C1.470.177,6.502501293286486,-13.983992,8,470
C1.470.125,6.501900818230877,-10.300328,8,470
C1.453.118,6.499404062478357,1.7288337,6,453
C1.497.27,6.498662217004328,-9.79356,8,497
C1.459.131,6.498249287557533,-11.392468,6,459
C1.470.242,6.495310800216166,0.1071353,7,470
C1.487.48,6.480804629798496,0.7978609,5,487
C1.470.122,6.479441249764528,-4.7558537,8,470
C1.474.117,6.477964112490153,10.219194,7,474
C1.496.180,6.4766698589932234,1.2988532,8,496
C1.496.223,6.47602538611991,16.754616,8,496
C1.470.88,6.4757166037071645,-5.5151663,8,470
C1.496.237,6.471513198915698,-7.1771708,7,496
C1.480.178,6.4698341168177596,2.2804377,5,480
C1.496.143,6.4670812605552905,18.281641,8,496
C1.453.155,6.463762582370371,0.19978741,4,453
C1.461.228,6.458898039138231,-1.7433304,5,461
C1.459.32,6.458167448275699,16.842005,5,459
C1.463.68,6.457221721529316,7.26134,6,463
C1.470.221,6.453547510108728,-4.052391,8,470
C1.496.246,6.45329330945392,-4.368822,8,496
C1.478.155,6.453170487651408,11.2489395,5,478
C1.463.43,6.4515028881901095,12.978024,6,463
C1.453.140,6.447795588967898,-13.410079,5,453
C1.470.106,6.446273698304825,-13.920783,7,470
C1.452.105,6.444944536060622,0.8591332,8,452
C1.452.163,6.444060626234846,13.987708,8,452
C1.452.123,6.440302264728722,3.4143217,7,452
C1.453.19,6.4349834054829085,4.7635746,5,453
C1.496.182,6.432096828003534,-7.1926093,8,496
C1.453.46,6.42618100676311,-10.131916,6,453
C1.459.19,6.4047051854424,-12.101135,6,459
C1.474.184,6.40009615428562,-6.5636244,8,474
C1.463.123,6.391326368929993,-4.868493,6,463
C1.452.92,6.386959895928031,4.178386,7,452
C1.474.71,6.3865376981948305,3.5557756,8,474
C1.496.248,6.385737105509884,7.2076507,7,496
C1.453.127,6.382416895992547,4.4995503,6,453
C1.463.14,6.37441132814926,-2.5067265,6,463
C1.498.143,6.372300086704218,6.693661,5,498
C1.459.225,6.369767679647296,18.53008,6,459
C1.454.26,6.368545521106211,-2.8554897,8,454
C1.496.77,6.368544451810798,10.078928,8,496
C1.474.124,6.3638747136183085,-8.34749,7,474
C1.474.46,6.361355518338511,-4.0360117,8,474
C1.463.135,6.351646695558381,-0.7720575,5,463
C1.452.162,6.349970344702015,-3.8661919,8,452
C1.487.51,6.347799556642204,9.285641,5,487
C1.474.156,6.342387521037971,4.2876883,8,474
C1.496.72,6.339848324799658,-13.575836,7,496
C1.459.284,6.333064669485098,-1.5563961,5,459
C1.459.248,6.331851910830078,-1.6053853,6,459
C1.463.75,6.331571623583452,11.361307,6,463
C1.459.260,6.330651518670239,-5.4114184,6,459
C1.498.65,6.328654047574861,7.0168614,5,498
C1.468.156,6.327568510136689,19.951149,7,468
C1.474.47,6.316807585781729,9.447164,8,474
C1.452.8,6.3141326921074805,-0.5601852,7,452
C1.470.248,6.31317434482835,-0.5574662,8,470
C1.474.34,6.312439981161068,-2.4861867,8,474
C1.470.36,6.310604177732,-5.4328036,8,470
C1.452.6,6.307751387018165,1.4185863,7,452
C1.478.136,6.306943670751478,9.45096,5,478
C1.496.82,6.3032745152036425,9.440332,7,496
C1.470.263,6.302666060350312,-8.794266,8,470
C1.470.268,6.2967754912815606,-0.7289162,8,470
C1.463.54,6.294208333525881,8.45949,6,463
C1.452.154,6.293062582393672,-0.19451682,8,452
C1.474.6,6.292911247197062,2.8926008,8,474
C1.479.15,6.292237603062304,-3.97896,5,479
C1.497.209,6.291608936660377,-9.273086,7,497
C1.496.80,6.289325669940063,8.319655,6,496
C1.452.103,6.286133935452331,0.2781434,7,452
C1.452.59,6.286002354261789,-0.50052804,7,452
C1.459.41,6.283797369114731,-2.7956243,3,459
C1.474.130,6.2811008234734444,-7.3513994,8,474
C1.470.136,6.268474760109156,-9.199328,8,470
C1.474.49,6.264844438927023,-4.174412,8,474
C1.487.60,6.26068645740595,2.648741,5,487
C1.498.147,6.255050431947747,3.4942813,5,498
C1.453.104,6.254140710872248,0.1628003,6,453
C1.474.196,6.248902969093024,-0.35193685,8,474
C1.491.106,6.247224431549001,4.9467072,7,491
C1.470.190,6.239860272502109,2.2474964,8,470
C1.496.152,6.236682837085248,-4.867522,8,496
C1.459.206,6.236437593521192,5.7957177,4,459
C1.453.57,6.2314845093443685,-5.9086995,6,453
C1.496.135,6.230275734802114,5.420541,8,496
C1.478.69,6.230248909721929,23.822006,4,478
C1.459.66,6.229977018594302,7.2329316,6,459
C1.470.197,6.228362989707255,-1.9842412,8,470
C1.463.176,6.228045479883496,8.384924,5,463
C1.497.8,6.227041383266998,-3.9015596,8,497
C1.461.236,6.2268612174372455,0.46938968,5,461
C1.496.164,6.224600935815105,1.2457656,8,496
C1.474.194,6.219740002041243,-7.263005,7,474
C1.470.277,6.209139006441476,-9.657979,8,470
C1.496.224,6.204098536830118,-6.679122,8,496
C1.453.152,6.203123473492747,3.1383126,5,453
C1.461.334,6.200724646051633,16.691229,5,461
C1.453.38,6.199620945626137,-3.6717997,6,453
C1.452.157,6.196323576341005,1.1875006,7,452
C1.474.157,6.1931973605136275,5.014176,8,474
C1.478.36,6.193176134400439,0.88295996,5,478
C1.496.247,6.192318557301195,-4.1286044,7,496
C1.461.377,6.1866045551668405,28.600689,5,461
C1.452.94,6.185116264329333,14.41277,8,452
C1.452.54,6.1833814246751935,11.084675,5,452
C1.474.141,6.182048040019393,1.8474007,8,474
C1.475.43,6.1805522066332035,4.6247225,5,475
C1.478.27,6.180242522590043,18.95988,5,478
C1.452.90,6.178706438195406,5.7643704,8,452
C1.470.180,6.175667618795912,-6.2373333,7,470
C1.471.126,6.165716929331088,23.42949,7,471
C1.459.256,6.163835863162164,-3.8489308,5,459
C1.487.94,6.154490443442231,-7.655479,5,487
C1.470.267,6.149305832710541,4.384746,8,470
C1.496.141,6.1462398405413765,12.019253,8,496
C1.487.59,6.144834359204041,8.715343,4,487
C1.487.102,6.1443412974293645,-16.095999,5,487
C1.470.232,6.144177600897151,-10.400104,8,470
C1.470.273,6.142865344052539,-6.981616,8,470
C1.452.87,6.138258183835202,2.8707435,7,452
C1.470.29,6.137893460491878,2.8234463,8,470
C1.470.101,6.136911769038924,6.308188,7,470
C1.498.76,6.135145832169203,-2.9524786,5,498
C1.452.73,6.134485306985155,9.899396,8,452
C1.453.42,6.133037533742406,-8.867245,5,453
C1.461.231,6.131639690689992,-2.7373703,5,461
C1.497.26,6.131359986135092,-20.478397,8,497
C1.459.285,6.12796843540593,6.4171314,6,459
C1.478.56,6.125270886976697,15.06806,5,478
C1.470.239,6.121625485363248,-0.16610372,8,470
C1.452.65,6.1176260912110365,10.977422,7,452
C1.474.28,6.113575271506006,-4.2020617,8,474
C1.487.87,6.113274597624501,-29.046455,4,487
C1.468.30,6.111807404063947,5.064655,6,468
C1.459.235,6.104480078597045,-18.544203,6,459
C1.487.83,6.103789463090803,-9.255119,5,487
C1.496.186,6.101045517023618,-1.2953181,7,496
C1.463.98,6.09851283457438,5.7357235,6,463
C1.496.79,6.096989855834764,0.7242178,7,496
C1.463.42,6.096013447673166,-0.6969932,6,463
C1.459.207,6.090046383341997,-1.1514353,6,459
C1.452.33,6.089644615870992,9.586358,8,452
C1.470.156,6.087812780333198,-7.1905913,8,470
C1.496.61,6.083071824778478,-9.05386,8,496
C1.498.63,6.082455221321557,-10.830119,5,498
C1.480.131,6.082442714101596,-2.5622823,5,480
C1.459.247,6.0811072281297465,1.7739481,6,459
C1.487.103,6.078618323333713,-26.98144,5,487
C1.470.144,6.075248763257144,-4.327166,8,470
C1.459.140,6.074440866467091,1.5467491,5,459
C1.474.136,6.067823205347684,3.4999506,8,474
C1.453.145,6.067165517234175,12.389114,5,453
C1.474.198,6.066946766599904,-5.757587,8,474
C1.496.196,6.059919970944919,-3.2671006,7,496
C1.480.101,6.059280393550553,-5.288802,5,480
C1.480.90,6.056642108173664,-8.831802,5,480
C1.461.268,6.055522044698263,5.8184695,5,461
C1.459.36,6.053781715665548,-7.667319,6,459
C1.497.89,6.052534067624864,-3.062874,6,497
C1.453.27,6.048800346991394,2.3090146,5,453
C1.452.49,6.048108174822169,8.428201,7,452
C1.496.41,6.047458312526349,13.653115,8,496
C1.498.98,6.047126106544,-6.0355988,5,498
C1.480.172,6.045571117892822,6.1278577,5,480
C1.496.189,6.037389969019066,4.3182893,7,496
C1.496.40,6.035548738245796,-4.338097,8,496
C1.470.78,6.034516009545777,8.467909,8,470
C1.459.10,6.029119216486269,4.2553277,5,459
C1.474.87,6.025646219430074,-3.1405206,6,474
C1.496.138,6.019715048850723,11.863322,7,496
C1.453.154,6.01681789521331,-4.9304,6,453
C1.497.31,6.016644317935399,-5.0628924,6,497
C1.453.14,6.008358293442934,-1.2796252,5,453
C1.453.16,6.004975339479421,-4.722333,6,453
C1.496.115,5.998044272551185,10.587928,8,496
C1.480.27,5.993583019081019,-22.756943,5,480
C1.474.170,5.992420104274563,2.7909508,8,474
C1.496.67,5.990932860661835,23.663551,7,496
C1.459.8,5.990756675499728,-7.303616,5,459
C1.452.146,5.9906326247906545,3.7050257,7,452
C1.461.274,5.987435711918585,-1.8014703,5,461
C1.474.31,5.986963041977406,4.320813,8,474
C1.470.203,5.985586515503776,11.038607,7,470
C1.459.48,5.97306217708344,-14.471836,5,459
C1.452.25,5.9722754341123565,7.875265,6,452
C1.452.68,5.972088921671392,9.567886,7,452
C1.459.227,5.969853516670387,-6.927102,6,459
C1.463.51,5.969586338101294,8.912754,5,463
C1.475.92,5.962756172417393,14.261513,6,475
C1.496.151,5.959638923822928,2.750278,8,496
C1.474.146,5.958148909026249,5.0111656,7,474
C1.459.81,5.9577602727480805,8.091865,6,459
C1.461.229,5.951567377220175,9.90321,5,461
C1.496.50,5.948566383305915,1.1571156,8,496
C1.474.182,5.9482035364145,1.8133256,8,474
C1.453.182,5.946133701138168,-1.5571331,6,453
C1.453.129,5.9447658133728005,8.150784,6,453
C1.474.179,5.943010189457256,-5.2951117,8,474
C1.452.141,5.9423888001366105,10.811472,7,452
C1.496.204,5.936337685847449,-0.7891181,7,496
C1.496.222,5.935056606942763,11.130653,8,496
C1.463.45,5.933568438826209,7.3933234,6,463
C1.470.104,5.933568438826209,-7.040716,8,470
C1.459.134,5.9330867448470705,-8.726491,5,459
C1.463.80,5.929785322310154,12.899863,5,463
C1.496.58,5.925361344702784,-2.4318595,8,496
C1.459.148,5.9212718928857,6.301665,6,459
C1.470.128,5.919485656868031,-2.1919286,8,470
C1.480.38,5.917568860827834,0.48977777,5,480
C1.474.32,5.915488679143674,-8.886774,8,474
C1.480.110,5.911680972137773,-9.509962,5,480
C1.463.136,5.910434439441443,7.4256234,6,463
C1.496.74,5.9075127697740175,4.3347406,8,496
C1.498.142,5.899754386072524,12.271321,5,498
C1.453.121,5.8986381735641915,-5.441833,6,453
C1.486.181,5.891312457521534,-26.9011,6,486
C1.498.105,5.889587731077142,3.5016413,5,498
C1.480.83,5.887045295085798,-30.612362,5,480
C1.453.99,5.883041917033309,-4.2049165,6,453
C1.490.65,5.880438756990991,1.1134552,5,490
C1.474.5,5.878981223597476,4.404313,8,474
C1.452.50,5.877957042227376,6.66204,7,452
C1.474.112,5.875186595063698,-8.284362,8,474
C1.460.15,5.87456580447432,-0.80452645,4,460
C1.463.27,5.872794274729384,16.091707,6,463
C1.461.308,5.87276994130023,12.81627,5,461
C1.461.256,5.871089692707203,0.78534967,5,461
C1.496.63,5.870355342379576,13.135478,8,496
C1.459.127,5.869323210525152,-4.539996,5,459
C1.470.191,5.868489218474109,1.3993963,8,470
C1.487.77,5.868078656462383,9.972343,4,487
C1.496.202,5.863106457779038,-7.8213043,7,496
C1.480.82,5.862828782960679,-12.580182,5,480
C1.496.120,5.852062244639175,5.1539407,8,496
C1.474.75,5.85009980064257,6.189338,8,474
C1.496.226,5.849529071691426,-7.404272,8,496
C1.496.231,5.846927163276536,-4.2510343,8,496
C1.496.92,5.844482300662124,-0.35557565,7,496
C1.478.99,5.841565598426237,7.60896,5,478
C1.470.47,5.839306876048087,-3.2341912,8,470
C1.453.123,5.836465337216088,9.36375,6,453
C1.474.137,5.836187873896518,7.353713,8,474
C1.475.49,5.83515214002779,-14.250654,6,475
C1.453.133,5.8341320873696025,4.085684,6,453
C1.453.184,5.832199974773119,8.54945,6,453
C1.470.68,5.827184252382346,-11.597627,7,470
C1.496.78,5.819768878420494,-2.733197,8,496
C1.453.144,5.818778837251042,-5.347283,6,453
C1.459.138,5.816560420239134,7.1739492,5,459
C1.454.16,5.811915870872977,-5.4297075,7,454
C1.468.121,5.811500020026734,0.9129871,5,468
C1.461.258,5.809158798590475,-5.1241903,5,461
C1.474.129,5.809073236387531,-12.6332245,8,474
C1.474.159,5.807938076660569,0.69400066,8,474
C1.459.43,5.807731628134842,7.829789,5,459
C1.459.209,5.807280976451099,-1.7491761,5,459
C1.474.89,5.804453627260665,-1.1684119,8,474
C1.496.53,5.8036208398130125,15.951316,8,496
C1.496.111,5.802186290526582,2.825515,7,496
C1.453.136,5.801336046492256,3.311467,6,453
C1.453.34,5.800959417657791,8.393095,5,453
C1.475.134,5.798834513552037,-0.47883773,5,475
C1.459.133,5.798338979180302,-3.0282686,6,459
C1.470.252,5.790272549813678,-6.3568287,8,470
C1.461.297,5.789828474973644,20.331524,4,461
C1.470.220,5.7884818271440635,-0.5031902,7,470
C1.452.167,5.788286222038284,11.224707,7,452
C1.496.132,5.7831806855801515,-0.047371887,8,496
C1.459.39,5.782883550851909,-4.196352,6,459
C1.459.255,5.781927429799026,5.629948,6,459
C1.452.69,5.778479989263408,3.6844149,7,452
C1.459.118,5.775259050123943,-6.740896,5,459
C1.496.133,5.775103259644729,-8.922725,7,496
C1.461.205,5.771470167024152,19.63271,5,461
C1.480.168,5.766921329384651,-13.468762,5,480
C1.470.247,5.764736355824111,-2.4321911,8,470
C1.463.50,5.763106425276296,7.5646567,6,463
C1.464.7,5.762564575848991,9.911849,5,464
C1.478.58,5.761455034619134,25.40216,5,478
C1.461.203,5.755435595494937,8.38501,5,461
C1.453.135,5.755012180285674,-5.8364997,6,453
C1.452.122,5.753823587006146,5.843815,7,452
C1.453.58,5.751139337289842,14.1826,6,453
C1.452.38,5.7499850523175215,14.812133,8,452
C1.496.97,5.747032405446835,4.4917674,7,496
C1.452.104,5.745176157809389,2.5559456,8,452
C1.478.154,5.7418702042793335,8.75782,5,478
C1.470.33,5.74173511770806,2.992509,8,470
C1.452.63,5.736695690717296,1.0749882,6,452
C1.461.227,5.733909227312925,3.9655898,5,461
C1.453.101,5.7320553610327805,-3.9609497,6,453
C1.468.176,5.726313394782348,4.0594883,6,468
C1.487.110,5.725781224589721,-8.127808,4,487
C1.470.71,5.71410130675848,3.9760838,8,470
C1.478.9,5.711051976681889,13.5564,5,478
C1.463.157,5.709555759154246,-10.818443,6,463
C1.474.18,5.7085347260129975,-8.526924,8,474
C1.461.365,5.7040445657703405,24.98687,4,461
C1.491.83,5.700218012945361,3.1210787,7,491
C1.459.46,5.69866258720557,-8.681735,6,459
C1.453.181,5.696791817929027,-1.326983,6,453
C1.498.127,5.695663042736826,10.097961,5,498
C1.459.200,5.694349598059334,20.428381,6,459
C1.452.159,5.693620538097662,-11.2335,7,452
C1.453.62,5.689115863819154,8.6084,6,453
C1.487.50,5.687117120266739,-13.186659,5,487
C1.453.53,5.672581209965428,1.7863669,6,453
C1.452.1,5.6697778568052595,9.684129,7,452
C1.498.57,5.665310330153027,4.4957614,5,498
C1.459.297,5.661682513309889,-9.225111,5,459
C1.480.35,5.660017024801754,-0.6089422,5,480
C1.453.41,5.659438696931836,-1.8392997,6,453
C1.474.24,5.657188898389523,-13.341837,8,474
C1.453.64,5.656161373529219,0.54503363,6,453
C1.453.109,5.655185836911437,4.4106336,6,453
C1.459.180,5.642086015553204,-3.228402,6,459
C1.453.71,5.634992782454088,5.0476336,6,453
C1.494.347,5.6338691465969974,-17.062479,5,494
C1.496.178,5.632487646886323,9.694646,7,496
C1.453.60,5.629499218585467,-4.9705663,6,453
C1.461.242,5.627562624616606,10.854549,5,461
C1.496.118,5.626752549174604,-4.583197,8,496
C1.453.134,5.625488681102909,-6.7996497,6,453
C1.452.145,5.624962957569421,-8.638104,8,452
C1.475.37,5.621418094866067,8.679462,6,475
C1.496.148,5.619691362350715,3.048978,8,496
C1.461.346,5.615590467084893,15.94467,5,461
C1.468.116,5.61488271126,12.161069,6,468
C1.453.131,5.6126697959387375,-11.09525,6,453
C1.498.146,5.6064687779554605,-4.699659,5,498
C1.496.211,5.596322978149999,2.1591156,8,496
C1.453.80,5.593154650163856,-0.724433,6,453
C1.487.78,5.584959302442307,-14.536599,5,487
C1.453.106,5.582610938664878,-0.73228306,6,453
C1.496.112,5.581875072595495,13.030903,8,496
C1.452.57,5.576512764802081,15.0606785,4,452
C1.496.250,5.575851935338077,13.150353,8,496
C1.459.82,5.574514825923056,0.99631476,6,459
C1.470.241,5.5729646033799165,-12.624979,8,470
C1.487.99,5.567970836045031,-21.96701,3,487
C1.478.87,5.56678157090475,19.32794,5,478
C1.453.54,5.565299760194288,4.988867,6,453
C1.466.18,5.562089969504099,-5.7488647,8,466
C1.494.332,5.560552922937154,-3.2291386,5,494
C1.466.22,5.55863525250502,15.25671,8,466
C1.453.113,5.5581251116675405,14.975835,5,453
C1.459.168,5.556169281253874,3.2000315,6,459
C1.496.166,5.554613179534894,-3.0551343,8,496
C1.496.128,5.553116134938118,3.7504032,8,496
C1.461.299,5.55302792546803,3.9353096,5,461
C1.459.208,5.55269848857028,-9.151635,6,459
C1.453.29,5.5525045323442415,4.260117,6,453
C1.478.10,5.551148025920817,6.87634,5,478
C1.459.158,5.547565911165451,-8.573311,5,459
C1.461.283,5.543854774015447,3.9350297,5,461
C1.470.253,5.531258852203281,-5.0389476,7,470
C1.452.136,5.530337500258923,8.852629,7,452
C1.474.60,5.529515260599978,-5.4109993,8,474
C1.474.27,5.529182473894591,1.9890132,8,474
C1.452.89,5.52827097292007,10.323608,8,452
C1.496.242,5.526669790733273,4.4911156,8,496
C1.452.55,5.5252884527574135,2.9844081,8,452
C1.459.136,5.521477910232181,10.338715,6,459
C1.470.46,5.518573413381709,-5.0084286,8,470
C1.496.144,5.518469074879647,-6.868861,6,496
C1.496.93,5.5184453309862,8.853214,7,496
C1.452.88,5.517678970307548,11.589744,7,452
C1.471.44,5.515786741955129,13.183603,7,471
C1.478.13,5.5136125507037566,0.28501993,5,478
C1.452.114,5.507462364951964,-3.4521418,8,452
C1.466.195,5.506949649612893,-0.32820788,7,466
C1.453.157,5.5050946590850565,10.5277815,5,453
C1.498.123,5.494011741479154,7.853661,5,498
C1.496.208,5.4900609913965095,-0.92452186,8,496
C1.496.98,5.487883721936219,-3.6442344,8,496
C1.474.169,5.482210822462722,-1.4190618,8,474
C1.453.83,5.481997550463085,-12.540645,5,453
C1.487.47,5.477441988923283,-9.266099,5,487
C1.452.96,5.477359958117244,1.9291636,6,452
C1.496.136,5.473410679851598,-9.454063,7,496
C1.496.113,5.473382976575225,-19.768097,8,496
C1.474.143,5.472230094451861,6.256026,8,474
C1.496.119,5.4686594119205365,4.1982408,8,496
C1.459.98,5.464821869848286,-6.249752,6,459
C1.491.95,5.463754075981501,-1.1397071,7,491
C1.471.29,5.461842855781891,23.083204,7,471
C1.453.139,5.460292352936819,-7.267025,5,453
C1.487.70,5.460285245364811,0.111640915,5,487
C1.470.160,5.45726142912839,-4.8516073,7,470
C1.498.97,5.456115026938922,-1.2989987,5,498
C1.453.177,5.443534224615035,-2.352533,6,453
C1.460.27,5.439859920690064,-4.4438963,5,460
C1.453.77,5.435807830002145,4.73885,6,453
C1.453.43,5.434719405019075,11.849367,6,453
C1.453.61,5.434053130603708,10.4524,6,453
C1.480.189,5.433469252919825,0.73533577,4,480
C1.498.94,5.423289539919388,0.6215213,5,498
C1.452.61,5.419414489651065,3.3672206,8,452
C1.496.139,5.407474354319862,14.165394,7,496
C1.470.58,5.402759518676389,-11.358141,8,470
C1.459.189,5.401371353887511,2.052157,5,459
C1.452.31,5.3975476274542915,-7.889642,8,452
C1.461.358,5.392136760927629,8.60223,5,461
C1.474.114,5.3886985068513855,2.240838,8,474
C1.461.318,5.388009244617042,-7.9293103,5,461
C1.498.131,5.38609068086736,6.3123255,4,498
C1.480.129,5.381162214690165,6.070898,4,480
C1.459.252,5.377167706473129,4.190484,5,459
C1.459.71,5.376423092883069,5.849765,6,459
C1.480.107,5.376171958900939,-11.494243,5,480
C1.463.125,5.376092854051539,7.9312725,5,463
C1.453.9,5.37540506376245,-2.8882163,6,453
C1.494.348,5.375035485288054,-18.359978,5,494
C1.453.116,5.373922853523912,17.443033,6,453
C1.496.245,5.372687505120387,5.3471656,8,496
C1.478.55,5.371949335169482,22.62944,5,478
C1.471.85,5.370360231973221,18.483213,6,471
C1.470.53,5.369318490835662,-1.4169288,8,470
C1.496.162,5.366458071211109,-2.1818614,7,496
C1.470.95,5.365015091423938,-5.819466,8,470
C1.498.60,5.363485885918513,-2.9458988,5,498
C1.459.281,5.356573896892341,12.020965,6,459
C1.464.46,5.3555030995614175,2.9603393,6,464
C1.461.280,5.355210835757591,7.601694,3,461
C1.452.71,5.351776473622847,1.1816863,7,452
C1.491.17,5.347611159023049,15.006679,7,491
C1.468.19,5.342136392991433,7.025434,7,468
C1.458.233,5.341592686183418,-3.2819853,5,458
C1.496.101,5.336963366630998,3.3496892,7,496
C1.480.138,5.3354723691957195,-1.3440622,5,480
C1.461.373,5.333309103248653,5.3234696,5,461
C1.480.142,5.332709410385532,-7.7643223,5,480
C1.496.70,5.327431118507381,12.124589,7,496
C1.480.130,5.321573465414067,-19.208862,4,480
C1.496.100,5.316788699547846,-7.5998845,8,496
C1.459.221,5.3164182076268585,5.660048,6,459
C1.498.109,5.310597437210702,5.954181,5,498
C1.498.56,5.30820755483689,-0.42687872,5,498
C1.496.160,5.304634191316181,9.737828,8,496
C1.486.178,5.304582858816989,-12.158166,6,486
C1.480.32,5.304459745328285,-10.128283,5,480
C1.496.146,5.301605253930115,-2.7663343,8,496
C1.453.168,5.299615953516017,2.4812002,6,453
C1.463.119,5.2960557779820325,18.561558,6,463
C1.474.121,5.294480947828176,8.919551,8,474
C1.459.44,5.2895939243796555,-8.9136305,5,459
C1.463.81,5.287970804207458,-7.5801764,6,463
C1.496.145,5.283691243216047,6.3186035,7,496
C1.496.241,5.28351036282563,1.8172177,7,496
C1.498.75,5.282197372156401,-10.825179,5,498
C1.461.351,5.281830508582179,4.51323,5,461
C1.498.124,5.277247373639329,3.8591413,5,498
C1.496.221,5.273826058324568,-9.659909,8,496
C1.498.93,5.273528848180622,2.5510614,5,498
C1.459.143,5.273011007396909,-21.72257,5,459
C1.460.61,5.272262759620648,-7.5055566,5,460
C1.496.207,5.269928951049652,13.412743,7,496
C1.496.230,5.269478930403784,8.430578,8,496
C1.496.176,5.269045477319524,-0.70528954,7,496
C1.461.354,5.266727032292249,4.9800897,5,461
C1.491.105,5.266644805185945,-4.908718,5,491
C1.452.126,5.266066726717039,7.1267705,8,452
C1.498.90,5.2658025373976205,-0.5269987,5,498
C1.453.84,5.260995396795541,10.840915,5,453
C1.461.264,5.2574857169559905,-10.54761,5,461
C1.495.194,5.256719310199491,7.551048,7,495
C1.470.87,5.254527137465584,3.2160838,8,470
C1.459.59,5.254499057393596,12.467714,6,459
C1.478.15,5.253865626228522,18.25042,5,478
C1.464.62,5.252749904516478,6.0955224,6,464
C1.459.234,5.245477983138138,1.9022839,5,459
C1.480.146,5.243293778478164,-5.6709423,5,480
C1.496.42,5.232985098136465,0.56717813,8,496
C1.461.369,5.232175529454482,14.030749,5,461
C1.474.50,5.2285301170055885,1.5857881,8,474
C1.459.51,5.2275648427252115,3.899364,5,459
C1.461.313,5.226207796253627,10.75285,5,461
C1.474.23,5.223546507737578,3.3787463,6,474
C1.465.35,5.222511633447195,-0.77768546,6,465
C1.459.80,5.2223973329306554,-6.5930853,6,459
C1.452.32,5.220577036250527,-1.8528708,6,452
C1.498.69,5.219560028344248,-7.014599,5,498
C1.487.79,5.213109628108448,-6.716179,5,487
C1.480.113,5.211559742277839,-7.7378144,4,480
C1.461.305,5.210467496349624,10.175389,5,461
C1.480.30,5.206299356815608,-7.581522,5,480
C1.461.382,5.204896562181706,22.24003,5,461
C1.470.20,5.20333699829045,-7.1482787,8,470
C1.453.173,5.203220912299105,-3.8651664,6,453
C1.460.32,5.203007202845884,0.03166363,5,460
C1.470.120,5.20217300996877,5.7882214,8,470
C1.474.110,5.200863485068113,6.105763,8,474
C1.474.122,5.197645264039546,-0.76773685,8,474
C1.490.230,5.193123919256618,11.841456,6,490
C1.463.108,5.190926479156882,2.524257,6,463
C1.496.185,5.189957265078962,-2.6410844,8,496
C1.475.96,5.188158311237139,2.2202296,6,475
C1.474.154,5.187632052438891,-6.470737,8,474
C1.474.166,5.187447929175542,-26.750248,7,474
C1.464.96,5.176101824224485,3.385956,6,464
C1.487.97,5.175299524557616,-4.906339,5,487
C1.474.175,5.175036273787555,5.4846506,8,474
C1.498.80,5.174516037384441,14.393567,4,498
C1.474.36,5.1737133149861405,-12.985621,7,474
C1.490.71,5.171623764654762,1.4450499,6,490
C1.480.19,5.17065532142109,-13.490618,3,480
C1.496.107,5.164717982521102,-0.3087844,8,496
C1.461.368,5.162971622104462,13.839089,5,461
C1.459.57,5.162833884958154,5.113189,5,459
C1.459.224,5.158990152053026,2.0660315,6,459
C1.464.56,5.15860217836541,4.965104,5,464
C1.463.59,5.157850956200837,4.1380067,6,463
C1.478.37,5.156649816513088,6.92698,5,478
C1.464.90,5.156112446708244,11.197123,6,464
C1.470.102,5.154070534643138,0.32437128,8,470
C1.478.100,5.153841194197737,6.64174,5,478
C1.478.95,5.151269166471458,6.541,5,478
C1.459.186,5.149265497688008,4.720149,5,459
C1.474.111,5.147378901678039,1.5264506,8,474
C1.486.219,5.142814317898454,-2.0017993,6,486
C1.468.39,5.14180683440375,20.690222,6,468
C1.461.317,5.1399177428110185,3.0580697,5,461
C1.453.85,5.136095391295275,-9.027133,6,453
C1.453.56,5.133239000422083,-2.0976498,6,453
C1.461.376,5.132836561904589,11.6909895,5,461
C1.459.73,5.132694421780901,-11.225037,5,459
C1.470.14,5.1311759179476315,-6.7514567,5,470
C1.478.42,5.12788361615047,11.62938,5,478
C1.453.21,5.127855265298433,-3.3391998,6,453
C1.468.126,5.127249457484855,16.359255,6,468
C1.469.327,5.126263063824534,-9.762527,5,469
C1.460.41,5.1253985882409445,7.2149835,5,460
C1.487.46,5.123334956611324,-3.466099,5,487
C1.453.128,5.122495392020346,-1.7191997,6,453
C1.461.293,5.115256760248106,5.7481894,5,461
C1.480.46,5.114487368603617,-9.404482,5,480
C1.453.148,5.108778487750212,-7.6928663,6,453
C1.494.345,5.103338305996013,0.8843878,4,494
C1.466.220,5.097330658253668,16.346079,6,466
C1.487.96,5.096846124699071,-18.032358,5,487
C1.475.35,5.091592083169475,6.4400964,6,475
C1.452.27,5.091014019564726,10.245054,7,452
C1.498.74,5.0841129429903384,6.4304814,5,498
C1.474.160,5.08353637302558,-13.774525,8,474
C1.490.285,5.081343449226066,-2.440053,7,490
C1.488.99,5.0791017927977915,-3.6269996,6,488
C1.461.273,5.0777433639796445,-13.302831,5,461
C1.452.62,5.076818173502684,9.960183,8,452
C1.494.349,5.076360455705045,0.5045672,4,494
C1.453.90,5.075822991346458,0.23481697,6,453
C1.480.50,5.075149332539416,-5.5031624,5,480
C1.463.76,5.072404428256815,1.6515735,6,463
C1.490.228,5.069676134967026,-21.382296,7,490
C1.496.46,5.0696050779548045,-20.386253,7,496
C1.463.17,5.063644437763838,9.524691,6,463
C1.453.97,5.061141842279039,4.882167,6,453
C1.458.196,5.058311490629192,11.497635,5,458
C1.461.234,5.057955047156172,-3.6432104,5,461
C1.496.84,5.05747044912522,-10.186197,8,496
C1.498.120,5.0543920896871075,2.0200613,5,498
C1.464.53,5.053665670139928,0.043292962,5,464
C1.474.172,5.0528607941758015,-2.288962,8,474
C1.466.189,5.047538872160865,0.26613536,8,466
C1.461.225,5.047534973630164,4.3111095,5,461
C1.465.104,5.046290842909778,-0.078518786,6,465
C1.496.137,5.045670774621835,0.9232281,8,496
C1.478.20,5.045192823496462,9.80666,5,478
C1.453.33,5.0426702249186635,14.339233,6,453
C1.468.193,5.039318386054463,-3.9620662,7,468
C1.471.83,5.039084526543905,23.945417,7,471
C1.452.110,5.039056211066521,-2.0073419,8,452
C1.466.211,5.024584156179956,0.14303538,8,466
C1.453.66,5.0236359205262335,-3.0774376,4,453
C1.461.245,5.019077762291687,-19.87458,3,461
C1.498.121,5.018873820193693,20.597141,4,498
C1.463.143,5.014887325214274,0.6761568,6,463
C1.487.98,5.0139640962693415,-13.651979,5,487
C1.470.279,5.009972612098228,-13.630154,8,470
C1.463.88,5.009813097228039,-0.6336764,5,463
C1.463.144,5.007727814885718,-1.8670058,5,463
C1.474.140,5.003518173530172,-7.1324244,8,474
C1.468.161,4.997311681903944,4.5367484,7,468
C1.463.73,4.990732841174209,12.203374,6,463
C1.468.59,4.98597500492779,-5.5000954,6,468
C1.486.210,4.984055689663416,-25.632383,6,486
C1.461.389,4.98399283195502,-2.8784902,5,461
C1.480.124,4.9829429654376485,-5.944982,5,480
C1.478.160,4.980502535077707,12.079331,4,478
C1.459.125,4.97544545067668,-8.024435,6,459
C1.459.117,4.974944253238649,-5.790616,5,459
C1.475.70,4.974612728993906,3.8150423,5,475
C1.496.181,4.964113893759383,-7.274847,8,496
C1.496.163,4.962241406742652,-1.3755219,8,496
C1.458.259,4.9613876848953,11.965095,5,458
C1.459.113,4.959232256918751,12.953329,5,459
C1.453.183,4.958455110580574,9.259315,5,453
C1.494.326,4.958032998824469,-12.847798,5,494
C1.461.398,4.9538694520955335,7.8647695,5,461
C1.459.33,4.946256046424625,12.403881,6,459
C1.471.89,4.944784205326815,15.623117,7,471
C1.453.185,4.943331276053402,-2.6475997,6,453
C1.496.172,4.942476321014295,-6.0029845,8,496
C1.453.39,4.9392718786732015,7.845595,5,453
C1.461.208,4.933813308521707,4.1672096,5,461
C1.498.112,4.929193654532633,1.6163013,5,498
C1.480.93,4.923948046087803,-8.873962,5,480
C1.498.137,4.920750815141051,13.370981,5,498
C1.474.197,4.920582747730164,-15.683149,8,474
C1.463.29,4.919563093736812,5.6249237,6,463
C1.498.104,4.915543986928342,4.8750014,5,498
C1.498.145,4.910713791038577,2.8886013,5,498
C1.496.94,4.909863485615482,-13.403884,8,496
C1.486.208,4.90709321405495,1.065384,6,486
C1.474.171,4.905339762033232,8.135538,8,474
C1.458.90,4.895517486080906,4.1834545,5,458
C1.474.183,4.895017768285184,-3.6059494,8,474
C1.480.71,4.89414503842994,-12.913383,5,480
C1.496.201,4.890908223593697,3.8375463,7,496
C1.496.130,4.8879716965296085,5.431378,8,496
C1.452.66,4.887589506490036,2.1310034,4,452
C1.498.135,4.886415895659733,6.977341,5,498
C1.458.211,4.884592828720622,9.784075,5,458
C1.453.160,4.8843446557236,-12.686945,5,453
C1.475.21,4.8831503603267175,-13.0796995,5,475
C1.453.24,4.881323281858304,1.2790748,5,453
C1.453.37,4.880996627326335,0.6945003,6,453
C1.496.38,4.879690657117715,-1.0825844,8,496
C1.468.206,4.878511111553515,1.3243382,6,468
C1.468.40,4.876277422284555,12.585072,6,468
C1.459.116,4.87193349890572,2.2286646,6,459
C1.461.387,4.867956206123427,5.34539,5,461
C1.491.73,4.866829434166317,2.0863643,7,491
C1.474.125,4.866577654349441,-0.57218504,7,474
C1.458.99,4.863559933120353,10.580615,5,458
C1.453.172,4.86263444167633,4.643567,6,453
C1.463.19,4.862082923727499,-0.24660984,6,463
C1.464.28,4.861151517883989,4.590573,6,464
C1.474.128,4.860273482163688,-9.946249,8,474
C1.452.129,4.857307115794168,11.408114,7,452
C1.459.278,4.8569450530265685,-13.422511,5,459
C1.496.105,4.855376288495333,-0.20043439,8,496
C1.496.199,4.855022444653695,-0.9099594,8,496
C1.478.45,4.851514159084433,10.0716,5,478
C1.463.165,4.846962624067905,-0.43279317,6,463
C1.465.38,4.844259180926464,6.4113812,6,465
C1.496.147,4.841837532365683,5.9118032,8,496
C1.468.145,4.841280827031382,7.8409376,6,468
C1.474.126,4.840425475045243,2.0705006,8,474
C1.480.9,4.837968139502162,-2.5271623,5,480
C1.459.17,4.837691566049313,-7.5077825,4,459
C1.494.315,4.831653759681438,-25.471819,5,494
C1.459.289,4.825590016154213,14.705384,5,459
C1.474.109,4.812325209375077,-3.5578992,8,474
C1.475.1,4.811299507723168,-2.5721204,6,475
C1.465.21,4.810108642215667,-15.307285,6,465
C1.461.207,4.806798697889658,15.04665,5,461
C1.458.210,4.804717938748458,8.767035,4,458
C1.459.253,4.803393797660032,6.775498,6,459
C1.471.37,4.802270483086212,25.607973,6,471
C1.458.253,4.801610003160074,20.581535,5,458
C1.466.192,4.801471648425314,12.117861,6,466
C1.478.53,4.800611401994368,5.7229,5,478
C1.453.79,4.800477564599691,4.1726003,6,453
C1.452.45,4.800084451200755,7.8320293,7,452
C1.494.288,4.799315201890752,-13.760479,5,494
C1.480.152,4.799284337282768,-16.579462,5,480
C1.463.118,4.792259745961849,1.3697902,6,463
C1.459.38,4.791657655892456,-24.212717,5,459
C1.496.205,4.790646840324527,-5.5602093,8,496
C1.498.68,4.790049186406811,-2.7911186,5,498
C1.463.24,4.786209253439295,-3.6907933,6,463
C1.496.106,4.786053845783358,4.2218156,8,496
C1.458.164,4.7835353834475525,-1.4804054,5,458
C1.459.122,4.783443624318643,-11.176636,5,459
C1.458.13,4.779769100564327,15.630095,5,458
C1.459.163,4.77973050133803,7.4804983,6,459
C1.480.166,4.7796912655516195,-10.575462,5,480
C1.458.174,4.779306724340444,2.2045095,4,458
C1.478.49,4.778608612287276,22.121456,4,478
C1.475.109,4.774411714255476,-3.8846776,5,475
C1.453.59,4.772742828944501,8.078234,6,453
C1.480.179,4.769321028219874,-18.153042,5,480
C1.496.215,4.76453177533962,1.3409637,7,496
C1.453.174,4.763930167200476,-4.6366873,5,453
C1.480.120,4.761681339440544,-25.216188,4,480
C1.452.166,4.760884804905523,6.7042456,8,452
C1.498.61,4.756085213811461,0.20662129,5,498
C1.498.59,4.754783341353514,-4.1028385,5,498
C1.465.71,4.753403114485081,-0.9621521,6,465
C1.474.45,4.75262393732036,-1.3480119,8,474
C1.480.122,4.749498923718966,-14.4372225,5,480
C1.458.184,4.749320062288139,8.376294,5,458
C1.494.325,4.747671276524806,-25.747759,5,494
C1.478.77,4.741779016156959,1.35814,5,478
C1.461.200,4.733189520508711,14.89121,5,461
C1.453.88,4.728916469392694,-9.863177,4,453
C1.470.282,4.727039107166355,-9.20059,7,470
C1.458.189,4.725275236147685,-10.726846,5,458
C1.475.99,4.724968820974164,10.073429,6,475
C1.463.138,4.724179683898241,6.147407,6,463
C1.475.126,4.724057853269018,3.1826725,5,475
C1.475.4,4.7238996327509515,1.8776326,5,475
C1.460.13,4.7209081079794855,2.6369436,5,460
C1.474.173,4.708706814485021,-0.9305868,8,474
C1.474.26,4.708454393890015,-17.058836,8,474
C1.468.51,4.707591622595259,2.2137716,6,468
C1.498.122,4.7044295499436375,-0.7427187,5,498
C1.452.78,4.698442600892391,0.86471975,6,452
C1.474.33,4.695471959581877,3.6313436,7,474
C1.474.131,4.687667436480778,-10.036436,7,474
C1.478.165,4.686036577723706,5.8709,5,478
C1.465.100,4.679705647977819,7.0195813,6,465
C1.453.52,4.6785294382649125,-3.6693275,5,453
C1.496.236,4.678334244026224,-5.2643075,7,496
C1.496.140,4.678154355213557,-4.1025634,7,496
C1.459.37,4.677616118810145,16.435982,6,459
C1.463.41,4.676661510115137,-1.3293265,6,463
C1.461.400,4.674265487682511,13.46875,5,461
C1.453.151,4.673722084961596,11.059717,6,453
C1.471.150,4.670120190505212,31.096632,7,471
C1.452.151,4.667350507446121,-0.061956603,7,452
C1.496.57,4.665832697299692,-5.5695934,7,496
C1.496.86,4.660599918452251,-18.238085,8,496
C1.468.7,4.65535754073934,10.067548,7,468
C1.491.99,4.654198618857925,-2.2519214,7,491
C1.458.234,4.6506658241167145,7.1879144,5,458
C1.459.173,4.648468597779054,11.809531,6,459
C1.468.109,4.647415881498947,14.504838,6,468
C1.496.227,4.645791842382688,-4.320009,8,496
C1.459.151,4.642181845341614,3.788098,6,459
C1.478.88,4.639687846698251,10.00718,5,478
C1.480.140,4.637949200257872,-18.489204,4,480
C1.487.106,4.636612007503753,9.109781,5,487
C1.463.133,4.6349853600954285,2.85414,6,463
C1.474.158,4.631831622364977,-11.783387,8,474
C1.461.397,4.631450343064674,5.4313297,5,461
C1.458.177,4.61924367714313,6.667495,5,458
C1.453.130,4.615232276534997,-5.9740663,6,453
C1.459.161,4.615027595909633,-1.1489352,6,459
C1.487.71,4.613713981718766,-7.481459,5,487
C1.498.95,4.612219481907085,7.3402615,5,498
C1.468.129,4.603712952454158,2.7556715,6,468
C1.461.284,4.598645366887776,7.29171,5,461
C1.458.75,4.596274620576536,11.781632,3,458
C1.459.219,4.5888542916951085,12.871642,3,459
C1.498.62,4.584441214026129,3.7189212,5,498
C1.461.204,4.58196661201705,0.46734968,5,461
C1.461.298,4.5811119218797405,7.8159895,5,461
C1.494.286,4.577477742209072,1.6962208,4,494
C1.457.128,4.573808938938114,0.37214372,7,457
C1.491.70,4.572804484534696,0.31609294,7,491
C1.468.198,4.572797500170774,-1.7268947,7,468
C1.498.107,4.570268786361752,-1.0281987,5,498
C1.496.188,4.568806702516553,-12.276847,8,496
C1.486.203,4.568601498309549,-1.0057327,6,486
C1.496.154,4.56758810432923,-3.6663363,7,496
C1.457.73,4.567450805662577,-2.7769992,7,457
C1.480.182,4.565226145964513,2.989048,4,480
C1.498.114,4.562411734204573,11.147992,4,498
C1.475.101,4.5619395008103245,-15.567571,6,475
C1.478.40,4.5593433992884105,-2.822744,4,478
C1.461.391,4.558766751977302,10.563769,5,461
C1.460.66,4.556895615977043,1.9533236,5,460
C1.498.85,4.545907753061833,14.075281,5,498
C1.490.269,4.545599457864726,-7.919068,6,490
C1.491.13,4.545402851232203,5.9459996,6,491
C1.475.129,4.544889491486357,3.762013,6,475
C1.478.121,4.543604003263033,26.17208,5,478
C1.453.74,4.542872792555411,5.639417,6,453
C1.490.277,4.541438372113132,8.009517,6,490
C1.453.146,4.538783240536069,5.730667,6,453
C1.458.198,4.531962650239987,1.9332947,5,458
C1.491.30,4.529963557478429,11.74515,7,491
C1.470.65,4.529941921534234,7.2626963,8,470
C1.494.331,4.5297777218433355,-6.7478585,5,494
C1.461.394,4.526851983652897,0.7712297,5,461
C1.461.238,4.526329607332806,-4.8096704,5,461
C1.463.163,4.526290738248296,13.045271,5,463
C1.468.73,4.52253599239071,10.61632,7,468
C1.474.15,4.519109268865315,-15.4134865,8,474
C1.452.52,4.51909103940733,7.370829,7,452
C1.480.10,4.514912482434876,-9.345722,5,480
C1.459.29,4.512752022241941,-8.975296,5,459
C1.458.256,4.511201657922434,10.086915,5,458
C1.458.224,4.508670144320684,10.303055,5,458
C1.496.55,4.507900971602995,-13.745947,8,496
C1.498.139,4.507655369419664,-19.507086,4,498
C1.461.239,4.506905118825807,-13.05241,5,461
C1.470.85,4.504177248531405,-5.239029,8,470
C1.498.125,4.500784964945415,2.1247668,4,498
C1.459.12,4.498273904970583,16.291899,6,459
C1.478.50,4.4981494148277745,7.513681,4,478
C1.460.18,4.495197539408947,-5.994497,4,460
C1.498.81,4.493503110783977,4.244221,5,498
C1.465.28,4.490789506768998,3.1718645,6,465
C1.498.148,4.488814325863145,-1.6695387,5,498
C1.464.72,4.481204849103484,4.2870727,6,464
C1.468.202,4.480587306638488,1.0809624,7,468
C1.496.216,4.478671240165506,1.8350781,8,496
C1.459.275,4.474581602474176,-9.806886,6,459
C1.471.67,4.47301362203275,10.445032,7,471
C1.453.169,4.470167759550483,-20.309599,6,453
C1.471.108,4.469026805381517,7.763732,7,471
C1.464.26,4.4677844476107555,18.66169,6,464
C1.468.128,4.46351296969458,10.198891,7,468
C1.475.108,4.461300993373713,10.570709,4,475
C1.453.166,4.460988037905205,2.612117,6,453
C1.491.43,4.458252845731731,-5.6295214,7,491
C1.457.66,4.456702641212296,5.5925865,7,457
C1.458.209,4.45583223624259,3.5821147,5,458
C1.458.132,4.455006592590692,11.006035,4,458
C1.459.58,4.454985428002013,-12.396118,6,459
C1.496.109,4.450053164012545,1.4265782,8,496
C1.465.66,4.446072055453062,11.484181,6,465
C1.471.58,4.445799572804597,17.836605,6,471
C1.452.4,4.4455897614209015,14.184821,8,452
C1.452.21,4.444423600454892,3.8086433,7,452
C1.471.18,4.442691038309083,20.261503,7,471
C1.466.94,4.438244915021792,0.3726104,8,466
C1.458.249,4.433299900102378,3.9579546,5,458
C1.461.270,4.425583546641712,-0.44431034,5,461
C1.452.48,4.421527819552366,1.3147331,8,452
C1.452.150,4.420806787206001,6.3813863,7,452
C1.468.207,4.417382289156896,-3.8507948,7,468
C1.491.35,4.415247816116232,-1.9841927,7,491
C1.461.277,4.412284940233676,8.69405,5,461
C1.475.61,4.4117284464897,-5.317057,5,475
C1.494.242,4.410923164438763,-18.334139,5,494
C1.452.14,4.406896849403671,1.7416148,7,452
C1.468.91,4.404715642417477,4.119348,7,468
C1.475.98,4.404304742067611,9.534697,6,475
C1.464.8,4.402747144546173,4.6341724,6,464
C1.494.277,4.39740969041953,-36.573418,5,494
C1.458.158,4.39546655291097,14.232454,5,458
C1.465.92,4.394887152491239,3.6168978,6,465
C1.491.21,4.390651759738581,10.6472645,7,491
C1.464.24,4.390425388263167,21.388906,6,464
C1.458.223,4.389754909335375,4.6895347,5,458
C1.463.140,4.388764032738193,10.470457,6,463
C1.458.215,4.388742730304937,7.7003546,5,458
C1.475.128,4.388384445636495,-8.346337,6,475
C1.468.175,4.387993976461213,1.0803548,6,468
C1.496.213,4.387469389619043,11.28649,8,496
C1.468.142,4.386295106671851,-0.236522,6,468
C1.458.245,4.385184744811512,7.433695,5,458
C1.498.103,4.381346402269189,-9.606819,5,498
C1.475.114,4.381153611475604,-25.480938,5,475
C1.458.165,4.381142100191591,8.223715,5,458
C1.475.88,4.380372250112379,-2.3195372,6,475
C1.471.49,4.380000806293927,14.435347,7,471
C1.453.150,4.3794516638873136,0.5613503,6,453
C1.461.215,4.374255614062347,9.75185,5,461
C1.464.60,4.372725836832063,12.099473,6,464
C1.458.172,4.371604704567185,15.664009,4,458
C1.468.117,4.370312527372157,7.9395623,7,468
C1.459.183,4.366663761215036,-3.6040187,6,459
C1.468.97,4.364853715130474,7.381738,6,468
C1.465.23,4.357305764664089,4.1971145,6,465
C1.463.66,4.355083916410691,9.55434,6,463
C1.475.139,4.352674859549982,-5.8633037,6,475
C1.468.50,4.352656278760131,0.9127049,6,468
C1.471.2,4.349888725052385,21.893232,7,471
C1.466.116,4.349703578221544,-1.9826646,8,466
C1.498.132,4.349651793328156,-1.1251187,5,498
C1.468.144,4.347285406138538,0.9965625,7,468
C1.456.34,4.344158378418645,-12.586145,6,456
C1.458.214,4.342426219623212,9.633975,5,458
C1.490.279,4.340943502294884,10.572804,7,490
C1.471.32,4.338219572775887,27.139532,7,471
C1.459.62,4.337703347894977,8.123798,6,459
C1.480.105,4.337518391320608,-11.887062,5,480
C1.458.200,4.336261236000734,14.230855,5,458
C1.474.187,4.332892611821123,-10.4836,8,474
C1.465.64,4.332417645163125,8.113898,6,465
C1.458.269,4.331159030037959,6.6842594,4,458
C1.496.134,4.330853966239893,-1.2328469,8,496
C1.486.226,4.330030775625346,-17.086226,5,486
C1.474.200,4.328103022453939,-0.77558506,7,474
C1.471.141,4.327808980977199,12.803237,5,471
C1.475.54,4.327769700690663,4.670996,6,475
C1.496.229,4.3243750605547655,7.689928,8,496
C1.465.40,4.322246075739113,-16.859419,6,465
C1.453.115,4.321465975783821,11.259012,5,453
C1.459.128,4.318141283462856,4.1907425,4,459
C1.496.89,4.316640164835327,2.8619907,8,496
C1.461.261,4.3149388424301724,8.730909,5,461
C1.460.38,4.314598928928388,16.423143,5,460
C1.468.208,4.313525654310366,1.0741209,5,468
C1.453.48,4.311430805451733,-0.71581894,5,453
C1.453.138,4.311245463541742,7.174817,6,453
C1.496.200,4.310302264370341,-3.662222,8,496
C1.498.88,4.305276865488444,0.7550813,5,498
C1.498.96,4.302538283483341,-2.5189986,5,498
C1.480.59,4.302032256250966,-10.617922,5,480
C1.498.106,4.300036695612492,15.435942,5,498
C1.452.120,4.299243542088176,2.4276206,8,452
C1.496.173,4.2958630935423265,13.479778,8,496
C1.498.108,4.293460953871919,-12.41637,4,498
C1.490.167,4.291293627629594,13.988104,7,490
C1.460.85,4.29073140835315,11.453604,5,460
C1.496.65,4.290719566693296,-18.641123,8,496
C1.458.31,4.290341584302963,-4.6532655,5,458
C1.458.47,4.2898381336919735,4.4077744,5,458
C1.466.224,4.288673741579985,7.162185,8,466
C1.466.222,4.287461040854644,-0.09741462,8,466
C1.478.122,4.281773558329786,20.26915,4,478
C1.453.112,4.277813516197877,2.609617,6,453
C1.498.73,4.275817344416292,-5.488299,5,498
C1.494.298,4.26644104462069,-5.2820787,5,494
C1.460.69,4.262996031551443,14.741283,5,460
C1.459.142,4.259468367437782,6.6726146,6,459
C1.459.267,4.2581766673190655,-10.251516,5,459
C1.468.159,4.257940766752773,9.145505,7,468
C1.460.63,4.256193604955203,20.989038,4,460
C1.480.174,4.255976356278013,-17.430603,5,480
C1.498.66,4.255858692735262,3.6635013,5,498
C1.458.261,4.253623446027712,13.107574,5,458
C1.471.120,4.253133301673161,24.878239,6,471
C1.459.203,4.252212111292029,-3.771052,6,459
C1.461.276,4.248768124849773,9.359389,5,461
C1.458.54,4.246417596603966,2.9116745,5,458
C1.466.46,4.23889732749269,-6.074252,8,466
C1.464.88,4.238744123747057,1.6834393,6,464
C1.458.21,4.237267574044193,1.7727346,5,458
C1.464.40,4.236177170494346,3.558656,6,464
C1.459.107,4.234829087136615,5.7774816,6,459
C1.465.105,4.232913558371091,6.6317143,6,465
C1.453.35,4.231986109074,-0.045416366,6,453
C1.460.4,4.230964317328798,-14.013097,5,460
C1.460.73,4.229343049666041,-16.182522,4,460
C1.480.99,4.2211555656620225,-5.724502,5,480
C1.478.109,4.221108044619111,12.9028,5,478
C1.459.106,4.220898434368534,7.382198,6,459
C1.458.113,4.219451524499954,3.0052946,5,458
C1.468.13,4.217737646080589,10.255621,5,468
C1.491.49,4.217177830736567,-1.0140785,7,491
C1.458.185,4.216652455412212,8.103775,5,458
C1.498.126,4.211443823346724,-3.2835188,5,498
C1.468.96,4.210423271621431,12.987762,7,468
C1.458.8,4.209212152584764,5.2221346,5,458
C1.465.114,4.206053208061993,-9.279952,6,465
C1.496.150,4.202219136290691,0.22642812,8,496
C1.468.47,4.199279416838653,1.1175482,7,468
C1.461.263,4.197759328957492,-10.638391,5,461
C1.453.120,4.197600907117933,-0.64328516,5,453
C1.456.11,4.197369050748114,-5.928545,6,456
C1.468.70,4.193970226215972,10.174005,6,468
C1.456.110,4.193823232245542,-3.791962,6,456
C1.458.60,4.191950116845946,2.3223746,5,458
C1.498.58,4.191521534221589,7.5392013,5,498
C1.453.23,4.190070122569892,-2.447879,5,453
C1.459.74,4.1880941654639186,15.581781,6,459
C1.453.45,4.186834347582429,-2.8370852,5,453
C1.459.197,4.184671290621746,11.819248,6,459
C1.475.93,4.180304826413845,7.714196,6,475
C1.496.68,4.1755443912290975,-13.845485,8,496
C1.465.102,4.174528449523003,-6.6476855,6,465
C1.461.230,4.17410199152323,-13.12263,5,461
C1.486.242,4.1661266505298515,-15.023649,6,486
C1.453.63,4.160013444927166,-4.902233,6,453
C1.463.6,4.1570793808198845,4.8988237,5,463
C1.491.74,4.154205815292206,-1.2447928,7,491
C1.498.72,4.15208522571715,5.9588213,5,498
C1.468.57,4.15040968731759,-10.685809,7,468
C1.471.48,4.149915725737682,23.41314,6,471
C1.461.392,4.148164708347311,-5.28661,5,461
C1.461.271,4.145960359295773,-2.3771102,5,461
C1.475.83,4.145794022491298,4.9991794,6,475
C1.474.108,4.145764798208692,-8.993687,8,474
C1.475.133,4.145471816085296,9.033529,6,475
C1.458.163,4.144770133461102,0.9950346,5,458
C1.487.85,4.1413123463039545,-2.722291,4,487
C1.468.154,4.138107493802425,11.569322,5,468
C1.452.99,4.134393648043832,3.8131332,8,452
C1.459.264,4.131846762096199,-0.3856186,6,459
C1.498.89,4.125768660315747,-3.3949387,5,498
C1.464.39,4.122495424034995,6.8669558,6,464
C1.453.89,4.122491591917423,0.548417,6,453
C1.461.301,4.121360670782708,13.17141,5,461
C1.498.116,4.118029286032215,2.8915613,5,498
C1.466.207,4.116165062573452,6.287373,8,466
C1.475.10,4.114140319122143,-7.256187,6,475
C1.466.26,4.109168018276594,4.1579227,8,466
C1.471.69,4.107911260085607,22.091555,6,471
C1.453.149,4.107879704915048,-5.182433,6,453
C1.496.36,4.107308559421542,-4.9018345,8,496
C1.494.250,4.10576104251312,4.2284517,4,494
C1.468.26,4.09810424469898,4.092777,7,468
C1.495.233,4.097112000779031,-8.945223,6,495
C1.480.80,4.096353797502151,-8.273043,5,480
C1.468.98,4.095153404156018,4.7838054,7,468
C1.498.144,4.095046787762908,-35.83717,4,498
C1.475.132,4.094711674960502,-3.4352539,6,475
C1.475.3,4.090983499246881,9.009496,6,475
C1.490.308,4.089975767166992,4.03919,7,490
C1.466.233,4.089548049817908,1.3519188,7,466
C1.490.151,4.089098250232213,2.4532833,6,490
C1.468.16,4.087432477536663,8.052977,7,468
C1.459.246,4.085598334901547,13.558169,5,459
C1.468.22,4.085278448943701,-2.6762805,7,468
C1.475.120,4.0851801031275485,5.5875297,6,475
C1.458.264,4.080391738569718,5.5402093,4,458
C1.453.11,4.080102673983224,-9.6012335,6,453
C1.491.98,4.079857126391265,9.255107,7,491
C1.466.228,4.0794928757512405,10.11516,8,466
C1.458.24,4.076116143209439,17.898375,5,458
C1.452.84,4.0728896237812195,2.091094,6,452
C1.453.119,4.072590798259409,-0.9814997,6,453
C1.458.103,4.070674702470904,10.735075,5,458
C1.496.122,4.070449516339628,7.807666,8,496
C1.475.131,4.0673521753498925,-6.5892706,6,475
C1.458.16,4.065143814488066,-0.6621654,5,458
C1.498.101,4.065093342270802,-10.577579,5,498
C1.464.97,4.064874765412997,1.6748393,6,464
C1.475.25,4.05785186489792,1.4952129,6,475
C1.468.76,4.053787133012029,0.9222053,7,468
C1.491.97,4.051958920953241,4.5330358,7,491
C1.468.23,4.050698417556774,-1.7558947,7,468
C1.475.107,4.050589371789443,-0.9954538,6,475
C1.468.187,4.044710990474063,6.122677,7,468
C1.498.70,4.043555214111895,-5.6762185,5,498
C1.471.41,4.042204310673163,27.479046,7,471
C1.466.17,4.041174737484184,4.8168335,7,466
C1.458.23,4.039131656153396,19.377254,5,458
C1.458.182,4.038530173771455,2.8051746,5,458
C1.478.152,4.035294871215058,12.25872,5,478
C1.468.197,4.0348810784946405,-0.19115932,5,468
C1.453.44,4.033536731357674,-1.3915452,5,453
C1.453.75,4.029913481369024,-7.7848253,5,453
C1.455.89,4.029574301619012,-8.388733,6,455
C1.461.222,4.026301403329858,1.5393697,5,461
C1.458.79,4.025812439570003,7.2790747,5,458
C1.468.163,4.021120033482067,11.881301,5,468
C1.459.14,4.020930320341774,-16.467007,4,459
C1.478.106,4.019434028977576,-1.2946439,4,478
C1.458.9,4.018814323110849,22.261894,5,458
C1.458.225,4.017890299062034,15.866127,4,458
C1.466.134,4.0101141290275395,2.6088605,8,466
C1.459.270,4.007826270185626,0.035169147,5,459
C1.458.35,4.006330671040755,12.086075,5,458
C1.458.149,4.003566300748857,-3.6081455,5,458
C1.480.148,3.999031899789334,-5.603042,5,480
C1.458.129,3.998683655896204,2.7493346,5,458
C1.458.27,3.992564911799895,8.942374,5,458
C1.458.162,3.9886973913018533,-1.5382054,5,458
C1.474.62,3.988319853463797,-3.9778762,7,474
C1.466.238,3.9870139307739842,10.937185,8,466
C1.491.111,3.9855849762713342,10.603593,7,491
C1.463.131,3.9819703743252983,-1.4235598,6,463
C1.478.7,3.9809877404262917,-9.349293,3,478
C1.475.63,3.9803486125195704,-16.09662,6,475
C1.461.249,3.979923612406677,1.8635497,5,461
C1.465.58,3.9757087902703043,-2.3175187,6,465
C1.475.39,3.9743390611269884,3.3647296,6,475
C1.458.235,3.9741372947709053,6.0248346,5,458
C1.490.216,3.9713773869339386,5.3451614,7,490
C1.464.18,3.967827733230668,-5.4836774,6,464
C1.498.118,3.966311645330766,11.116501,5,498
C1.453.49,3.965547680310202,8.066067,6,453
C1.468.199,3.9638942925459455,6.497691,7,468
C1.461.375,3.9590938427470403,5.30115,5,461
C1.460.40,3.957431391893346,2.3928638,5,460
C1.458.226,3.954481722280284,4.018655,5,458
C1.480.85,3.9491421846633283,-21.668388,4,480
C1.458.236,3.948978393371683,12.399815,5,458
C1.480.51,3.9482289298525153,-4.295522,5,480
C1.468.99,3.946119276234289,6.5107627,7,468
C1.458.49,3.9460781439160844,28.68286,4,458
C1.490.272,3.945770842975561,5.5558,5,490
C1.469.392,3.9435082999535354,8.673213,5,469
C1.468.58,3.942184943436218,1.9067187,6,468
C1.463.56,3.941368314625323,8.069324,6,463
C1.453.110,3.937553777228038,8.266467,6,453
C1.468.113,3.93502321123914,-1.2641518,7,468
C1.478.137,3.9333746707393074,16.64218,5,478
C1.488.128,3.933099325686591,1.6639837,6,488
C1.474.134,3.9323853719408346,-11.926042,7,474
C1.468.10,3.9317987988557883,-8.402138,7,468
C1.469.324,3.9310822327275696,-8.564765,4,469
C1.475.34,3.929610910190906,19.263662,6,475
C1.471.5,3.924928733953629,19.22909,7,471
C1.468.151,3.923212179472528,20.212177,7,468
C1.455.80,3.9210119798238177,9.949384,6,455
C1.458.20,3.9199952176672195,-9.169926,5,458
C1.471.82,3.917087030702305,24.059889,7,471
C1.453.31,3.916710291655824,1.1651003,6,453
C1.465.39,3.9165838816040486,18.585985,4,465
C1.480.44,3.916547098223507,-0.73260224,5,480
C1.466.160,3.9163007936346403,12.999785,8,466
C1.461.247,3.9157475769086503,-15.985598,4,461
C1.486.176,3.915229353732175,2.8042448,5,486
C1.464.52,3.9135863394017587,0.11657263,6,464
C1.464.63,3.9121485336966657,6.0373225,6,464
C1.458.112,3.910773179611647,4.3207946,5,458
C1.464.13,3.9072449428992426,5.066556,6,464
C1.464.67,3.9054191155516556,4.2679725,6,464
C1.466.81,3.9045173707542054,15.935487,7,466
C1.468.165,3.9029755133097845,17.535034,7,468
C1.480.186,3.8983239103206158,-12.233562,5,480
C1.496.194,3.8963525288673377,11.215116,8,496
C1.458.166,3.8952194717439994,11.991474,5,458
C1.458.110,3.894306432297041,5.1044745,5,458
C1.480.45,3.8925039456462835,-18.169062,5,480
C1.458.230,3.886954815499524,3.7041745,5,458
C1.498.91,3.8867720841596016,10.365341,5,498
C1.464.54,3.8865666394346734,16.522057,6,464
C1.458.46,3.8847082148525685,5.1345544,5,458
C1.491.78,3.8830156855382816,2.9467785,7,491
C1.475.65,3.882870897943386,-5.1280704,6,475
C1.471.157,3.88072858907954,-0.6453327,5,471
C1.458.202,3.8750992061041725,9.810035,5,458
C1.490.206,3.870602091127375,-0.16473868,7,490
C1.471.137,3.869895201166478,19.697618,7,471
C1.494.319,3.8689660988770953,4.8349614,5,494
C1.459.176,3.8674437101685673,12.743768,4,459
C1.458.212,3.866457987485037,18.993015,5,458
C1.458.85,3.8655421253736524,6.7674146,5,458
C1.491.63,3.8646323368526083,10.2527075,7,491
C1.458.115,3.8612622831300762,16.437374,5,458
C1.458.229,3.8602244306692834,10.389335,5,458
C1.458.143,3.858831324913893,-6.109242,4,458
C1.491.28,3.854709683179779,7.8587217,7,491
C1.480.115,3.8520726961710032,-12.257342,5,480
C1.452.130,3.8518026271236896,-14.959323,6,452
C1.475.2,3.8463543069830024,-10.107154,6,475
C1.452.2,3.8455270227350327,-1.1220081,7,452
C1.468.112,3.8445949182504613,1.5238482,7,468
C1.465.60,3.8414153458545712,-10.557669,6,465
C1.491.55,3.839721818464431,-3.1206214,7,491
C1.491.71,3.839183684955464,19.18703,5,491
C1.458.176,3.8390873766942084,-0.59165716,4,458
C1.468.9,3.8379160773118857,-12.116309,7,468
C1.461.353,3.837047026768573,0.4286897,5,461
C1.498.79,3.826760966776004,-3.6209188,5,498
C1.452.74,3.82622113045334,10.513278,4,452
C1.475.22,3.8261307546559333,0.118479535,6,475
C1.461.226,3.8214673565458543,-15.035851,5,461
C1.453.8,3.8180919931815436,-6.7146163,6,453
C1.460.53,3.815038550028452,-27.045918,3,460
C1.460.68,3.8143924560622144,7.1171603,3,460
C1.464.94,3.8125146416404356,0.038739298,6,464
C1.490.53,3.811567661946947,-8.631382,7,490
C1.458.58,3.809590758880699,-2.826542,4,458
C1.465.75,3.808475949608769,1.8690646,6,465
C1.458.134,3.8051329995147536,7.067455,5,458
C1.464.85,3.803168192558094,2.1511226,6,464
C1.468.17,3.799283698761982,11.04462,7,468
C1.460.23,3.796754828894969,-3.0746164,5,460
C1.453.93,3.7943723852934834,-3.2973247,5,453
C1.465.110,3.794100529857021,-21.956306,5,465
C1.461.214,3.792888658732565,-5.0498304,5,461
C1.468.127,3.792686869299622,-4.5365233,7,468
C1.458.169,3.7901541975262316,10.438775,5,458
C1.498.86,3.7894938406546355,-12.731719,5,498
C1.480.169,3.7890944671953246,-9.856022,5,480
C1.453.137,3.7874242943343175,-6.314385,5,453
C1.491.103,3.782806112395113,-1.1054642,7,491
C1.461.212,3.780158203282521,-2.9660904,5,461
C1.466.90,3.779663658707949,-4.2308397,8,466
C1.468.143,3.7789300492785283,-2.608766,7,468
C1.458.45,3.7776068902856723,-11.371765,5,458
C1.480.188,3.7768910518515093,-4.364562,5,480
C1.453.170,3.77644758085633,12.649095,5,453
C1.488.61,3.775375622670692,22.8293,6,488
C1.468.75,3.773490809325476,7.682991,7,468
C1.453.73,3.769457145442782,-16.209667,5,453
C1.490.241,3.764758067243433,-0.9869101,7,490
C1.455.133,3.764482267364817,19.372234,6,455
C1.466.132,3.764376165330673,-0.017164622,8,466
C1.498.64,3.7635939630655275,-4.0168786,5,498
C1.457.124,3.7634156802927654,9.584829,7,457
C1.458.17,3.75955689071008,12.8920145,5,458
C1.490.223,3.759361291658855,-9.549653,7,490
C1.463.162,3.7578483345839433,2.3950403,6,463
C1.471.112,3.7575188533886124,22.951962,7,471
C1.466.123,3.755507376236898,-2.7930646,8,466
C1.460.12,3.7554031189551456,-17.853096,5,460
C1.480.66,3.7536709595261173,0.21643779,5,480
C1.464.58,3.7517238063900136,14.8281555,6,464
C1.478.101,3.744713007246964,18.79576,5,478
C1.478.18,3.743810829353323,0.87693995,5,478
C1.453.141,3.743738260449137,-0.79374516,5,453
C1.488.148,3.741844427907712,10.044451,6,488
C1.488.114,3.7416940287923643,11.603573,5,488
C1.458.122,3.7400116354937145,7.6701345,5,458
C1.464.76,3.739208227165486,14.963033,5,464
C1.496.131,3.739187933697038,-7.078409,8,496
C1.487.86,3.7390946920714043,-12.491299,5,487
C1.458.108,3.7368012033115865,7.630675,5,458
C1.464.51,3.7351381339420087,12.728023,6,464
C1.465.54,3.7315775298994645,0.94036454,6,465
C1.468.157,3.731194236015355,11.251621,5,468
C1.465.107,3.7305453715464565,7.6853147,6,465
C1.471.117,3.7301955741232367,12.0735035,7,471
C1.478.89,3.7295917407539365,-0.20446005,5,478
C1.466.129,3.7289722812980672,-4.459752,8,466
C1.490.302,3.7283366745995976,-0.92798346,6,490
C1.461.327,3.727830205054302,19.88637,5,461
C1.459.226,3.72754620324917,12.186631,6,459
C1.474.38,3.722559588932802,0.066500664,8,474
C1.466.118,3.7223579566936937,0.8399979,8,466
C1.458.161,3.7215541453228633,7.2580748,5,458
C1.488.101,3.7214694295201816,7.068084,6,488
C1.471.54,3.7204829702701874,13.883875,7,471
C1.468.46,3.720415883289693,14.954148,7,468
C1.452.135,3.7183544751993054,6.7833147,7,452
C1.461.296,3.7181401596630725,7.0401897,5,461
C1.458.10,3.7160146137581864,2.6045747,5,458
C1.458.147,3.7158660521934364,12.589755,5,458
C1.458.199,3.708555662361126,18.643415,5,458
C1.490.112,3.703642934705275,11.748466,6,490
C1.453.13,3.7024829646749127,-2.1210046,5,453
C1.480.123,3.7012914062148727,-6.5024824,5,480
C1.465.87,3.697716932333661,-0.9063355,6,465
C1.490.243,3.69376922247107,-3.0900958,7,490
C1.494.334,3.6931399914292244,-5.9381785,5,494
C1.480.75,3.6908501871670727,-14.541142,5,480
C1.494.275,3.6900893508979133,-23.982178,5,494
C1.480.192,3.689802968980057,-19.064123,5,480
C1.480.89,3.688015382939455,-13.797882,5,480
C1.469.366,3.6871643189412926,3.0567129,5,469
C1.464.61,3.686283563562773,1.4819059,6,464
C1.459.124,3.685279845671165,-6.0015354,6,459
C1.458.181,3.683601574044802,1.1894946,5,458
C1.466.180,3.6822056947731676,-6.9653363,7,466
C1.461.209,3.682061918402154,-3.4738903,5,461
C1.491.89,3.681859288799949,7.9097433,6,491
C1.453.36,3.6808768660749203,-0.5685664,6,453
C1.461.314,3.6797927798482704,11.426869,5,461
C1.453.164,3.674067060348768,-8.13275,6,453
C1.458.171,3.672379189034156,10.875734,5,458
C1.468.141,3.666587156032456,11.677888,6,468
C1.475.47,3.6633970045411357,5.513646,6,475
C1.460.5,3.66290161796229,13.390284,5,460
C1.452.149,3.662597660027978,0.8565196,7,452
C1.464.47,3.6615603109626775,-1.913894,6,464
C1.475.6,3.6601511797489694,12.100746,6,475
C1.458.7,3.6591410317914046,-5.130141,4,458
C1.475.121,3.659111583802912,-8.223737,6,475
C1.458.69,3.6580715401241988,4.2890744,5,458
C1.475.115,3.657180614170666,-5.6643205,6,475
C1.494.344,3.6568786950279817,-4.6148186,5,494
C1.494.297,3.656492192855387,-7.3573785,5,494
C1.459.93,3.6543222711422043,5.2705894,5,459
C1.461.224,3.653175287483678,5.5214295,5,461
C1.468.169,3.652493805882444,-4.169045,6,468
C1.466.71,3.652487137390234,16.7147,7,466
C1.460.10,3.6517605852160844,-4.6714563,5,460
C1.455.129,3.6458031973029597,11.252451,6,455
C1.458.207,3.6432502803842337,11.286474,5,458
C1.464.65,3.6417751019699227,6.482773,6,464
C1.488.216,3.6411013700973567,12.188667,6,488
C1.453.175,3.6402464433592887,0.5151503,6,453
C1.458.167,3.639390299799265,-4.7076654,5,458
C1.461.303,3.6387090573424654,-22.021431,5,461
C1.480.185,3.6387048220984224,-14.214902,5,480
C1.457.116,3.638367149455383,-4.031402,6,457
C1.490.268,3.6358660336953115,-2.7752957,7,490
C1.475.8,3.6351432081022406,-3.0989704,6,475
C1.496.47,3.6336753489807845,12.716532,7,496
C1.458.250,3.628235049755984,18.507515,5,458
C1.464.37,3.6278202592800954,4.351489,6,464
C1.464.38,3.626095267595374,0.4077893,6,464
C1.468.60,3.6260243133733523,-5.1984386,6,468
C1.465.31,3.625754312182741,-2.9500568,5,465
C1.494.330,3.6252125171202034,0.6890128,4,494
C1.468.201,3.6233490785227223,1.0344481,7,468
C1.461.246,3.622598980829649,-9.149111,5,461
C1.496.48,3.622428836348772,-2.199497,8,496
C1.458.152,3.6223925796867054,4.5245547,5,458
C1.458.219,3.6207502472852893,9.035954,5,458
C1.468.155,3.617387778513179,-3.5787804,7,468
C1.475.130,3.612541260984192,-4.7702036,6,475
C1.498.141,3.6087595459957638,-0.6436987,5,498
C1.495.68,3.608671439950995,-7.237838,7,495
C1.460.14,3.6074787232884087,2.8161635,5,460
C1.471.90,3.605808343107263,-5.0243106,7,471
C1.493.221,3.6046681480046567,-0.05389258,5,493
C1.458.22,3.602365143963627,18.013134,5,458
C1.460.26,3.601901477842176,10.436423,5,460
C1.490.276,3.6010553041070374,-9.418653,7,490
C1.458.42,3.6008411269181035,10.307455,5,458
C1.482.86,3.5978907837194494,6.6516614,5,482
C1.459.11,3.597625209266359,6.4983377,4,459
C1.459.195,3.596404881506661,-2.8024518,6,459
C1.466.29,3.5954313087827217,11.502086,8,466
C1.465.83,3.5953430811983216,-12.392752,6,465
C1.464.86,3.5946934032197806,1.921706,6,464
C1.464.70,3.5946327967095795,9.8090725,6,464
C1.465.59,3.594522960663927,6.1727314,6,465
C1.471.97,3.5905074808822026,20.14566,7,471
C1.466.83,3.5901065235491716,-3.6215646,8,466
C1.468.189,3.5895204984642586,-12.369038,7,468
C1.485.11,3.588931614599604,6.9605174,6,485
C1.475.12,3.584990261432987,1.4539096,4,475
C1.480.81,3.5844018499183266,-11.479902,5,480
C1.458.239,3.581929678467793,8.462375,5,458
C1.466.136,3.5814410158576977,4.0889716,7,466
C1.458.104,3.580799121888525,12.400914,5,458
C1.458.136,3.5793596105078125,3.9989095,4,458
C1.490.82,3.5765038334929398,3.0539327,7,490
C1.468.94,3.5740819597814655,-0.028748006,5,468
C1.469.379,3.57133512351485,3.741922,4,469
C1.468.180,3.5703482436912735,6.8521767,7,468
C1.457.50,3.5681752268490223,7.0650616,6,457
C1.468.90,3.565531493013017,2.6136382,6,468
C1.458.39,3.5650411261689854,1.6912146,5,458
C1.468.63,3.563067264066742,8.050478,6,468
C1.468.24,3.5627608157165906,3.8235624,7,468
C1.465.116,3.562144706854386,-0.4604768,5,465
C1.468.140,3.5597449640907346,-2.385209,7,468
C1.491.57,3.558716481821734,3.0693643,7,491
C1.498.99,3.5581829109134158,5.7495613,5,498
C1.458.213,3.5579067813149705,2.7633345,5,458
C1.464.48,3.5571667637701374,3.1082227,6,464
C1.468.158,3.556159033413164,-3.7309232,7,468
C1.498.67,3.5561396596601367,5.7839613,5,498
C1.478.31,3.5538622545324725,12.46024,5,478
C1.465.24,3.5529822345986704,-2.5374687,6,465
C1.465.112,3.5509279363546398,1.1072146,6,465
C1.461.217,3.5499809098715716,14.66443,5,461
C1.455.121,3.5451234457494194,-0.9188735,4,455
C1.490.168,3.5404056112247217,-5.5720167,6,490
C1.496.124,3.540339958390088,-6.3469095,8,496
C1.458.220,3.5379042219189785,14.089774,5,458
C1.468.173,3.5370014162994696,2.0234053,7,468
C1.491.50,3.5357445254843842,6.8692927,7,491
C1.458.243,3.5336093339395354,0.6049594,4,458
C1.490.298,3.5332525924221327,-4.713318,6,490
C1.478.19,3.5300616949699433,14.04978,5,478
C1.460.3,3.529734129803719,-13.674896,5,460
C1.466.65,3.529508073670538,7.400673,8,466
C1.471.3,3.5294270535176984,27.530903,6,471
C1.459.35,3.529046876034536,-17.63825,5,459
C1.458.186,3.5258169650402893,8.159294,5,458
C1.458.14,3.5243577517993763,4.6781144,5,458
C1.458.107,3.523179775931008,-0.5241654,5,458
C1.480.177,3.5213794076074656,-6.2506022,5,480
C1.471.152,3.520748926153161,8.7060175,7,471
C1.490.79,3.5202360958159513,18.994833,6,490
C1.458.109,3.5156370108049297,11.120409,4,458
C1.451.53,3.514104680294058,10.851805,6,451
C1.471.30,3.5129788295347897,21.76997,6,471
C1.468.74,3.5085768119583136,16.84442,6,468
C1.491.32,3.506314430538054,-2.94415,7,491
C1.458.81,3.50460302610538,10.344395,5,458
C1.468.85,3.500825699553333,-16.42888,7,468
C1.468.101,3.4973554994209994,14.256588,6,468
C1.458.53,3.4947853843995444,11.879395,5,458
C1.458.33,3.4934188712297622,3.0759747,5,458
C1.471.7,3.490148856093517,13.580118,7,471
C1.464.69,3.4865651885381874,0.9717893,6,464
C1.468.137,3.483118807003649,11.099041,5,468
C1.475.84,3.482297085650838,-18.972303,6,475
C1.453.4,3.48091037945482,-2.8852663,6,453
C1.490.51,3.480540801280961,-4.577739,7,490
C1.475.97,3.4800542427961427,-7.220504,6,475
C1.490.94,3.4784893190671675,3.927547,7,490
C1.490.266,3.477144187051457,0.5722327,7,490
C1.486.250,3.4771289888515184,-23.289848,2,486
C1.471.86,3.4736415102600016,8.745179,6,471
C1.464.21,3.4719665416178183,-4.0324273,6,464
C1.465.36,3.471374732466339,8.098698,6,465
C1.475.123,3.470802816738539,-2.3947206,6,475
C1.460.47,3.4707498834825294,10.722704,5,460
C1.468.42,3.4697951829782996,4.8006053,7,468
C1.491.54,3.4683583894175203,-4.295707,7,491
C1.496.45,3.467078512666017,5.728096,7,496
C1.474.186,3.464723462360166,-7.9513764,7,474
C1.475.119,3.4646291840234333,-28.499775,5,475
C1.498.87,3.464564224911593,5.0944214,5,498
C1.495.94,3.4615691462846,-14.474052,7,495
C1.475.76,3.4613613394774996,9.994323,5,475
C1.466.213,3.460899384550404,-2.3380022,8,466
C1.475.18,3.4606855960475444,4.904663,6,475
C1.468.80,3.4591456416683375,8.827306,7,468
C1.465.85,3.456104090025269,-6.5271354,6,465
C1.478.65,3.4560407819624794,12.77944,5,478
C1.471.163,3.4558127268790506,7.3367605,7,471
C1.495.79,3.4539006895584383,-24.165867,7,495
C1.475.62,3.453617236737343,-3.8404038,6,475
C1.458.208,3.4534008144672814,13.663895,5,458
C1.468.114,3.4518184519737645,10.420988,6,468
C1.453.40,3.449640163982735,1.5912949,5,453
C1.457.61,3.4489755862631695,-1.433442,7,457
C1.457.91,3.439426165811989,-5.551599,7,457
C1.458.91,3.4386166472560182,11.554495,5,458
C1.468.3,3.4385418370176275,24.326311,6,468
C1.488.183,3.437724511924853,23.871351,6,488
C1.458.195,3.437718242161554,5.769335,5,458
C1.490.155,3.437438569486466,5.5974183,7,490
C1.475.30,3.4371460424685947,2.7330627,5,475
C1.488.197,3.4331846534033974,8.728233,6,488
C1.466.236,3.430072362319448,4.7772655,6,466
C1.471.145,3.4296088054816947,8.716929,6,471
C1.496.39,3.4287729278952166,-9.680307,7,496
C1.458.100,3.42867919313431,14.564594,5,458
C1.468.105,3.427348796796015,10.348834,7,468
C1.466.60,3.4263029204128874,3.7751853,8,466
C1.475.32,3.4253924462856125,-7.5170703,6,475
C1.498.84,3.422833929746381,5.939021,5,498
C1.458.262,3.4202879484775868,15.383334,5,458
C1.469.365,3.4168736085034417,11.208422,4,469
C1.465.42,3.4156962129793826,0.7535812,6,465
C1.458.151,3.4143482906479314,0.3901346,5,458
C1.475.118,3.4138806997640954,-5.633487,6,475
C1.490.265,3.4097497651817834,-4.7987957,7,490
C1.491.72,3.407451690548432,-3.178307,7,491
C1.498.119,3.4051317593404606,-28.1897,5,498
C1.468.162,3.3999488897350023,1.417803,6,468
C1.495.83,3.397695485291915,-9.251352,7,495
C1.468.15,3.3963331184709173,3.3432052,7,468
C1.475.138,3.395997592048489,1.0624295,6,475
C1.468.106,3.3950752289203363,-0.11986362,6,468
C1.466.167,3.3948946316297994,4.6875854,8,466
C1.458.197,3.39398187553658,-3.1055255,5,458
C1.458.61,3.393446474291618,12.093655,5,458
C1.474.92,3.389379867685483,4.948515,7,474
C1.456.90,3.3887553107275576,-1.8173952,6,456
C1.478.161,3.387209765103959,1.4962399,5,478
C1.474.64,3.382808645942766,-3.8621993,8,474
C1.458.252,3.380812969201419,-6.752785,5,458
C1.465.65,3.3797586511232574,-4.1103854,6,465
C1.468.37,3.379382242314802,-13.989279,6,468
C1.468.190,3.371148300794004,-3.5719805,7,468
C1.475.110,3.371147828327441,-5.2984037,6,475
C1.458.222,3.3703146110314837,15.918875,5,458
C1.486.225,3.369368380823286,-7.6307993,6,486
C1.464.43,3.367129563650463,6.8633227,6,464
C1.458.271,3.3649683894195253,16.028574,5,458
C1.459.28,3.3645733970253966,0.4595481,6,459
C1.490.64,3.35964921239499,5.4509044,7,490
C1.453.161,3.3594076470624072,-7.315983,6,453
C1.460.79,3.358187339549594,3.5653636,5,460
C1.486.209,3.356927425134254,-5.971699,6,486
C1.471.26,3.354152399905852,16.876986,5,471
C1.468.184,3.3538302893069245,5.0833216,6,468
C1.486.214,3.3510199850725524,-16.230099,6,486
C1.458.114,3.350090113425588,7.7315545,5,458
C1.491.102,3.3447866262165538,8.140393,7,491
C1.458.194,3.3446906463985173,17.640575,5,458
C1.498.138,3.3394982696616533,-8.449299,5,498
C1.491.80,3.3361950820907462,7.688193,7,491
C1.498.133,3.3349243610784893,-7.6851387,5,498
C1.460.33,3.3332151971812247,4.889328,4,460
C1.476.64,3.3325943035493277,13.815572,8,476
C1.458.139,3.331817564308856,7.283395,5,458
C1.498.115,3.33128939425468,-1.1542587,5,498
C1.468.209,3.3310522402314655,11.287191,7,468
C1.468.2,3.330703498427237,1.1449882,6,468
C1.453.55,3.3300519536813145,8.457384,6,453
C1.480.134,3.3280592966283224,-8.317782,5,480
C1.460.44,3.3253813926849123,-20.132397,5,460
C1.466.68,3.3234808017520794,1.2846354,8,466
C1.464.10,3.323327684946683,-3.6177106,6,464
C1.475.41,3.3224981126229105,-3.5466871,6,475
C1.458.83,3.320279769277397,8.292395,5,458
C1.465.80,3.3199698162875113,-4.9159856,6,465
C1.458.62,3.318104037717956,7.4892745,5,458
C1.488.110,3.31259044892162,11.235053,5,488
C1.491.19,3.309429557743639,7.2609215,7,491
C1.480.65,3.3091140175098066,-5.987762,5,480
C1.458.170,3.3083652530666106,8.587854,5,458
C1.494.309,3.3074284292423677,-13.658639,5,494
C1.459.150,3.3054359766303496,0.53648144,6,459
C1.480.63,3.3046709104128733,-11.352522,5,480
C1.490.59,3.3016375210838937,-3.3839438,6,490
C1.464.33,3.301091194112098,17.445255,6,464
C1.458.240,3.2938987771074593,-2.4498453,5,458
C1.468.164,3.2934441519054705,0.29157674,7,468
C1.466.215,3.2910683185066536,2.8654978,8,466
C1.453.76,3.290779139154716,-1.9346831,6,453
C1.491.53,3.2890064037207565,-6.96265,7,491
C1.487.92,3.287540604980222,-2.560959,5,487
C1.460.82,3.287024620401029,5.7329235,5,460
C1.475.111,3.286105193111117,-27.521954,6,475
C1.464.64,3.285787693087638,10.052322,6,464
C1.486.174,3.28556908635617,-14.193699,6,486
C1.465.68,3.2835249244134648,3.888898,6,465
C1.463.164,3.28303429395304,4.229157,6,463
C1.466.199,3.282213779122427,6.7107606,8,466
C1.491.22,3.281119711377167,10.435393,7,491
C1.461.288,3.2795437135032537,4.71129,5,461
C1.468.170,3.2782685902747373,-6.361926e-05,6,468
C1.468.92,3.277657061899918,6.0829196,7,468
C1.468.84,3.2729670100469166,-0.40835184,7,468
C1.468.4,3.271636126952324,4.2810054,7,468
C1.452.34,3.2716246725956077,-2.246828,7,452
C1.468.38,3.270440561708398,-2.4986117,6,468
C1.475.7,3.2703543356362834,5.044351,4,475
C1.458.140,3.2654224798975764,3.8763146,5,458
C1.491.100,3.2652548399674552,-14.585608,7,491
C1.453.68,3.2638111504324954,-4.3987665,6,453
C1.498.113,3.2637386248366647,-6.505099,5,498
C1.464.82,3.26313082851784,5.108473,6,464
C1.486.205,3.2629625316404844,9.3893,6,486
C1.491.23,3.260900159676377,15.2766075,7,491
C1.465.115,3.2604386577215774,-8.639635,6,465
C1.458.268,3.2603535801049817,5.5678945,5,458
C1.491.9,3.25979288255756,-1.6808356,7,491
C1.452.5,3.259676062197257,7.5651283,4,452
C1.458.144,3.258398924789128,8.277015,5,458
C1.460.20,3.257949196817766,8.575463,5,460
C1.480.183,3.2546484770719237,-26.801937,4,480
C1.452.29,3.2540209687545927,6.2633457,8,452
C1.457.125,3.2538657138120204,-1.9783278,7,457
C1.475.137,3.2491529681836284,20.691303,5,475
C1.461.223,3.2440528528605834,-12.47243,5,461
C1.468.1,3.2422461416115205,12.016938,6,468
C1.490.109,3.237831527364107,-2.1634388,7,490
C1.490.100,3.237474159210802,10.367619,7,490
C1.455.115,3.237232870435074,6.868717,6,455
C1.471.35,3.2371352735623717,8.020961,7,471
C1.471.151,3.2357622647881508,13.914823,6,471
C1.458.36,3.2355398002890543,3.2652946,5,458
C1.464.44,3.234330505073994,8.771623,6,464
C1.498.130,3.234319515266716,0.26629582,4,498
C1.495.201,3.233858058242351,6.731691,7,495
C1.468.108,3.2303432510069063,3.148234,7,468
C1.468.77,3.225034884533935,12.480655,6,468
C1.468.11,3.221526154138889,-6.854309,7,468
C1.490.55,3.2206862364097426,5.671433,7,490
C1.468.6,3.2183683136445076,1.9770054,7,468
C1.458.193,3.2181150851064912,11.409015,5,458
C1.478.71,3.21687074005155,-2.59292,5,478
C1.474.105,3.2164605084833693,0.5436882,8,474
C1.491.77,3.2159267964900153,4.907693,7,491
C1.468.134,3.2153547218371195,11.640277,7,468
C1.490.311,3.214121832486453,-4.7931814,7,490
C1.452.26,3.2141184798292537,10.908683,8,452
C1.458.141,3.21401429905587,1.4730146,5,458
C1.481.85,3.2135453496515187,13.134736,4,481
C1.461.396,3.2131118657457165,13.23879,5,461
C1.458.187,3.211717734959972,2.4676745,5,458
C1.453.165,3.2106552150792096,-1.666783,6,453
C1.458.153,3.210612420108731,6.8140945,5,458
C1.466.232,3.2080071920502102,-4.085577,8,466
C1.480.18,3.2037928495636145,0.91061777,5,480
C1.466.70,3.2024789060919443,4.025935,8,466
C1.458.146,3.2024468828021604,-6.7939053,5,458
C1.465.84,3.2021080321491815,1.7148979,6,465
C1.458.188,3.2012467404694145,-4.0991855,5,458
C1.458.6,3.1994834313293157,18.322659,4,458
C1.456.40,3.1975766796400635,-13.323462,6,456
C1.471.125,3.1948587085978697,7.5952606,7,471
C1.488.191,3.193932626420933,19.160883,6,488
C1.475.27,3.1930663577717646,-0.4375538,6,475
C1.466.31,3.1773935309093555,4.578638,7,466
C1.490.194,3.1761428436547594,10.364561,7,490
C1.458.175,3.1742676609227436,11.879415,5,458
C1.468.192,3.1680913925528666,13.095391,7,468
C1.486.191,3.1671929357876025,-0.83799857,5,486
C1.458.145,3.1661994426077245,19.026855,5,458
C1.458.111,3.1656021174256406,-1.8307254,5,458
C1.461.321,3.164679507232745,14.09571,5,461
C1.468.205,3.1639182958350887,-9.340029,6,468
C1.491.10,3.162285947737696,10.063916,6,491
C1.490.176,3.161049096840922,3.554347,7,490
C1.466.204,3.1587098371865863,-8.845727,8,466
C1.490.307,3.1579144636272067,-2.97971,7,490
C1.458.72,3.1552671283220124,-0.034865394,5,458
C1.460.48,3.153025408580355,5.5126038,5,460
C1.475.90,3.1529807395050935,-3.2038705,6,475
C1.469.372,3.1504365293829824,2.111933,5,469
C1.468.166,3.149609284775907,-2.7781143,6,468
C1.465.91,3.1494379025922963,-1.7963188,6,465
C1.464.49,3.1490290148306452,-3.7049441,6,464
C1.468.89,3.1448264175918936,10.191791,7,468
C1.457.112,3.1436212223758266,-8.093213,7,457
C1.460.2,3.1434970352989784,-3.7828763,5,460
C1.475.13,3.14312369714523,-0.0817038,6,475
C1.460.83,3.142826890165923,-1.7504764,5,460
C1.468.181,3.139341378503684,1.2779697,6,468
C1.458.159,3.1342300884749172,4.3842945,5,458
C1.491.91,3.1333769028643013,14.960008,7,491
C1.471.33,3.1332579536678833,15.333075,7,471
C1.453.70,3.132930182762039,2.6277835,6,453
C1.480.15,3.132202933981295,-3.5132422,5,480
C1.490.63,3.130210933630239,5.103332,6,490
C1.490.153,3.1296840717844074,-20.001553,7,490
C1.464.6,3.129530657468533,-4.1220274,6,464
C1.468.79,3.1290560223502606,1.399678,6,468
C1.480.147,3.1283452273234875,-11.553422,5,480
C1.450.66,3.1275778951563376,9.389116,7,450
C1.466.127,3.127368341749158,8.743594,6,466
C1.458.15,3.1244118262751535,1.5262146,5,458
C1.471.76,3.1224790205511286,10.122106,6,471
C1.466.139,3.1221458183193156,-5.2998843,7,466
C1.458.4,3.1215906974958436,-3.4273055,5,458
C1.490.275,3.121304271463161,11.748718,7,490
C1.493.145,3.11839547177831,7.5978675,5,493
C1.465.90,3.116185524992324,-0.21130212,6,465
C1.495.139,3.1140694410552903,8.380562,7,495
C1.468.87,3.111098399775057,21.173988,6,468
C1.488.188,3.1107771943909657,12.995501,6,488
C1.464.30,3.109546274701722,20.711233,5,464
C1.480.176,3.109138680024456,-25.041302,5,480
C1.453.7,3.1078306396049085,-2.227583,6,453
C1.452.15,3.106700854946218,2.1333582,8,452
C1.452.100,3.101123654162777,9.698658,7,452
C1.471.118,3.098166979959711,29.175133,7,471
C1.458.178,3.0968588992464894,12.098775,5,458
C1.491.104,3.0944423799093284,-1.7111785,7,491
C1.458.192,3.094398803569302,13.094535,5,458
C1.475.14,3.092359077265846,4.3013964,6,475
C1.460.46,3.090536387491395,5.388778,4,460
C1.466.163,3.0893067036824604,9.3420105,8,466
C1.465.51,3.0871577498043834,1.8053145,6,465
C1.466.56,3.0849133315947705,6.8120604,8,466
C1.458.246,3.084863615439177,-3.8010406,4,458
C1.498.71,3.0827288197994123,-6.8314986,5,498
C1.458.160,3.080168729986155,8.001775,5,458
C1.466.86,3.075998954576748,14.517209,7,466
C1.493.39,3.0749855052058863,3.1763475,5,493
C1.494.292,3.0725124266549693,0.06856138,5,494
C1.468.68,3.07206289627573,-6.260295,7,468
C1.471.84,3.071478472589117,8.841218,7,471
C1.478.33,3.0691160330957943,30.842432,4,478
C1.471.77,3.0682708522757376,11.62106,7,471
C1.464.89,3.0678715916812824,10.366456,6,464
C1.458.241,3.0671243967076856,10.284314,5,458
C1.456.70,3.065587630489795,-3.5705786,6,456
C1.498.92,3.06462286115066,-22.741486,4,498
C1.458.154,3.064414082258747,10.156975,5,458
C1.476.37,3.0636062039471494,6.8829093,8,476
C1.468.82,3.062083488002493,-0.58520895,7,468
C1.468.93,3.0558899035103897,8.063491,7,468
C1.471.115,3.050933585148841,23.290276,7,471
C1.490.198,3.0431686761452554,-3.9613347,6,490
C1.464.59,3.042426532660323,-4.019561,6,464
C1.491.64,3.0421158982595746,-11.287207,7,491
C1.475.36,3.041031453472846,-2.5009978,5,475
C1.461.233,3.0401948208617458,-0.5172503,5,461
C1.474.99,3.034865999899013,-5.5679646,7,474
C1.460.6,3.033279542435282,-13.338157,5,460
C1.488.111,3.0328080413575753,4.964884,6,488
C1.469.336,3.0324792342368556,-7.338547,5,469
C1.456.100,3.0313777061669587,-9.603695,6,456
C1.458.34,3.029110013444318,7.9206147,5,458
C1.461.210,3.02830925814732,-15.182071,5,461
C1.458.71,3.027114321483311,-0.2017054,5,458
C1.468.61,3.0252141028085537,1.4288768,7,468
C1.456.22,3.0211101346934566,-8.327978,6,456
C1.458.120,3.020746896396663,6.8115544,5,458
C1.480.150,3.0191375956778783,-9.864983,5,480
C1.468.95,3.0186163960873706,3.0588338,7,468
C1.493.131,3.0174787208994083,-2.0864925,5,493
C1.458.84,3.016522864292792,-2.8090653,5,458
C1.495.235,3.013272534061971,-13.701472,6,495
C1.490.56,3.009513497422749,10.58519,7,490
C1.468.55,3.0087718399225123,5.262391,7,468
C1.466.194,3.0035962392217432,3.2304604,8,466
C1.464.74,3.0006795351986955,18.489151,5,464
C1.468.21,3.0006755771082383,3.8543482,7,468
C1.471.147,3.000261259371643,22.850574,7,471
C1.458.179,2.9988040034950743,12.897095,5,458
C1.498.83,2.9924011342794263,3.5241613,5,498
C1.488.67,2.9911896168756384,6.5459337,6,488
C1.466.99,2.9904715141947396,-6.755577,8,466
C1.471.13,2.9885322296679995,30.10758,6,471
C1.493.14,2.9873010057384506,-0.14585258,5,493
C1.460.29,2.9872267897851406,-3.994197,4,460
C1.490.286,2.987192464336052,-5.049153,7,490
C1.458.251,2.9870579112805973,-1.7073054,5,458
C1.468.210,2.9868681300687623,11.981605,6,468
C1.498.78,2.985991418984909,-7.750199,5,498
C1.460.34,2.984722064390896,0.53130364,5,460
C1.475.72,2.983692688355647,-3.1535773,5,475
C1.458.12,2.982550344635047,11.380795,5,458
C1.465.61,2.9824437265779418,5.715948,6,465
C1.464.68,2.9777357313730586,4.799123,6,464
C1.475.136,2.9740211098379508,-16.77302,6,475
C1.471.116,2.9723529981543533,17.53761,6,471
C1.490.161,2.9723351694201026,11.381361,7,490
C1.465.108,2.9718055411380964,-4.154377,5,465
C1.475.85,2.9696191563616154,-5.6979537,6,475
C1.464.34,2.9661503373761935,-8.688727,6,464
C1.495.75,2.9660512819884794,-44.15541,7,495
C1.468.43,2.965752819397915,-4.2189374,7,468
C1.490.195,2.96567261931402,2.3139756,7,490
C1.468.203,2.962978648394467,3.9518483,7,468
C1.500.54,2.959647288764797,-2.6530294,7,500
C1.493.38,2.947148458025679,7.2045074,5,493
C1.464.35,2.9447651999883817,-3.6581273,6,464
C1.468.102,2.944135479576309,12.819506,7,468
C1.453.69,2.943497071971269,-10.995833,6,453
C1.460.86,2.942884786919685,2.6345465,4,460
C1.468.135,2.9336061874920984,8.744334,7,468
C1.488.137,2.9328326025376072,1.0579337,6,488
C1.490.185,2.9311111557652008,-8.500651,6,490
C1.486.238,2.9276088918512135,2.1599007,6,486
C1.458.127,2.9268116871987324,13.971974,5,458
C1.458.231,2.926233984687805,5.9834948,5,458
C1.468.179,2.922052576398596,7.3657484,7,468
C1.464.71,2.919127102757853,6.084909,5,464
C1.460.42,2.919058392340975,0.20735317,4,460
C1.458.128,2.9185612368363416,22.000494,5,458
C1.456.41,2.9162166491391144,-21.67077,4,456
C1.464.36,2.9154955657984503,16.974989,6,464
C1.466.63,2.914548948606741,0.43736038,8,466
C1.455.180,2.914194175523682,-24.180082,6,455
C1.461.329,2.912108609896105,7.5228295,5,461
C1.460.25,2.910407489338563,-16.847256,5,460
C1.474.147,2.910082600399335,-10.3228,8,474
C1.468.191,2.908707935688307,5.8416715,6,468
C1.464.42,2.9075408204271564,11.194356,6,464
C1.490.113,2.904540109508379,-8.014496,7,490
C1.494.308,2.9016452090049993,4.6105814,5,494
C1.488.79,2.9010838079983627,8.8890505,6,488
C1.461.300,2.8996550345853103,1.8007497,5,461
C1.468.81,2.8974556576524755,11.8286915,7,468
C1.464.79,2.8953749126908197,19.38309,6,464
C1.493.127,2.8953669034394096,0.4646874,5,493
C1.458.66,2.894001966846557,14.010735,5,458
C1.466.124,2.890260336893554,10.896248,8,466
C1.453.12,2.888761133921364,-1.2669331,6,453
C1.468.48,2.8879299269240546,7.127491,7,468
C1.468.32,2.887851911240668,0.6485196,7,468
C1.468.107,2.8877300227304428,0.6380767,7,468
C1.471.110,2.8864791646102086,7.8327236,6,471
C1.495.45,2.8859974967056776,-20.634653,7,495
C1.473.157,2.883824536576144,1.0530111,6,473
C1.461.266,2.8827134150814064,-4.2967305,5,461
C1.466.109,2.880020739400399,-3.813702,8,466
C1.491.82,2.8792446534889398,0.6932072,7,491
C1.475.77,2.878323707980988,20.877462,6,475
C1.458.183,2.8773010229610163,10.500014,5,458
C1.468.123,2.8768496377717936,1.2708054,7,468
C1.455.53,2.876276568223648,0.54778385,6,455
C1.471.25,2.876056779192426,16.338232,7,471
C1.461.281,2.8756505556093646,11.91367,5,461
C1.494.247,2.8749982516638943,-11.0979185,5,494
C1.468.131,2.8749014697100623,-8.380666,7,468
C1.456.64,2.8697857632047623,-19.042128,6,456
C1.451.57,2.86698918732057,14.139121,6,451
C1.458.218,2.866590123035742,6.6535144,5,458
C1.466.28,2.8628333156293047,-5.8384986,7,466
C1.475.113,2.860865772452584,-0.53457046,6,475
C1.465.96,2.8605431348435233,-12.516135,6,465
C1.488.58,2.858867556824896,12.881551,6,488
C1.465.86,2.8578458020913704,-30.25874,3,465
C1.455.132,2.8560023095107074,7.303417,6,455
C1.475.46,2.8543669551861,6.303313,6,475
C1.495.43,2.854110717250054,-4.5512667,7,495
C1.451.83,2.8535745275443465,13.822954,6,451
C1.490.138,2.8534348514794647,-10.388167,7,490
C1.455.106,2.853377817535377,4.555367,6,455
C1.466.208,2.8526864876724325,-3.6847272,8,466
C1.460.76,2.8483038344626106,-3.8854163,5,460
C1.468.146,2.845860915009881,0.117004864,6,468
C1.486.228,2.843610481711482,-10.222432,6,486
C1.459.60,2.8422594579674594,1.5724148,6,459
C1.474.104,2.841049711646489,-4.224812,8,474
C1.453.6,2.8409159267001867,9.9277,6,453
C1.491.93,2.8356530641290774,0.5670358,7,491
C1.455.166,2.8354187610125505,11.238467,6,455
C1.495.163,2.8334560644217475,-50.193573,6,495
C1.468.65,2.832597518218167,4.297955,6,468
C1.498.77,2.8324753354520884,-11.577518,5,498
C1.458.258,2.8320948713208263,12.218911,4,458
C1.478.166,2.8295093782369722,22.8049,4,478
C1.458.50,2.824388271439852,-15.066465,5,458
C1.456.8,2.823119566252149,-9.040545,6,456
C1.453.2,2.823059294785502,2.6245003,6,453
C1.456.23,2.822606718987537,-27.926802,5,456
C1.466.161,2.8220416858546424,-6.5940647,8,466
C1.488.105,2.8220215952884087,7.5410337,6,488
C1.459.241,2.8208953183576164,-10.529736,6,459
C1.465.67,2.81608143218534,-8.539837,5,465
C1.468.110,2.814366245375342,3.8388612,6,468
C1.468.56,2.813510655817259,31.21563,5,468
C1.452.101,2.812800270549504,4.8719544,7,452
C1.488.173,2.809717906390047,-0.05364964,6,488
C1.480.106,2.8093773022238118,-9.066682,5,480
C1.495.237,2.8088517559516464,-22.370523,7,495
C1.468.188,2.8076664338473925,-2.2162805,7,468
C1.495.247,2.8048029956832417,6.0562906,7,495
C1.495.84,2.8011149453881363,-20.133238,7,495
C1.490.258,2.799164632020195,1.5949185,7,490
C1.468.44,2.797982951010219,0.3244693,5,468
C1.468.196,2.7975821392805775,-2.1512518,7,468
C1.493.16,2.796406277251044,-6.8297925,5,493
C1.458.148,2.7954893901212254,11.482115,5,458
C1.466.185,2.7944757397062987,-3.453602,8,466
C1.480.160,2.7944417691510166,-2.175627,4,480
C1.456.39,2.7908109018273195,-12.45612,5,456
C1.455.98,2.7907507812837804,-0.44692165,5,455
C1.491.14,2.7836104412427347,0.60815006,7,491
C1.468.45,2.782800689533996,14.833991,7,468
C1.490.240,2.7798219228900414,7.467665,6,490
C1.474.152,2.776229174164171,-0.21214934,8,474
C1.465.70,2.775426633527684,14.693714,6,465
C1.458.265,2.7715371748775897,13.321975,5,458
C1.475.57,2.7712303555189854,-12.573371,6,475
C1.500.186,2.770862765788181,11.85509,6,500
C1.466.230,2.7686332257632977,5.420098,8,466
C1.468.200,2.767865979402334,0.5605339,7,468
C1.464.14,2.7669775115785202,7.641906,6,464
C1.466.156,2.764414192362651,1.4438978,8,466
C1.466.131,2.7643971524206834,-6.2420645,8,466
C1.453.132,2.7639992187844715,-6.0570455,5,453
C1.490.183,2.7626275835635994,0.29501846,7,490
C1.456.12,2.7625274538883997,-28.463295,6,456
C1.493.77,2.7623540011578664,0.3224874,5,493
C1.465.47,2.761691292026161,2.4377313,6,465
C1.464.93,2.760896351136521,8.623656,6,464
C1.475.15,2.7588811637504573,-3.1165037,6,475
C1.471.55,2.756698273591779,16.837175,7,471
C1.495.224,2.7541769413099852,-0.9857093,7,495
C1.490.50,2.7527164570091562,-7.4230103,7,490
C1.461.312,2.7514736291798982,4.7826495,5,461
C1.466.66,2.748158864407259,-9.662353,8,466
C1.458.26,2.746256961541603,-6.4596853,5,458
C1.460.11,2.746248106255619,-4.2624965,5,460
C1.475.125,2.744173287308684,-15.424187,6,475
C1.460.62,2.741340999650546,-3.6761963,5,460
C1.495.42,2.7391398932141566,-1.6068808,7,495
C1.486.253,2.7370557984163653,-3.0032659,6,486
C1.491.85,2.7365579674545297,8.579621,7,491
C1.464.17,2.7359820015787504,20.380592,5,464
C1.471.113,2.733415676934784,6.7533894,7,471
C1.453.162,2.7331248011111224,-2.3283663,6,453
C1.493.177,2.7310770138150096,4.3473473,5,493
C1.493.87,2.7297358106442022,3.0344675,5,493
C1.456.43,2.722558629976665,-13.531379,6,456
C1.451.33,2.721218071219548,4.23692,5,451
C1.478.164,2.718697738682483,15.06926,5,478
C1.471.139,2.716652795861254,19.720219,7,471
C1.471.51,2.716530587254349,6.330075,7,471
C1.466.159,2.715381683391192,5.4273353,8,466
C1.455.105,2.714595927736199,14.525567,6,455
C1.461.213,2.7142895845292325,16.292944,4,461
C1.465.76,2.7064056812638952,-11.769369,6,465
C1.461.237,2.705159695916635,20.79529,5,461
C1.464.31,2.70511172267252,13.112722,6,464
C1.491.38,2.7004192935447313,-3.32075,7,491
C1.451.1,2.697110599453565,6.70612,5,451
C1.480.117,2.696516589318918,0.8395378,5,480
C1.493.134,2.6952532220108654,11.251187,5,493
C1.466.30,2.6937998105967895,0.050510377,8,466
C1.478.14,2.6891538704928326,17.20038,5,478
C1.495.144,2.686998954690403,3.7155478,7,495
C1.494.342,2.6834143991810238,-15.283858,5,494
C1.488.213,2.6811275658359786,-5.556816,6,488
C1.457.117,2.680818025929697,2.596858,7,457
C1.472.103,2.6790401923078315,9.807952,8,472
C1.490.116,2.6787710493164067,-3.885653,7,490
C1.490.48,2.67865548869479,3.543861,4,490
C1.460.56,2.678568327759109,6.1668715,4,460
C1.491.29,2.677737702459097,7.0814214,7,491
C1.458.180,2.6773487625172265,0.6271346,5,458
C1.495.227,2.6756469051725813,-6.849863,6,495
C1.469.376,2.670625465004751,-1.4572531,4,469
C1.494.295,2.67021654591595,-14.7165785,5,494
C1.491.15,2.668595294135741,-4.7125783,7,491
C1.458.30,2.6680994675726657,13.802975,5,458
C1.493.57,2.665632146667763,15.2660675,5,493
C1.490.87,2.664074836782841,2.8885186,7,490
C1.468.174,2.663731355297182,1.0288447,6,468
C1.461.339,2.6617187806584734,-3.1510503,5,461
C1.465.45,2.660812331677571,-5.9919686,6,465
C1.468.171,2.657361740594411,-4.1129785,6,468
C1.465.34,2.6557727042318806,1.0195645,6,465
C1.461.252,2.65408232038748,-6.08757,5,461
C1.488.112,2.65386401041169,-1.2879163,6,488
C1.466.21,2.650717817151224,3.8680103,8,466
C1.495.134,2.649505549234354,-3.4859378,7,495
C1.455.70,2.6460366120734338,5.445817,6,455
C1.480.69,2.6451147501665764,6.337898,5,480
C1.493.111,2.6449605985356666,-5.108433,5,493
C1.460.31,2.6440970153116514,-20.747126,4,460
C1.478.26,2.6432080411828265,10.62508,5,478
C1.490.107,2.6366910585399626,-3.9566674,5,490
C1.475.81,2.636203810157068,-6.8825397,5,475
C1.494.320,2.636172759673442,-19.54452,5,494
C1.468.31,2.6353315522137586,10.148177,7,468
C1.490.252,2.6350746868264783,-19.14364,5,490
C1.464.29,2.633441457722935,-11.75491,5,464
C1.468.103,2.6325896655925365,-8.036152,7,468
C1.486.189,2.630694780969239,8.285434,6,486
C1.495.188,2.6297712134928264,-22.086351,7,495
C1.464.75,2.628657202258542,21.106106,6,464
C1.495.34,2.6272942721315444,8.186505,7,495
C1.493.152,2.6262080491579414,17.417927,5,493
C1.490.159,2.6258932706456712,-36.641254,5,490
C1.466.55,2.625005015829514,11.367886,8,466
C1.464.19,2.6243216682822172,5.679056,6,464
C1.466.89,2.62128838897045,-5.6925898,8,466
C1.466.218,2.6211100135717635,0.9190979,8,466
C1.465.30,2.618661896145582,-2.2679853,6,465
C1.455.15,2.6176574718842778,-7.7670994,6,455
C1.465.41,2.6154854993288965,-9.849752,6,465
C1.456.51,2.6147298981932576,-13.225896,5,456
C1.458.138,2.6147130040459134,9.547794,5,458
C1.491.58,2.613098819235757,3.4107928,7,491
C1.491.96,2.610376389402101,-2.4003072,7,491
C1.495.179,2.606055781401307,-2.295038,7,495
C1.475.124,2.603889525234907,-9.932871,6,475
C1.468.122,2.6037947985040626,11.173505,6,468
C1.468.83,2.6036166841758144,-3.8089805,7,468
C1.491.60,2.601231798927192,0.7430501,7,491
C1.466.107,2.5995349209807537,3.4670873,7,466
C1.480.43,2.599383724795591,-4.7622375,4,480
C1.466.153,2.5983146184684482,-3.6991522,8,466
C1.478.54,2.596106341781789,8.44386,5,478
C1.464.23,2.5933482230375415,-17.052818,5,464
C1.466.16,2.591968110732685,-0.19277713,8,466
C1.456.53,2.5865284131541633,-18.743496,5,456
C1.478.120,2.583738087608413,3.5426,5,478
C1.453.114,2.582277788936566,11.366541,5,453
C1.491.42,2.580556905144919,7.8584642,7,491
C1.475.59,2.5802679881547737,3.4819727,5,475
C1.478.21,2.579095446969246,12.51684,5,478
C1.465.52,2.5787345235040156,-3.3636189,6,465
C1.475.66,2.5781258085764995,22.647543,5,475
C1.490.145,2.5754285321651613,-11.466717,6,490
C1.461.265,2.5738238220282628,9.77889,5,461
C1.491.90,2.572813275818904,13.1020355,7,491
C1.471.158,2.5727526901306073,10.964247,7,471
C1.466.149,2.5719438211913825,2.77863,7,466
C1.465.50,2.5618923860266882,1.2123646,6,465
C1.486.237,2.5605271994126095,-9.610755,5,486
C1.490.212,2.5602028348218,2.436032,6,490
C1.490.193,2.558375765428019,-9.555382,7,490
C1.461.332,2.5567730874154058,14.82209,5,461
C1.493.214,2.5560168799313954,5.836367,4,493
C1.493.96,2.5532006119710924,7.6948876,5,493
C1.490.260,2.5434852071271083,-23.463339,7,490
C1.466.62,2.543228587273122,-2.2681272,8,466
C1.471.60,2.5348781985312305,5.7072463,7,471
C1.490.309,2.5330575917019345,4.4962754,7,490
C1.494.303,2.5316571217966732,-14.013283,4,494
C1.468.52,2.5262421261378494,-13.942045,6,468
C1.471.52,2.5257915547157235,8.083089,7,471
C1.490.274,2.524603147247013,7.7150326,7,490
C1.480.154,2.523899924578303,-7.370202,5,480
C1.495.242,2.5236870516942744,-30.922838,7,495
C1.457.120,2.5229902920599847,0.111986585,7,457
C1.465.49,2.5190216246687784,-6.413652,6,465
C1.466.154,2.5184483048733703,2.7006478,8,466
C1.475.105,2.5173443096,-1.3786538,6,475
C1.491.101,2.515332575594178,7.195164,7,491
C1.461.380,2.5137216123587995,10.38455,5,461
C1.466.64,2.51320878437892,-7.120334,6,466
C1.460.81,2.510015449458003,-4.5036364,5,460
C1.468.27,2.5082339595546728,6.0722766,7,468
C1.456.9,2.504835347681406,-19.193274,5,456
C1.495.154,2.502962459611236,-22.197895,7,495
C1.462.116,2.501920878347663,-9.68532,5,462
C1.465.88,2.49907133626507,-7.2276187,6,465
C1.464.11,2.4974204284612944,-2.2679608,6,464
C1.478.70,2.4969550684763786,16.9823,5,478
C1.456.15,2.4945682818546966,-10.937245,6,456
C1.486.221,2.4924868472362847,-14.770133,6,486
C1.468.5,2.4921069571566514,-0.34966612,7,468
C1.465.74,2.4892168528091965,3.2644813,6,465
C1.494.307,2.485729103429644,-17.002878,5,494
C1.465.27,2.48553846130389,-6.3937855,6,465
C1.456.45,2.485310771171599,-18.209995,6,456
C1.498.128,2.482470666568052,-11.899459,5,498
C1.455.60,2.481731200263028,6.432634,6,455
C1.486.212,2.479538040594846,8.734924,5,486
C1.473.135,2.479310000448991,-3.617094,7,473
C1.478.73,2.478610351852653,12.29502,5,478
C1.475.82,2.4764712064528083,-7.2578206,6,475
C1.458.142,2.4735481704953437,6.042793,4,458
C1.456.98,2.4734746668685776,-9.522095,6,456
C1.464.9,2.4731446315010888,-7.369261,6,464
C1.464.92,2.468388308905514,-0.017994035,6,464
C1.490.233,2.467035691609613,4.9542613,7,490
C1.471.96,2.4658918222036927,16.840176,7,471
C1.455.126,2.464700215130255,-6.1106997,6,455
C1.457.49,2.462196497774772,2.475858,7,457
C1.464.84,2.4613782982866677,14.930989,6,464
C1.475.16,2.4583114087565248,-7.580637,6,475
C1.468.139,2.4582075353161645,-6.7821784,6,468
C1.480.116,2.457543201202805,-3.8470023,5,480
C1.466.51,2.454200053280388,-14.136703,8,466
C1.477.109,2.4537300501152783,9.835281,6,477
C1.464.87,2.453534842586025,10.846689,6,464
C1.490.97,2.4490465370906502,1.7162756,7,490
C1.490.220,2.4483336044253994,-7.6080647,5,490
C1.475.64,2.4413636716406515,-14.546387,6,475
C1.464.95,2.440859774288103,8.990673,6,464
C1.461.340,2.433269082427561,4.8417897,5,461
C1.495.244,2.4314390856535018,-0.87200934,7,495
C1.465.48,2.4292615774793385,3.1181479,6,465
C1.475.50,2.429069190239909,-22.969803,6,475
C1.465.44,2.4270806487953496,12.105981,6,465
C1.457.48,2.426315880801293,-3.264527,6,457
C1.468.132,2.4258750232041075,1.3977697,6,468
C1.460.54,2.4236788062260546,3.8179836,5,460
C1.461.307,2.4194564431622037,2.9437296,5,461
C1.466.184,2.4121532830237613,-2.9950771,8,466
C1.491.20,2.4106342880143647,9.103378,7,491
C1.466.205,2.4089560819612266,2.3463478,8,466
C1.490.278,2.4087746691229337,-0.46530482,5,490
C1.468.130,2.4080275089607897,6.5736766,7,468
C1.475.112,2.4069320180017333,-10.193859,5,475
C1.465.81,2.4064824503512794,4.081248,6,465
C1.465.103,2.4001772632639606,-0.2887688,6,465
C1.457.63,2.399279575133158,1.2289947,6,457
C1.451.4,2.3986224747874334,16.28012,6,451
C1.451.40,2.395070882154371,1.8674712,6,451
C1.469.332,2.3922460088544395,-12.003807,5,469
C1.486.206,2.391716302697029,-17.3506,6,486
C1.495.50,2.3846565333568392,4.2126193,7,495
C1.490.291,2.383623437991136,0.2097613,7,490
C1.480.3,2.3829572544914557,-9.380227,4,480
C1.495.92,2.380402604489411,0.87511927,7,495
C1.467.72,2.379372823564646,-3.561479,7,467
C1.495.141,2.3729835204187615,-6.7691665,7,495
C1.469.340,2.372887894089503,-9.073147,5,469
C1.460.67,2.3689488423334066,0.080343634,5,460
C1.468.195,2.365726477564851,-6.641109,7,468
C1.466.234,2.362616974789584,0.37112287,8,466
C1.453.82,2.3608991000098807,-1.8627163,6,453
C1.490.52,2.360816409599227,-4.5830674,7,490
C1.468.28,2.3592002088214072,-8.720495,6,468
C1.466.179,2.357723520642398,-8.1315775,8,466
C1.464.15,2.355005340195486,-6.2246776,6,464
C1.456.26,2.3501858983001815,-12.217045,6,456
C1.465.25,2.3480488076534054,-3.5598521,6,465
C1.464.57,2.347610009028433,8.552273,6,464
C1.466.120,2.3465826418243823,7.8095355,8,466
C1.466.239,2.3456756694808067,-5.21089,8,466
C1.490.199,2.3454558614363292,1.4434487,6,490
C1.490.239,2.34467296181768,-12.680667,7,490
C1.482.28,2.3377404291904043,17.095314,6,482
C1.490.202,2.335160613912417,0.56168985,7,490
C1.466.48,2.334736244179968,-8.584639,7,466
C1.468.71,2.333575300720538,-2.322381,6,468
C1.460.59,2.331803643113599,7.0118437,5,460
C1.460.78,2.331437242161533,-7.4682965,5,460
C1.475.40,2.32394389563995,18.218683,5,475
C1.464.32,2.323492724233282,3.512006,6,464
C1.490.282,2.3176155014701125,1.9581614,7,490
C1.466.78,2.3174980121157387,0.46908537,8,466
C1.488.71,2.3155818140926816,10.143226,5,488
C1.495.230,2.314518439976747,-5.601389,6,495
C1.468.167,2.314232950107187,-7.5176125,6,468
C1.486.187,2.3120711663374904,-3.4682326,6,486
C1.471.4,2.311482859854008,-11.511744,5,471
C1.486.177,2.3095366954237218,-9.981766,6,486
C1.465.113,2.308759843418066,0.34009787,6,465
C1.489.52,2.305202393728906,-9.020448,7,489
C1.490.75,2.303833050967133,-3.6172814,7,490
C1.488.78,2.3021717791979026,19.2385,6,488
C1.490.135,2.3020393651385973,-8.222539,7,490
C1.457.104,2.3018102648756162,6.469444,7,457
C1.490.187,2.3016115399378063,-0.29655132,6,490
C1.490.130,2.2931447248437533,-2.835553,7,490
C1.472.181,2.2896751940617506,-6.8328013,6,472
C1.464.80,2.289232944046997,8.063839,6,464
C1.488.177,2.28834076097525,-4.9191165,6,488
C1.461.393,2.282727206330557,-9.185531,5,461
C1.490.253,2.281176151683238,-2.5503244,7,490
C1.476.185,2.2801278281505777,-2.722803,8,476
C1.465.46,2.2785753264101793,1.9862978,6,465
C1.458.137,2.2756949725645925,9.9425745,5,458
C1.491.34,2.2742002877547036,6.1625214,7,491
C1.467.66,2.273095909738388,-1.4984362,7,467
C1.465.82,2.272954656794332,4.5940146,6,465
C1.495.213,2.2726274714217136,-35.999138,7,495
C1.464.73,2.26928105986632,9.2513895,6,464
C1.495.249,2.2691139248924723,-25.318596,7,495
C1.475.106,2.2683430942750746,-10.686171,6,475
C1.475.95,2.2676442908364236,-19.226753,6,475
C1.495.52,2.264188510396146,-20.648523,7,495
C1.478.119,2.2626938329702253,4.76998,5,478
C1.468.29,2.257597364408161,-12.245452,7,468
C1.466.147,2.2532401950110255,8.052648,8,466
C1.473.170,2.251563466802715,-9.73922,5,473
C1.490.140,2.251212211856272,-1.1082244,7,490
C1.488.91,2.2499020139978962,15.4357,6,488
C1.453.47,2.2419598320938,-11.251949,6,453
C1.494.328,2.240169323923221,-24.862358,5,494
C1.464.91,2.235579256083772,0.26810184,5,464
C1.482.199,2.2352617062657485,18.137709,5,482
C1.488.92,2.229408469776722,13.269,6,488
C1.455.57,2.2264268243501766,3.9602838,6,455
C1.493.34,2.2261518356975176,3.6880674,5,493
C1.467.99,2.2241277005187636,-2.443822,7,467
C1.488.196,2.2204269416547397,-8.06635,6,488
C1.495.136,2.218699505121034,6.3826523,5,495
C1.495.170,2.2159953169149036,-7.992195,7,495
C1.466.165,2.215650574296244,-0.7489646,8,466
C1.469.361,2.2156360336314846,9.22066,4,469
C1.495.195,2.215280555233923,-16.152538,7,495
C1.475.17,2.2149527128820057,-0.5852538,6,475
C1.456.48,2.214652416442972,-8.431845,6,456
C1.471.155,2.2116436361291036,4.488661,7,471
C1.466.237,2.202251186775741,-0.04286462,8,466
C1.476.41,2.199888323955106,3.917856,7,476
C1.451.64,2.1986176940339512,8.552705,6,451
C1.466.157,2.198401695156955,-11.325261,6,466
C1.478.114,2.197657758767733,2.49806,5,478
C1.490.261,2.1952920476229036,-8.0787525,7,490
C1.490.248,2.1932425037819976,-1.5843014,6,490
C1.490.247,2.190697530545595,-13.057167,7,490
C1.465.101,2.1852136329798286,-11.844569,6,465
C1.455.112,2.1787251799770755,16.42425,6,455
C1.461.399,2.1765847887732463,10.080669,5,461
C1.489.87,2.1700661544603763,-0.01689012,7,489
C1.460.22,2.166724447716417,-27.510927,4,460
C1.494.318,2.1622077419805277,-44.35824,5,494
C1.471.56,2.159021710462226,5.7311893,7,471
C1.491.24,2.1583017368662154,0.77599293,7,491
C1.475.48,2.155313068577,14.690996,6,475
C1.456.38,2.15303663740259,-10.873295,6,456
C1.488.179,2.1522049166800765,6.3446836,6,488
C1.469.370,2.150789278500558,-3.6569471,5,469
C1.466.100,2.1494644815283572,-1.2989427,7,466
C1.491.88,2.1487542279175984,3.3708644,7,491
C1.495.184,2.148420232179557,-1.171195,7,495
C1.495.175,2.147679944815541,-10.275223,6,495
C1.498.100,2.1458917708176384,-16.373524,4,498
C1.460.58,2.1398384838993514,8.801784,5,460
C1.466.104,2.13742940056172,10.817885,8,466
C1.471.65,2.1320833249298565,-3.6213822,7,471
C1.480.42,2.1318556019349577,1.5920378,5,480
C1.456.17,2.126870652490857,-22.2472,5,456
C1.451.82,2.1243575279895186,15.65494,5,451
C1.466.92,2.1217140786446684,-16.07384,8,466
C1.490.70,2.1188612377914398,-7.0954013,6,490
C1.466.177,2.117597817455921,3.0742478,8,466
C1.495.110,2.11629606102587,-1.5723665,7,495
C1.493.156,2.1154083953195975,-2.8562925,5,493
C1.478.1,2.1147872333954645,8.20656,5,478
C1.465.56,2.1145572535066894,-12.997519,6,465
C1.476.121,2.1129648420449345,5.106584,8,476
C1.466.97,2.1119375592312424,-6.791602,8,466
C1.491.59,2.1090936545809,0.16856436,7,491
C1.498.82,2.108390042032817,4.137021,5,498
C1.456.73,2.106514885734677,-19.143412,6,456
C1.471.168,2.1060001958938233,12.896761,7,471
C1.468.152,2.103304493505851,-8.864895,7,468
C1.466.85,2.100449618104926,-9.068965,8,466
C1.469.344,2.1000032497817043,14.233911,4,469
C1.466.41,2.096828491080669,5.508373,8,466
C1.476.12,2.093036455033518,5.2552843,7,476
C1.465.62,2.0910090330600157,-13.659377,5,465
C1.460.1,2.087626466859871,4.0971637,5,460
C1.453.28,2.0864112386130262,4.94045,6,453
C1.464.78,2.083477622743139,-6.0736775,6,464
C1.476.67,2.080265804820303,3.1864967,8,476
C1.462.96,2.0782951211440808,-8.685981,5,462
C1.468.41,2.067200174625784,-6.546362,6,468
C1.493.109,2.0646542986617877,22.134947,5,493
C1.471.132,2.0626206586385782,1.0254889,6,471
C1.490.188,2.0623823360958236,3.087282,6,490
C1.490.88,2.0621581742543937,2.9091756,7,490
C1.466.155,2.0596730567569708,-9.573577,8,466
C1.464.55,2.0595906398276056,3.5396726,6,464
C1.486.185,2.0579495290517684,-12.638533,6,486
C1.495.236,2.05565332610483,-39.555965,7,495
C1.493.112,2.0518987202092602,-2.0582325,5,493
C1.469.389,2.048842775901671,0.67167294,5,469
C1.491.40,2.0431843346842897,1.9407644,7,491
C1.471.38,2.0383135116342417,27.27506,7,471
C1.467.208,2.03491993863409,10.4187355,7,467
C1.456.46,2.0328284417364233,-9.944645,6,456
C1.455.12,2.0256552757932487,-0.057966176,6,455
C1.465.78,2.019890250918456,-0.41675213,6,465
C1.460.55,2.0178321173794247,5.889744,5,460
C1.491.46,2.0170291533929,0.23815009,7,491
C1.490.122,2.013519777731271,9.155333,7,490
C1.455.85,2.0131532140035686,-12.029566,6,455
C1.468.64,2.008849725895114,4.6427627,7,468
C1.488.90,2.0079828601509457,33.877583,6,488
C1.482.181,2.00693978654446,14.283297,6,482
C1.466.173,2.00346629990492,8.54701,8,466
C1.457.77,1.9998301890162302,1.2869295,7,457
C1.495.153,1.9967121851771015,-1.981995,7,495
C1.466.122,1.9965591900766435,3.7597854,8,466
C1.490.43,1.9957667589396706,-6.863953,7,490
C1.457.68,1.9942534877207667,-0.4234405,5,457
C1.466.47,1.993153386998696,13.714473,8,466
C1.466.36,1.992660598169054,-9.16799,8,466
C1.476.194,1.9899428748821582,-0.48029068,8,476
C1.495.172,1.9886460537148378,-35.47225,7,495
C1.465.73,1.9884186885525732,-11.101235,6,465
C1.495.207,1.987478533697075,-0.5094808,7,495
C1.500.106,1.9862836138796156,5.936185,7,500
C1.455.157,1.984919228306221,7.299839,5,455
C1.475.56,1.9801142787779946,-5.189304,6,475
C1.466.88,1.9800528704923945,-2.9570272,8,466
C1.495.77,1.9777940967222076,4.5759764,7,495
C1.490.169,1.9768441845715012,1.1731154,6,490
C1.491.47,1.975974282681716,2.011093,7,491
C1.488.154,1.9728219219882985,3.1747837,6,488
C1.466.209,1.97268208629541,4.9905477,8,466
C1.456.62,1.9712326452756244,-17.127876,5,456
C1.490.217,1.9702024900959734,7.939647,7,490
C1.486.235,1.9685648295662481,6.397584,6,486
C1.475.91,1.967125120085105,-6.1831536,6,475
C1.476.266,1.967025997767445,-3.5756726,7,476
C1.495.91,1.9636064356061247,-23.168512,6,495
C1.472.159,1.9625077755463176,2.79224,8,472
C1.491.51,1.9603728701565786,2.499093,7,491
C1.475.19,1.9563737456681867,4.4858127,6,475
C1.466.38,1.9516783593523737,-11.070019,7,466
C1.460.9,1.9464912696371337,-7.4878564,5,460
C1.460.84,1.942835149911392,-11.155622,4,460
C1.468.133,1.9394028012009448,6.7134194,7,468
C1.476.107,1.9359492791866566,7.709584,8,476
C1.465.94,1.932433520335293,2.9265146,6,465
C1.468.119,1.9314118985386972,5.179191,7,468
C1.460.52,1.9310061066421402,24.583397,4,460
C1.486.204,1.9288123455837456,-17.314249,6,486
C1.494.321,1.9230521782685,-0.1685986,5,494
C1.460.16,1.9212644959990828,3.7919436,5,460
C1.469.359,1.919166997582573,14.701473,5,469
C1.464.66,1.9183482253382762,1.809156,6,464
C1.457.54,1.9097756998413769,8.975944,7,457
C1.456.99,1.9097587861011844,-10.068978,6,456
C1.461.219,1.9051888002839579,5.1816897,5,461
C1.495.182,1.9002983044123491,2.0383337,7,495
C1.455.99,1.8938057288452195,17.674618,6,455
C1.471.70,1.8920425586480503,-1.24345,5,471
C1.456.65,1.8910963763259259,-17.936762,6,456
C1.466.72,1.8892938862490454,0.10888538,8,466
C1.466.76,1.8892938862490454,-4.366177,8,466
C1.471.99,1.8870495012296542,9.57163,6,471
C1.495.248,1.886780486949552,-10.522809,7,495
C1.466.145,1.8859571265914374,-3.2426395,8,466
C1.493.76,1.8854746813930563,-3.0111926,5,493
C1.460.36,1.8847606843282707,-13.872457,5,460
C1.493.204,1.8824466083633224,4.4043074,5,493
C1.469.358,1.8815889989365104,9.148353,5,469
C1.451.92,1.8784017840583764,-0.58446217,6,451
C1.456.96,1.8740069834552016,-20.09906,5,456
C1.466.40,1.866827374824861,-8.724139,8,466
C1.495.125,1.8642951725311885,-1.1189094,7,495
C1.490.47,1.8618302790195373,-12.905667,7,490
C1.495.61,1.861635043156778,-5.7936797,6,495
C1.495.95,1.8603347752785926,4.951272,6,495
C1.476.236,1.860048252559533,4.7418623,7,476
C1.476.68,1.8561022590147418,1.2323093,8,476
C1.475.103,1.854902194410286,-11.438987,6,475
C1.451.46,1.848838274837469,-10.094247,4,451
C1.494.245,1.8484778228728025,-13.4616585,5,494
C1.453.81,1.8458152657014852,-10.60615,6,453
C1.456.4,1.845013535450986,-29.074078,6,456
C1.477.56,1.839646512461301,1.7885264,7,477
C1.475.80,1.8386242393355487,-9.897837,6,475
C1.488.199,1.8378140692164713,2.891517,6,488
C1.475.26,1.83452730995888,12.6300125,6,475
C1.456.13,1.8328566870910912,-12.263812,6,456
C1.465.72,1.8316332711838759,-17.579977,5,465
C1.461.269,1.8314131408912047,1.3011897,5,461
C1.469.385,1.8294440922974542,3.370373,5,469
C1.456.82,1.8281014713035466,-12.748479,6,456
C1.490.152,1.8276267349124369,8.705566,6,490
C1.476.100,1.8264656700736681,10.284356,6,476
C1.472.114,1.8254965466113011,10.546502,8,472
C1.471.78,1.8228541793924062,22.734474,7,471
C1.460.24,1.8227411300166647,-5.1269164,5,460
C1.455.55,1.819391290496604,-18.385477,5,455
C1.475.5,1.8156018546519153,5.5214796,6,475
C1.464.41,1.8149881376571155,-2.358844,6,464
C1.469.382,1.8149240378560316,9.912616,4,469
C1.471.133,1.8130557224156247,18.63699,7,471
C1.490.227,1.8129017738082405,3.4092486,6,490
C1.466.45,1.8114979017781399,1.0516157,7,466
C1.469.371,1.809591327820364,31.494286,4,469
C1.461.259,1.8056353103790916,-0.32431033,5,461
C1.498.140,1.8048652716213116,-12.701818,5,498
C1.475.24,1.8025421132831163,-7.7031536,6,475
C1.488.145,1.8013225964117894,-4.738016,6,488
C1.457.97,1.8012104067543513,-19.189356,7,457
C1.457.85,1.8005846196335207,-4.8950706,7,457
C1.469.345,1.7989196414917017,13.056213,5,469
C1.488.69,1.7941758797255833,26.029146,5,488
C1.486.218,1.7927553212635843,-7.6992493,6,486
C1.468.177,1.791670617864494,-5.7925377,7,468
C1.464.45,1.7905330679751292,-8.10556,6,464
C1.485.70,1.7903328865982098,5.098434,5,485
C1.481.138,1.784629274823109,17.974762,4,481
C1.493.122,1.7788555990187875,4.5537076,5,493
C1.495.105,1.772093334375386,-31.329552,7,495
C1.464.83,1.7716772079470595,5.278556,6,464
C1.476.98,1.7689077656017076,7.4875717,8,476
C1.456.33,1.7674589243249894,-18.211163,6,456
C1.482.75,1.767291858668087,-35.98104,3,482
C1.468.185,1.766341779328334,13.734877,7,468
C1.466.142,1.7645434087094907,0.27211037,8,466
C1.457.129,1.7632931546211297,2.1520581,7,457
C1.494.312,1.761531077963007,-20.217459,5,494
C1.493.163,1.7585587013762536,7.6232476,5,493
C1.466.98,1.7491995684284007,-7.472002,8,466
C1.495.176,1.7480094933441663,12.619562,7,495
C1.476.190,1.746998910305523,-6.148003,8,476
C1.488.54,1.7469093554452566,7.746867,6,488
C1.462.145,1.746075573638314,-10.55996,5,462
C1.456.108,1.7458706106119504,-12.541928,6,456
C1.460.51,1.7451532676317127,-1.9474764,5,460
C1.482.49,1.7443341458370138,5.7117133,6,482
C1.466.87,1.7442392030319724,-5.7671857,7,466
C1.493.84,1.7433223071191408,-3.1225326,5,493
C1.491.12,1.7413942764226626,4.5320215,7,491
C1.471.159,1.7408495938747641,10.149432,7,471
C1.495.156,1.7376437943181315,-29.837181,7,495
C1.495.72,1.7374694329736902,-4.6825094,7,495
C1.493.170,1.7343643559266364,3.809067,4,493
C1.459.191,1.7288346771576208,-7.844451,5,459
C1.464.77,1.7282768599503286,9.849639,6,464
C1.488.134,1.724865819847272,10.237117,6,488
C1.468.136,1.7248386310590962,13.596891,7,468
C1.465.79,1.7234982393930218,3.6709146,6,465
C1.469.303,1.719456771622176,-13.321379,3,469
C1.451.15,1.7193256650541808,-2.9789622,6,451
C1.461.302,1.7190191448384344,-8.9452305,5,461
C1.457.96,1.7184725794852493,-19.059822,4,457
C1.482.63,1.7174088010559834,19.040462,6,482
C1.495.138,1.715726864597473,-11.456795,7,495
C1.490.141,1.7106270560447983,-7.732201,6,490
C1.495.178,1.7036699006821503,4.0555477,7,495
C1.461.319,1.7020211504394864,8.55839,5,461
C1.493.178,1.6995198937305673,13.740387,5,493
C1.476.130,1.6972017768655565,12.99328,7,476
C1.460.64,1.6962991971474577,-2.3630764,5,460
C1.493.83,1.6954375798130759,11.922808,5,493
C1.455.81,1.6951465947939055,-8.361516,6,455
C1.466.24,1.6946241835456972,-10.742261,7,466
C1.488.113,1.6926250691856912,14.869973,5,488
C1.460.21,1.6845193645843977,-41.17285,2,460
C1.467.184,1.6831109808860447,2.502864,7,467
C1.472.90,1.6827723491482016,7.3010426,6,472
C1.471.92,1.6827673498582312,26.882975,7,471
C1.466.114,1.6815610770262446,-9.428115,8,466
C1.475.68,1.6762141419805618,8.514513,6,475
C1.491.67,1.6757373754115046,-1.4038928,7,491
C1.466.138,1.6749977516190975,-1.1825771,8,466
C1.495.218,1.6745584841697292,-11.158438,7,495
C1.472.62,1.6712549875723643,-7.30631,8,472
C1.495.225,1.6647147012249093,-22.554909,7,495
C1.490.83,1.6604584872301493,-5.924753,7,490
C1.488.139,1.6604265250268087,1.435273,5,488
C1.485.52,1.6600731312426145,-8.631849,6,485
C1.490.189,1.658769002411812,-7.4404674,7,490
C1.466.152,1.6551259366604967,1.9643353,8,466
C1.460.71,1.6467434036678177,-0.048256367,5,460
C1.495.191,1.6427414118267216,-4.558195,7,495
C1.461.381,1.6413604470210366,-10.5835905,5,461
C1.493.149,1.640074379133354,11.523027,5,493
C1.460.19,1.6392754710747326,7.249284,5,460
C1.460.88,1.639148355826962,-4.668536,5,460
C1.475.53,1.6385243143946815,-10.762554,6,475
C1.475.51,1.6376019031037574,-27.676607,5,475
C1.475.60,1.6361023441039035,3.3372629,6,475
C1.486.195,1.6351998076589611,-9.716849,6,486
C1.495.44,1.6343337768020927,-23.776937,7,495
C1.476.154,1.6303988117022146,15.92287,6,476
C1.468.18,1.629647350093182,12.2555485,7,468
C1.472.82,1.627940779264008,20.764654,6,472
C1.460.75,1.627300053932606,-2.4043164,5,460
C1.466.137,1.626505763409547,-8.464952,8,466
C1.486.239,1.6258619367387541,-13.055666,6,486
C1.466.175,1.6245528969924536,1.5329604,8,466
C1.476.127,1.6241303094291055,-0.4961407,8,476
C1.476.49,1.6229588936186314,8.502723,7,476
C1.466.61,1.6226143499714865,-8.882589,8,466
C1.472.196,1.6209615914416324,4.608481,7,472
C1.455.51,1.6135600638224181,-4.5533295,5,455
C1.464.20,1.6103567565639854,5.0466394,6,464
C1.461.386,1.6096034555438885,5.39695,5,461
C1.462.75,1.6073836485163826,-7.1969604,5,462
C1.468.86,1.6071326926216023,-1.4539946,7,468
C1.495.76,1.6038277638990384,-0.5453808,7,495
C1.490.99,1.5994237202019863,-18.141113,5,490
C1.490.128,1.598042723137665,-0.21176726,7,490
C1.457.111,1.5975519422377573,5.3426723,7,457
C1.493.223,1.5974244202543573,6.1431074,5,493
C1.466.91,1.5962790377009877,-4.649752,8,466
C1.465.97,1.5950598312889153,4.573698,6,465
C1.482.149,1.5948449506253755,-4.27477,6,482
C1.488.129,1.590543703941307,22.591885,6,488
C1.475.42,1.5900337616862357,-7.5487537,6,475
C1.478.156,1.5863373826973899,15.40514,5,478
C1.488.83,1.58593723477989,8.434653,5,488
C1.455.178,1.5848497347701356,7.1236005,6,455
C1.490.142,1.5826535943348619,-1.6335387,7,490
C1.456.44,1.5800938653318108,-15.087362,6,456
C1.498.111,1.578263371249259,-1.9876587,5,498
C1.490.231,1.575545461035499,-0.60609585,7,490
C1.488.157,1.5737378147560912,-1.2737496,6,488
C1.495.47,1.566716393120417,12.549933,7,495
C1.482.50,1.5664709782578898,18.032013,6,482
C1.476.43,1.5663093499729241,-3.9461906,8,476
C1.468.138,1.5657742090224622,4.6651626,7,468
C1.469.334,1.5643349324769753,-1.2616147,4,469
C1.462.85,1.563221650100193,-6.0241003,5,462
C1.493.161,1.5620205009674824,-2.9831326,5,493
C1.493.103,1.5618107644966188,12.802187,5,493
C1.455.156,1.5577140685684152,10.501934,6,455
C1.486.190,1.5541613287763185,-12.692133,6,486
C1.495.240,1.553755163551008,-10.16678,7,495
C1.456.5,1.5527071901187195,-11.170316,5,456
C1.493.106,1.5526964061002122,11.436427,5,493
C1.488.63,1.5482095537348626,7.6717005,6,488
C1.451.11,1.5477795985032352,9.081671,6,451
C1.488.108,1.544883975802582,11.290833,5,488
C1.466.126,1.5443488801568312,10.264815,7,466
C1.478.17,1.5405024573119646,7.40196,5,478
C1.475.29,1.5331913187731305,-19.734587,6,475
C1.472.98,1.5330997121500352,1.0840648,8,472
C1.468.111,1.5314061687167722,11.748262,7,468
C1.453.124,1.5312885859709926,-2.7870164,6,453
C1.468.178,1.525007316153411,4.3825216,6,468
C1.465.98,1.524865805806033,-10.849885,6,465
C1.493.169,1.523592706533997,-1.9863726,5,493
C1.493.78,1.5228718949810967,5.5510073,5,493
C1.495.124,1.5214187258307983,-28.728895,7,495
C1.475.11,1.5209906198734204,-4.7912703,6,475
C1.489.6,1.5185119429177256,7.6740828,6,489
C1.490.232,1.518461192076959,-0.04383869,7,490
C1.490.131,1.5183248538376997,-5.3352013,6,490
C1.456.3,1.5151249381403684,-15.112512,6,456
C1.472.3,1.514829155825807,2.0322773,8,472
C1.455.7,1.5144384895753047,-7.0282497,6,455
C1.493.194,1.5136661193036216,8.44598,4,493
C1.495.93,1.5125810669922528,4.8286195,7,495
C1.455.68,1.5120597563401694,1.7104838,6,455
C1.486.248,1.511937644515528,-0.13694927,6,486
C1.466.196,1.5116251208499105,6.063885,8,466
C1.468.36,1.509813092910922,7.2197623,7,468
C1.468.149,1.509336003919704,9.647562,7,468
C1.488.72,1.5080219077931816,11.192113,5,488
C1.488.186,1.5070517565930215,12.894933,5,488
C1.495.209,1.5062733232492964,-34.31601,7,495
C1.488.77,1.502513539096958,12.121883,6,488
C1.482.118,1.5021138088676411,-5.65207,6,482
C1.465.32,1.501946633868981,2.8868978,6,465
C1.490.196,1.5013199745729204,3.2418184,7,490
C1.468.182,1.5011423972305984,19.471418,6,468
C1.468.33,1.5010914520152001,5.1865697,6,468
C1.457.98,1.4986854599642492,4.715801,7,457
C1.465.69,1.4945545504115731,2.6205478,6,465
C1.460.80,1.4938905727411511,3.356007,4,460
C1.456.10,1.4935262483974456,-7.0642285,6,456
C1.495.82,1.4935016516850506,12.969591,7,495
C1.478.12,1.49220785569888,-1.23994,5,478
C1.466.198,1.4898172233785503,0.43724787,8,466
C1.488.59,1.4867114050721917,7.3476005,6,488
C1.466.226,1.4862009542347216,2.0949228,8,466
C1.475.20,1.484004931652638,-4.2267995,5,475
C1.472.127,1.483324448456774,3.4520774,8,472
C1.478.157,1.482759252782354,12.435699,4,478
C1.488.85,1.4818148877275592,9.498767,6,488
C1.482.167,1.4799910306577138,-15.319803,6,482
C1.499.145,1.4798648672000285,-0.27373534,7,499
C1.475.135,1.4796432203158572,-5.8974705,6,475
C1.466.188,1.479505638264976,17.116121,6,466
C1.466.79,1.4788138584772317,4.0642285,6,466
C1.488.115,1.4776301850899196,-7.0023746,5,488
C1.462.127,1.4773146245134061,-3.7757604,5,462
C1.495.112,1.4772619722711242,-2.8191807,7,495
C1.477.119,1.4771130241673025,4.9832406,7,477
C1.451.78,1.475669830576212,-30.349846,6,451
C1.467.28,1.4732119972189572,9.901835,7,467
C1.495.211,1.4723302766555257,-25.475866,7,495
C1.495.74,1.4720390210743997,3.6720192,7,495
C1.475.33,1.4692072183615172,3.1036794,6,475
C1.472.149,1.468540462218929,1.7175148,8,472
C1.495.148,1.468104525047235,-27.823824,7,495
C1.473.38,1.467770639802279,-6.5799847,6,473
C1.465.53,1.4665682818336025,-10.454819,6,465
C1.466.111,1.464473201276669,3.274773,8,466
C1.461.262,1.4583544086894182,-1.2319903,5,461
C1.473.39,1.4555312906271538,-1.8277345,6,473
C1.490.280,1.4555043768122213,5.8273897,7,490
C1.491.27,1.4531847485097842,11.683036,7,491
C1.481.69,1.4530267867735547,1.4739364,4,481
C1.495.127,1.452204195810067,-7.4668956,6,495
C1.466.42,1.449724202163202,1.5044354,8,466
C1.476.268,1.4461792382295748,5.7165456,6,476
C1.471.74,1.4409514561533032,17.500832,7,471
C1.469.384,1.4393909959285378,-5.8048472,5,469
C1.460.77,1.4392430620828076,-18.995047,4,460
C1.469.307,1.436563846667922,10.385213,5,469
C1.465.111,1.4350435561561463,-9.000869,6,465
C1.472.157,1.4348594305542042,10.69564,8,472
C1.451.74,1.4319070260523488,-1.7954288,6,451
C1.466.214,1.4307740933344943,4.814773,8,466
C1.464.12,1.4240531814758766,-9.220211,6,464
C1.476.24,1.4231665959020396,5.6926703,7,476
C1.465.22,1.4203303717348388,4.235903,4,465
C1.451.59,1.420055301960854,2.6514711,6,451
C1.466.35,1.4199738608296788,-0.54265213,8,466
C1.466.96,1.4189337039291123,-1.2927221,7,466
C1.495.113,1.4095842564224115,-29.306553,7,495
C1.451.90,1.4043384923954967,10.512837,5,451
C1.495.107,1.4030602083982397,-21.978409,7,495
C1.455.31,1.401679542387825,6.9019504,6,455
C1.466.95,1.4003316516417699,-2.799077,8,466
C1.490.210,1.3995147392181664,8.022004,7,490
C1.471.63,1.3988582715866897,3.7863748,7,471
C1.472.197,1.3963567539906785,12.412954,7,472
C1.495.131,1.3933512719561683,-24.311052,7,495
C1.493.20,1.3923190976415665,-11.721192,5,493
C1.493.7,1.3911694111530273,-3.7246125,5,493
C1.451.6,1.3911203463803858,10.005637,5,451
C1.455.147,1.3904349933683453,-8.527233,6,455
C1.456.25,1.3868179025860579,-31.939615,5,456
C1.482.163,1.3848882611980544,-8.754887,6,482
C1.456.32,1.3825667939854092,-13.021628,6,456
C1.495.162,1.3804703106239602,-5.3646235,7,495
C1.495.215,1.3772790349554507,-31.487595,7,495
C1.485.69,1.3761938821893613,4.8089676,6,485
C1.473.128,1.3756537538790177,-0.8305655,7,473
C1.488.65,1.3739452274362713,8.654599,4,488
C1.472.56,1.37388866003186,12.670695,7,472
C1.493.166,1.3720013795607973,-8.07257,4,493
C1.468.150,1.3709618394610055,-2.4668233,7,468
C1.456.91,1.370562476297676,-16.273556,5,456
C1.468.204,1.3700446365731027,-4.3222804,7,468
C1.466.33,1.3692007839260274,-6.209652,8,466
C1.495.51,1.3688721285814118,6.039891,7,495
C1.475.89,1.3681997301369173,11.892743,5,475
C1.466.119,1.3678623956470282,1.6103354,8,466
C1.495.168,1.3673750882158333,-18.385494,7,495
C1.472.191,1.3646598906225054,1.8524381,7,472
C1.488.174,1.3587109522942795,-0.5383163,6,488
C1.490.215,1.3556761030686695,14.136655,5,490
C1.495.114,1.3548734240031322,1.4301907,7,495
C1.466.117,1.3540260804490547,0.011947878,8,466
C1.482.54,1.3539537393787626,-1.1405866,6,482
C1.488.208,1.3518407500396867,5.473267,6,488
C1.460.45,1.3497784983431178,7.6846237,5,460
C1.488.75,1.3489135988301475,19.604868,6,488
C1.488.104,1.347859344903447,7.824513,5,488
C1.475.44,1.3469086756378466,-7.3513536,6,475
C1.473.7,1.3466585809215434,2.0812345,7,473
C1.488.203,1.3446437226549766,-4.340367,5,488
C1.466.143,1.3432777123743027,-3.6578896,8,466
C1.466.225,1.3377424440432946,1.3717158,7,466
C1.456.31,1.3356948792719365,-13.795862,6,456
C1.457.60,1.3327410846650554,1.2040724,7,457
C1.466.110,1.3313669121406448,6.622173,8,466
C1.488.141,1.329560532063413,-1.602307,5,488
C1.493.192,1.329202409891633,-3.9507127,5,493
C1.489.54,1.3268812153253013,2.5864956,7,489
C1.467.138,1.324471892879473,-8.33615,7,467
C1.476.15,1.3233371253195108,5.817299,7,476
C1.475.86,1.317875285880664,-7.67222,6,475
C1.495.234,1.316793566601464,-12.881838,7,495
C1.451.17,1.3164865137385857,5.0853214,6,451
C1.485.89,1.3140377299319055,-9.217249,6,485
C1.456.78,1.3139784270102235,-24.690863,6,456
C1.490.229,1.313843221333459,-7.5009956,7,490
C1.495.121,1.3128596946009308,6.7538276,6,495
C1.493.119,1.3124599749699037,13.610527,5,493
C1.472.88,1.3090681307155587,6.7568607,7,472
C1.472.132,1.3068029514565551,3.4624274,8,472
C1.466.113,1.3048491790765637,-1.4934146,8,466
C1.486.199,1.3044918383579345,-13.791566,6,486
C1.475.69,1.3012877406103445,-22.229053,6,475
C1.493.117,1.3011749787160578,14.198168,5,493
C1.456.58,1.2992225846921757,-3.5220995,5,456
C1.465.95,1.2967764178499797,-11.518152,6,465
C1.469.347,1.2960507273364148,6.711073,5,469
C1.494.350,1.2957920234909752,-21.17932,5,494
C1.472.164,1.294535118688794,9.076628,8,472
C1.456.50,1.2928893793688543,-10.057228,6,456
C1.493.49,1.2909704386673924,-4.7211924,5,493
C1.486.202,1.2898255747237846,-11.519116,6,486
C1.476.20,1.2885209136127231,4.2601557,7,476
C1.488.136,1.286388050119356,-1.4322163,6,488
C1.472.68,1.28169664384959,8.892268,7,472
C1.494.337,1.2796212625164438,-15.304439,5,494
C1.486.232,1.2790385792781251,-1.9091185,5,486
C1.488.184,1.2781267099844242,10.760648,4,488
C1.472.188,1.2732796562915634,-1.9123602,8,472
C1.490.164,1.2727902201512225,-2.2557673,7,490
C1.466.84,1.2726970400453057,-2.2552521,8,466
C1.476.139,1.2720987109635,2.3013594,8,476
C1.457.123,1.2682921458614949,2.5582438,7,457
C1.472.174,1.2658776289686973,13.640402,6,472
C1.461.250,1.2646528794012002,-8.461531,4,461
C1.493.10,1.2646217333269036,6.0250883,4,493
C1.494.346,1.2642880979514488,-11.901038,5,494
C1.450.108,1.2623091029751865,10.63176,7,450
C1.472.140,1.260186638426624,-5.218248,8,472
C1.462.100,1.2596666129684586,-8.02254,5,462
C1.481.104,1.2567013552109234,12.629412,4,481
C1.460.17,1.253919418254162,-13.575756,5,460
C1.489.110,1.2526346687845673,-11.805004,7,489
C1.475.79,1.2524471815057443,1.1605295,6,475
C1.488.153,1.2511606446032,3.0777004,6,488
C1.495.71,1.250886906495835,-4.5726094,7,495
C1.488.140,1.2502608829099213,22.09745,6,488
C1.495.27,1.2497719942332122,-14.100895,6,495
C1.495.26,1.2476925718653162,3.051162,7,495
C1.476.13,1.2456904975952845,7.190413,7,476
C1.495.49,1.2454276590368483,0.17100497,7,495
C1.457.109,1.2443009658721391,-9.853399,7,457
C1.471.46,1.2401012939263865,17.94559,7,471
C1.460.50,1.2362665384890072,5.9794283,4,460
C1.466.140,1.2340098376920832,-1.7006146,8,466
C1.490.251,1.2325369689843877,-10.056701,5,490
C1.488.125,1.2322457853790139,6.74975,6,488
C1.467.2,1.2292841266444778,-11.51805,7,467
C1.493.41,1.2275035517521096,3.7311673,5,493
C1.466.174,1.227033182495429,2.5200932,6,466
C1.455.21,1.2237466307454534,-4.591216,6,455
C1.455.5,1.2222599566647183,8.395984,6,455
C1.495.116,1.2220707192351392,-26.40651,7,495
C1.493.21,1.2210455504610793,5.4720874,5,493
C1.460.49,1.2180391457861668,6.2817636,5,460
C1.466.186,1.214640243340531,1.8408979,8,466
C1.495.48,1.2131243833934615,-0.1968236,7,495
C1.495.29,1.2127497787014596,-22.270653,7,495
C1.473.75,1.212437916044846,-1.1935606,6,473
C1.471.20,1.2087989384093374,19.000517,7,471
C1.480.94,1.2058860644940097,1.0700778,5,480
C1.495.223,1.202081917902334,-12.403953,7,495
C1.495.150,1.1969188083659172,3.9627907,7,495
C1.466.197,1.195619902793412,0.26972288,8,466
C1.490.98,1.1945930483408764,1.0848185,7,490
C1.472.168,1.1933861109411605,-2.3605227,8,472
C1.495.186,1.190802898544679,-0.3118236,7,495
C1.466.223,1.187818271585873,-13.38859,8,466
C1.486.183,1.1869663689480545,-15.664932,6,486
C1.451.36,1.1868745585508884,-9.327302,5,451
C1.495.85,1.186422769722719,1.7532336,7,495
C1.462.129,1.184830330085057,1.4584796,5,462
C1.490.292,1.1845002456425364,-5.5230675,7,490
C1.482.99,1.1798795658391998,8.92788,6,482
C1.472.30,1.1798444697973856,4.0951214,6,472
C1.475.116,1.177827529805319,13.755123,5,475
C1.472.31,1.1762439350165441,-2.6106977,8,472
C1.476.212,1.1728379006068559,10.861136,7,476
C1.469.353,1.1721297828171082,2.5514352,4,469
C1.495.159,1.171409285012329,-44.53903,4,495
C1.468.211,1.1706913109161057,-11.268552,7,468
C1.455.73,1.1651705402379022,-7.828916,6,455
C1.468.115,1.1596476301111505,-12.317052,7,468
C1.457.113,1.1594584307934204,-0.85328484,7,457
C1.490.163,1.156512450933061,-12.55836,6,490
C1.495.38,1.1536715204231591,-14.254938,7,495
C1.495.164,1.1532003027287054,-13.334924,7,495
C1.462.74,1.1528512073084134,-15.456281,5,462
C1.495.59,1.1510273056419786,-9.849929,6,495
C1.462.73,1.1483550717132833,6.8045797,5,462
C1.495.160,1.1480422815197853,2.9063334,7,495
C1.465.106,1.1433811390339632,-6.8914523,6,465
C1.476.10,1.1408076977884718,0.11738448,7,476
C1.493.48,1.1404549831506061,7.3447475,5,493
C1.472.176,1.1376783997361484,6.3550773,8,472
C1.472.136,1.1375259197946015,10.966127,8,472
C1.495.197,1.1355633859011491,-15.878638,7,495
C1.490.310,1.1316295378534362,-3.6139529,7,490
C1.488.212,1.1309993981541326,10.391001,6,488
C1.488.95,1.130824883270426,10.756634,6,488
C1.490.293,1.1307336592269028,6.88839,7,490
C1.495.171,1.1292463031313462,-3.066695,7,495
C1.472.34,1.1238317901600918,-2.7408602,8,472
C1.490.184,1.1233434819268273,3.7394996,6,490
C1.493.185,1.1232428124574654,-2.5416327,5,493
C1.476.232,1.1214773324798897,8.623984,8,476
C1.488.206,1.1193635842921317,-10.571133,6,488
C1.469.339,1.1187864360414417,14.121313,5,469
C1.469.351,1.1176387872516933,1.6105103,4,469
C1.495.111,1.1143770768243846,-32.16691,7,495
C1.473.85,1.1142113461386334,-6.3896084,7,473
C1.500.182,1.1120016441793914,11.292056,7,500
C1.488.62,1.110982860351647,1.8983331,5,488
C1.495.146,1.1069549998489963,-42.9828,5,495
C1.489.15,1.1060514430295303,-3.265933,7,489
C1.488.156,1.1060386471518122,-0.7134663,6,488
C1.466.190,1.1051255824499118,-1.039657,7,466
C1.495.67,1.103286721977715,-18.486729,6,495
C1.462.91,1.1021292118754753,-4.2015805,5,462
C1.456.75,1.101190936325736,-15.660212,6,456
C1.493.98,1.1010291147491804,7.0475073,5,493
C1.450.73,1.0972877909199898,9.510474,7,450
C1.466.82,1.0968336559630054,9.832773,7,466
C1.490.93,1.093083726984361,-5.1527386,7,490
C1.495.246,1.091697126439793,-1.2758236,7,495
C1.462.80,1.0914793867904398,-7.2348604,5,462
C1.477.60,1.0900683673571843,-0.0025736103,7,477
C1.488.193,1.0900579553145453,0.94608366,6,488
C1.493.167,1.089663820964744,4.5438876,5,493
C1.460.7,1.085562929649757,-9.238457,5,460
C1.486.213,1.0819906569433555,-5.4193993,6,486
C1.462.76,1.0818632473560454,-10.03876,5,462
C1.493.12,1.078477554865984,0.9576274,5,493
C1.493.85,1.0761364602384875,-2.7739525,5,493
C1.466.108,1.0754485585429832,-5.0013146,8,466
C1.462.72,1.0731138649526335,-4.48502,5,462
C1.460.57,1.0718727580402951,-3.6969163,5,460
C1.490.237,1.0712947947632823,-3.738553,7,490
C1.455.25,1.0653745216703228,13.3234625,5,455
C1.490.76,1.0649724611911142,5.016361,7,490
C1.467.146,1.0611786612525518,-5.3290505,7,467
C1.455.193,1.0605410924843444,3.5996504,6,455
C1.461.304,1.0595230435515333,-12.29103,5,461
C1.482.136,1.0585873516212487,-0.79957837,5,482
C1.476.57,1.058043905494599,-9.460365,8,476
C1.488.187,1.05770276465112,10.855417,6,488
C1.495.86,1.0528610485491432,2.371062,7,495
C1.500.65,1.0520826197759112,10.498456,7,500
C1.461.241,1.05199963915626,-4.1175103,5,461
C1.488.201,1.05111164935897,-13.1289,6,488
C1.493.143,1.0504502614315452,21.395267,5,493
C1.495.198,1.0489938453040746,-13.03171,7,495
C1.488.80,1.0427269248870616,17.349533,6,488
C1.482.60,1.0422218341097327,-7.2881784,5,482
C1.488.215,1.0401764617193057,0.652017,6,488
C1.493.187,1.0389086180751679,-7.0179524,5,493
C1.477.194,1.0361525926445785,11.915326,7,477
C1.490.118,1.0354096994009923,3.0523043,7,490
C1.472.167,1.0345464740284815,1.9739524,7,472
C1.495.98,1.0317637250583387,8.612351,5,495
C1.473.1,1.0316949568737293,-9.604408,7,473
C1.491.87,1.0307280582989853,-6.35435,7,491
C1.467.79,1.0292622368553657,13.721103,6,467
C1.461.342,1.0273243680777109,6.9960895,5,461
C1.480.100,1.024081172782266,-4.578177,4,480
C1.495.196,1.0236749909060356,-2.3303237,7,495
C1.456.95,1.0230917261081036,-16.682278,6,456
C1.450.130,1.0214169780571611,5.098958,6,450
C1.451.32,1.0168981535638992,15.427855,6,451
C1.472.87,1.0164448669187902,9.8319645,8,472
C1.493.205,1.014560246767556,12.901148,5,493
C1.450.37,1.0135017862978188,8.944357,6,450
C1.495.100,1.012540902168828,-15.157395,7,495
C1.472.193,1.0123922363903544,-12.0186615,7,472
C1.491.11,1.0110382065476446,-7.07365,7,491
C1.476.192,1.0110196488648777,7.120347,8,476
C1.465.99,1.010567841800162,-6.899069,6,465
C1.495.214,1.0101000914923826,-40.891144,6,495
C1.490.312,1.0099226139447752,-0.93979585,7,490
C1.472.190,1.0088992089622744,11.243651,5,472
C1.473.23,1.0058197502332524,-3.20848,7,473
C1.476.119,1.0019195209905716,11.012409,8,476
C1.488.167,1.001261456926938,3.930317,6,488
C1.475.58,1.0001619970132196,-10.403787,6,475
C1.495.30,0.9995578849482463,-0.82228076,7,495
C1.495.58,0.9963577763161431,-6.8981953,7,495
C1.493.136,0.9959181429152888,13.718967,5,493
C1.486.243,0.9923814496160506,-4.0124493,6,486
C1.456.106,0.9915071822405583,-17.128712,6,456
C1.476.149,0.9890392715777234,-0.7606782,8,476
C1.477.82,0.9885256252085113,-4.717988,7,477
C1.466.202,0.9881911482800538,-15.506177,8,466
C1.460.87,0.9875438210463028,-3.5530963,5,460
C1.490.297,0.9851856698672508,-9.802466,6,490
C1.488.126,0.9809814721940848,9.803253,5,488
C1.472.125,0.9792241652536071,11.726578,8,472
C1.466.203,0.978877817198446,-6.6444397,8,466
C1.472.42,0.9754190520293045,-4.8768787,6,472
C1.475.127,0.9743305376546307,-12.267653,6,475
C1.471.6,0.9731773997105528,22.001146,7,471
C1.476.237,0.9722714200468656,4.3748093,8,476
C1.467.75,0.9655764397696895,-3.7531934,7,467
C1.488.162,0.9651703944769274,17.932835,6,488
C1.493.198,0.9643372109913078,-4.3487725,5,493
C1.490.119,0.9639406901695153,-10.643481,7,490
C1.480.34,0.9627372349202477,-2.2199821,5,480
C1.466.210,0.960853765205824,-9.823002,8,466
C1.493.191,0.96083239540076,13.418588,5,493
C1.477.37,0.9595364925491752,-0.6041022,7,477
C1.451.9,0.9589269271451337,9.009905,6,451
C1.461.326,0.958691193855536,2.7477496,5,461
C1.476.197,0.9583224356538558,-5.079195,7,476
C1.486.180,0.954559578298187,-3.1314325,6,486
C1.495.135,0.9529774206446855,-4.654638,7,495
C1.493.74,0.9514094210836823,-5.3587127,5,493
C1.495.165,0.9487127371042476,-14.523138,7,495
C1.473.116,0.9485631214930403,-6.9965796,7,473
C1.472.91,0.9462918324145697,-6.788935,8,472
C1.495.149,0.9403681701545972,-1.7025236,7,495
C1.482.111,0.9344906565958442,-1.4379784,5,482
C1.450.28,0.9323564992944915,-1.5596405,7,450
C1.472.47,0.9288741900342672,-8.696877,7,472
C1.460.30,0.9274500243825379,3.5240781,4,460
C1.494.339,0.9257925582808662,2.0774214,5,494
C1.462.87,0.9254338263518587,-4.9933004,5,462
C1.456.69,0.922078356181337,-16.917362,6,456
C1.469.355,0.9210236337491646,8.020833,5,469
C1.467.86,0.9154359117843631,6.043964,7,467
C1.462.82,0.9141366134169175,-5.3184605,5,462
C1.462.122,0.9128798406573968,-0.91822034,5,462
C1.472.59,0.9080014292849874,3.2504828,7,472
C1.456.27,0.9065214321853909,-20.340778,6,456
C1.488.150,0.9064491170578939,-8.202849,6,488
C1.495.232,0.9026933793616234,-2.8414054,6,495
C1.477.210,0.8991216167378109,12.368684,7,477
C1.493.32,0.8984934556838986,-5.411473,5,493
C1.476.74,0.8977454614567377,3.2796593,8,476
C1.472.150,0.8921570122163385,8.1454525,8,472
C1.476.128,0.8901516014171944,10.488097,8,476
C1.495.192,0.8887950036025349,3.116505,7,495
C1.472.177,0.8883743563117454,-10.518496,6,472
C1.468.160,0.8872504562389825,-5.6182375,7,468
C1.466.182,0.8857760730239119,5.266557,7,466
C1.475.38,0.8851829246335532,-11.477054,6,475
C1.467.136,0.8840585289396425,-9.665111,6,467
C1.495.208,0.8834650561045903,-40.111225,7,495
C1.472.198,0.8823912221228791,7.1831527,7,472
C1.465.89,0.8821908548379909,-6.902619,6,465
C1.488.152,0.8819878506864489,9.552833,5,488
C1.476.92,0.8804917307502365,7.3194366,7,476
C1.493.219,0.879032279902344,2.6539273,5,493
C1.462.114,0.8790193113285758,-3.1999404,5,462
C1.499.34,0.8786729652465723,11.778593,7,499
C1.466.105,0.875055357342837,-2.406527,7,466
C1.472.113,0.8724810268737315,0.4466863,6,472
C1.475.31,0.871513813635886,-10.091221,6,475
C1.460.39,0.8707102308743018,4.4064784,4,460
C1.489.10,0.8691846339012539,-0.7518339,6,489
C1.456.103,0.8679633653598138,-21.033962,6,456
C1.456.93,0.8679347942339419,-37.634727,6,456
C1.461.344,0.8643961416214843,8.494849,5,461
C1.482.185,0.8639245786640789,-2.5789366,6,482
C1.490.158,0.8610400096941984,-1.6654102,7,490
C1.485.80,0.856454796222697,10.329334,6,485
C1.461.243,0.8553239298025115,-8.151781,4,461
C1.489.17,0.8544456045748082,-12.425876,7,489
C1.460.70,0.8537332467358092,-1.8628163,5,460
C1.476.219,0.8526823233329952,6.2140093,8,476
C1.472.153,0.8510483992818907,6.3315396,8,472
C1.493.71,0.8489448511133176,-4.3358326,5,493
C1.466.221,0.8476529610002677,-0.31039762,7,466
C1.493.24,0.8437834739608611,12.520587,5,493
C1.464.16,0.8421011641862779,-2.0769773,6,464
C1.489.92,0.840635938112357,-3.0607615,7,489
C1.486.192,0.8404438833789893,3.5743673,6,486
C1.476.22,0.8401780170550645,-1.0410441,7,476
C1.488.185,0.8386506293771381,20.039892,5,488
C1.472.138,0.8373784633840398,3.8268023,8,472
C1.493.144,0.836287132752297,-7.6165924,5,493
C1.488.192,0.8256698979430882,16.279934,6,488
C1.460.8,0.8249023116716072,-17.654457,5,460
C1.472.144,0.8224224928115413,-6.460133,7,472
C1.467.157,0.8224113189430735,-0.7548362,7,467
C1.495.126,0.8213982518805055,0.76835465,6,495
C1.476.267,0.8185194366082615,-6.8838153,7,476
C1.460.65,0.8183629997024713,-4.520356,5,460
C1.486.233,0.8155192313418949,9.021805,5,486
C1.455.142,0.8065385520165738,3.5049005,6,455
C1.456.83,0.8038332433911123,-17.227528,6,456
C1.466.176,0.7983438428053315,3.1750953,7,466
C1.462.130,0.7975748194498711,-7.1417003,5,462
C1.482.141,0.7949229807406099,-7.979607,4,482
C1.489.36,0.7932655612726458,-10.032862,7,489
C1.462.59,0.7924680625420485,-10.3936405,5,462
C1.490.296,0.7924321997576131,-7.208235,6,490
C1.460.28,0.7915155630480588,4.4418216,4,460
C1.495.229,0.7865730224138471,-38.342945,6,495
C1.493.213,0.7855279503207966,-4.1945524,5,493
C1.472.60,0.785295948536079,1.7494398,7,472
C1.473.99,0.7842175824741808,-15.444423,7,473
C1.466.74,0.7834859793082967,-7.7571144,8,466
C1.472.180,0.7833654493458461,-6.837862,7,472
C1.477.23,0.7819312737931368,11.356184,7,477
C1.493.115,0.7785651642977188,-8.562845,4,493
C1.490.144,0.7771733608040362,-9.638853,7,490
C1.462.110,0.772959813244001,-8.4257,5,462
C1.472.65,0.7712659630444169,4.5566273,8,472
C1.493.190,0.7706136845393625,1.7402275,5,493
C1.477.44,0.7701695414367362,10.512541,7,477
C1.493.120,0.7685265510634885,6.9193873,5,493
C1.451.34,0.7663939901719217,12.268471,6,451
C1.451.41,0.7637083120952777,7.407988,6,451
C1.456.16,0.7636655127856545,-12.882878,6,456
C1.493.66,0.761840501522633,-0.36391258,5,493
C1.472.23,0.760732327840872,0.7032095,7,472
C1.488.89,0.7592566827042455,20.9594,6,488
C1.476.32,0.7566053409544989,8.109022,8,476
C1.489.131,0.7529973134712591,-5.1430902,7,489
C1.456.30,0.7447609319312838,-25.166729,6,456
C1.467.153,0.7405450772288222,0.51764953,7,467
C1.476.90,0.7396378651947738,-4.690275,7,476
C1.477.54,0.7379479970435645,-0.35526428,6,477
C1.495.152,0.736322325365029,-16.505766,7,495
C1.476.104,0.7358661961558298,14.803572,8,476
C1.462.136,0.7334577651124224,-7.99378,5,462
C1.481.16,0.7321299890460107,16.147211,4,481
C1.490.256,0.7307260989643469,2.0056155,6,490
C1.455.27,0.7284179409776286,-29.500517,6,455
C1.472.70,0.7275959319927084,0.80780166,6,472
C1.472.126,0.7257510245742773,-6.660985,8,472
C1.475.102,0.7194068385396823,-4.0754595,5,475
C1.466.183,0.7161840948211198,4.4708104,8,466
C1.486.182,0.7154488058722446,-8.713833,6,486
C1.477.102,0.710981841878958,8.079241,7,477
C1.451.19,0.7102233860340632,-0.16161214,6,451
C1.477.68,0.7096704418413491,11.540197,7,477
C1.455.120,0.7091120482276843,11.5507,6,455
C1.481.92,0.7089788940445966,19.180086,4,481
C1.476.21,0.7078136375499795,10.629199,7,476
C1.495.109,0.7077715863823236,1.9249763,7,495
C1.495.117,0.7039737604193687,-38.916428,6,495
C1.488.202,0.7030149776552002,-0.44699743,5,488
C1.491.36,0.7024432078189506,2.67535,6,491
C1.488.81,0.6990285872511846,3.2004337,6,488
C1.500.80,0.6957793746221715,16.058943,7,500
C1.490.58,0.6942401262646699,-8.352053,7,490
C1.473.51,0.6916177637106479,0.98706305,7,473
C1.488.124,0.6915796702907311,-3.0060496,6,488
C1.451.10,0.689686540605589,-28.767113,6,451
C1.495.122,0.6888915180601641,5.461605,7,495
C1.467.134,0.6883641631135611,-8.554351,7,467
C1.495.190,0.6860840645733776,-1.9737236,7,495
C1.495.245,0.685203951852561,-4.4835095,7,495
C1.500.68,0.6826988562030131,23.083357,4,500
C1.493.125,0.6823833834008659,5.9026012,3,493
C1.462.94,0.6814806616176163,-6.7874603,5,462
C1.462.63,0.6788218521345004,-11.72622,5,462
C1.476.39,0.6782460120106474,16.588642,6,476
C1.495.238,0.6723314124073817,-30.741396,6,495
C1.466.200,0.6708707606152093,2.369948,8,466
C1.471.111,0.6693505887261505,19.722488,7,471
C1.482.147,0.6686541038879684,-0.8520533,6,482
C1.482.186,0.6648695664970296,-8.715538,4,482
C1.461.221,0.6648428258887291,-0.27518108,4,461
C1.475.55,0.6644415600424678,-4.9758706,6,475
C1.460.35,0.6635080782547451,11.540664,5,460
C1.456.84,0.6592030070208014,-18.822811,6,456
C1.450.18,0.6571636096834268,3.5698738,7,450
C1.495.151,0.6559667787511366,5.124405,7,495
C1.455.119,0.6546059138868106,-8.1793165,6,455
C1.490.102,0.6541020610230487,-1.6564815,7,490
C1.488.120,0.6506369947408162,11.815513,5,488
C1.455.149,0.650484725324636,-1.9836996,6,455
C1.475.9,0.6500305968502024,-8.349718,5,475
C1.476.94,0.6495582753400734,4.9555717,8,476
C1.493.130,0.648116345264942,-1.8952925,5,493
C1.477.25,0.6477054235468684,3.815212,7,477
C1.467.196,0.6476582377764201,2.7947924,7,467
C1.462.107,0.6435371550203393,-11.46924,5,462
C1.472.41,0.6423623413553187,1.9563773,8,472
C1.466.141,0.6415090954095486,-2.714102,8,466
C1.488.56,0.6372743497449789,7.5988,6,488
C1.469.354,0.631223273187278,-2.137047,5,469
C1.495.169,0.6300277381939376,-5.943552,7,495
C1.455.159,0.6294944064898456,-5.2191663,6,455
C1.476.6,0.6279959827302144,-0.3570441,7,476
C1.493.91,0.6253487864119397,3.9495275,5,493
C1.490.114,0.623389190836023,-0.2601101,7,490
C1.488.190,0.6213569903366439,4.136467,6,488
C1.495.25,0.6211681614528366,-42.533466,7,495
C1.467.151,0.6204843325500057,-1.972922,7,467
C1.473.44,0.6173200995375587,-14.495766,7,473
C1.451.20,0.6153322121031173,13.997988,6,451
C1.493.3,0.610919568154616,2.1506674,5,493
C1.450.53,0.6078964337712316,13.116202,7,450
C1.457.133,0.6037977886350178,-2.3007991,7,457
C1.500.53,0.5984550991263773,19.255732,6,500
C1.493.164,0.5984011452103974,-3.1226726,5,493
C1.466.102,0.5975066308795067,-8.19419,8,466
C1.489.134,0.5968852326998401,17.93358,7,489
C1.455.163,0.5949633367381066,9.738117,6,455
C1.489.117,0.5940358938247822,-16.165302,6,489
C1.490.129,0.5913230321980419,2.858347,7,490
C1.462.64,0.5871704488540981,-11.545561,5,462
C1.467.46,0.585674707981334,1.2310638,7,467
C1.467.93,0.5819986872681022,6.8982353,7,467
C1.478.151,0.5816846925052097,8.93294,5,478
C1.493.104,0.5801205352043839,6.3215675,5,493
C1.495.103,0.5794882516168853,-4.052438,7,495
C1.477.86,0.5691852424528254,-0.0931879,7,477
C1.467.150,0.5682907403651924,-4.5216217,7,467
C1.476.53,0.5682354202689337,-6.8485155,8,476
C1.477.80,0.5672867557958159,1.713755,7,477
C1.498.110,0.5645523198698207,-0.9813587,5,498
C1.488.161,0.5644955366317147,33.16194,5,488
C1.467.174,0.5619851018789447,7.160464,7,467
C1.476.83,0.5612686270025102,7.126459,8,476
C1.495.239,0.5596979513914072,2.1374192,7,495
C1.495.40,0.5587539108310869,-14.66897,5,495
C1.471.94,0.5582768650373813,21.77719,6,471
C1.455.39,0.5549716174052945,-3.3590496,6,455
C1.482.137,0.5544601610778125,3.19443,6,482
C1.465.63,0.5543110753320775,6.7368813,6,465
C1.472.8,0.553315396232348,-0.6375602,8,472
C1.460.43,0.5463656375630543,9.659143,5,460
C1.475.122,0.5461273376849589,-6.522487,6,475
C1.472.155,0.5439944716592856,-15.322433,7,472
C1.488.168,0.5381854378193303,11.601167,6,488
C1.476.265,0.533681893343303,-5.8039584,7,476
C1.472.85,0.5336614654135016,10.431952,8,472
C1.450.115,0.5334066730506744,2.7021875,6,450
C1.456.68,0.5288213747551461,-16.122894,6,456
C1.489.40,0.5277059760271575,-22.576445,5,489
C1.490.271,0.526227491012333,2.9782124,5,490
C1.451.61,0.5226040992117786,5.37532,5,451
C1.472.186,0.5221319094989095,2.5509274,8,472
C1.455.111,0.520900238160851,2.4466338,6,455
C1.456.54,0.5202054935871443,-5.699995,6,456
C1.486.216,0.5198552813355497,-18.409416,6,486
C1.482.79,0.5149241001101766,-10.421886,6,482
C1.462.137,0.5143015078686612,-2.8109004,5,462
C1.466.106,0.5127347631551704,-5.81339,8,466
C1.488.135,0.512555196107626,-0.14969964,6,488
C1.462.120,0.5105679829460494,-5.2135606,5,462
C1.476.108,0.5101182903722927,3.9237468,8,476
C1.472.95,0.509618674120677,4.8449273,8,472
C1.472.96,0.5092933860666324,1.5933022,8,472
C1.477.20,0.509251610583729,-6.767088,7,477
C1.450.105,0.5084618767302791,16.502375,7,450
C1.482.183,0.5077000027643294,2.9820633,6,482
C1.451.37,0.5074532028709653,1.1862545,6,451
C1.495.166,0.5071624949722472,-0.9461386,6,495
C1.469.356,0.5059715632543514,1.2553103,4,469
C1.488.131,0.505268374201771,-5.5684175,5,488
C1.462.99,0.5051193295560586,-10.62248,5,462
C1.488.96,0.5041665767129724,13.250267,6,488
C1.451.18,0.5003321071072803,5.9765544,6,451
C1.490.67,0.49775100210349854,3.2282898,7,490
C1.477.107,0.49772881104554223,-0.9948736,7,477
C1.495.167,0.49562801705576043,7.462705,7,495
C1.488.159,0.49536371554447567,7.063867,6,488
C1.476.195,0.4948856978411431,-0.5165391,6,476
C1.488.66,0.49481654928909946,15.067867,6,488
C1.456.104,0.49341850938298315,-11.110945,6,456
C1.500.83,0.4903241627666568,9.783728,7,500
C1.495.157,0.48974656490718627,-14.901081,7,495
C1.460.74,0.48786111504058416,-25.178896,4,460
C1.451.48,0.48734802080682116,-6.453812,6,451
C1.476.59,0.4869728743047803,-5.2619405,8,476
C1.472.185,0.4850713514341335,-16.463997,8,472
C1.467.6,0.4844066030511134,8.134635,7,467
C1.467.123,0.4826774902280694,-2.381279,7,467
C1.488.143,0.48205417123939776,-0.7397663,6,488
C1.493.61,0.4814217858136127,4.890507,5,493
C1.472.192,0.4808405221418013,7.474697,7,472
C1.482.146,0.4746098130871822,10.294521,5,482
C1.460.60,0.4741065873746637,15.4120035,4,460
C1.456.77,0.4711012202083227,-9.809011,6,456
C1.489.9,0.4700956520642262,-3.979836,6,489
C1.495.243,0.4667931776315267,-26.155281,7,495
C1.462.124,0.4620884289022871,-10.952761,5,462
C1.476.11,0.4606170819065185,-3.574787,7,476
C1.485.51,0.4571031471207241,3.5968008,6,485
C1.456.74,0.4569729337538666,-27.990578,6,456
C1.472.84,0.45696271167218916,4.0297523,8,472
C1.490.263,0.45491783602199776,-11.058538,7,490
C1.476.142,0.45321876420529317,2.6316218,8,476
C1.466.49,0.44549204966165257,-5.3712144,8,466
C1.495.129,0.4431425891352002,3.1201212,6,495
C1.472.25,0.44242492231080344,-4.640085,8,472
C1.455.138,0.4419538888970307,10.647567,6,455
C1.456.6,0.44103423600937863,-7.006216,5,456
C1.455.169,0.43855347882746365,12.446517,6,455
C1.490.175,0.4367821672616814,2.9722755,7,490
C1.490.92,0.4341413602190636,-10.601153,7,490
C1.488.73,0.4326386163285505,3.811467,6,488
C1.472.117,0.4324969031343081,-0.16767271,8,472
C1.467.12,0.4291633527207699,-2.0063934,7,467
C1.476.91,0.42908130523728405,1.8783218,8,476
C1.472.49,0.42833500636093813,7.23194,7,472
C1.472.101,0.42685297334186123,6.4624953,7,472
C1.472.55,0.4250938005895152,12.842332,6,472
C1.472.46,0.4244915910601196,-12.2121315,7,472
C1.500.157,0.42368019899274,1.5641649,6,500
C1.495.80,0.42285920194937554,3.9977336,7,495
C1.489.120,0.4225693694034399,4.2543526,7,489
C1.499.45,0.4209658898227703,5.650339,6,499
C1.475.45,0.42039216918509414,2.0379462,6,475
C1.486.188,0.41957942085595634,-16.155083,6,486
C1.489.60,0.4158655438724119,9.036982,6,489
C1.481.34,0.41202784623937383,8.891486,4,481
C1.455.90,0.41170557211603187,0.96479946,5,455
C1.469.331,0.41155986329144056,9.051593,5,469
C1.472.166,0.4097874755965659,-10.1132,6,472
C1.482.104,0.4063211012881838,6.697201,5,482
C1.451.56,0.40483250928814873,2.4876213,6,451
C1.493.51,0.4010100688277508,0.93096745,5,493
C1.466.34,0.4000780239420966,-4.130705,7,466
C1.457.122,0.3991626840401582,13.272,6,457
C1.462.126,0.3972151117807108,-4.1675205,5,462
C1.481.91,0.39717044180211636,2.8270113,4,481
C1.466.23,0.393173014480497,4.8263636,7,466
C1.466.130,0.39227289860019376,-0.4856896,8,466
C1.456.49,0.39127604783563175,-17.524176,5,456
C1.476.101,0.39000471142222426,11.648325,7,476
C1.493.147,0.38706981025813514,7.5692835,3,493
C1.451.71,0.38440826229493463,-2.5872955,6,451
C1.462.132,0.3823758273453597,-24.61984,5,462
C1.466.164,0.3818305512922541,-5.756877,8,466
C1.450.20,0.3810422499110284,12.162803,7,450
C1.493.56,0.3799928136531934,-15.877752,5,493
C1.457.137,0.37940677558849023,-2.6174705,7,457
C1.464.27,0.3784357186495666,-2.4464273,6,464
C1.493.105,0.3765168406649365,-4.5359325,5,493
C1.493.62,0.37465978439688086,0.7825874,5,493
C1.472.165,0.37147690535839184,-2.5847883,5,472
C1.495.99,0.37136889436966336,-4.0868664,7,495
C1.466.101,0.37107598566524647,-7.470477,8,466
C1.489.78,0.36831966911260006,-3.0803187,7,489
C1.495.108,0.3680661771643775,-0.9841522,7,495
C1.477.72,0.3595723481173153,1.5925121,7,477
C1.481.139,0.35927708890356025,10.569761,4,481
C1.450.170,0.3588302948384049,4.472724,6,450
C1.489.147,0.35848188233042666,-18.638945,5,489
C1.488.207,0.3579952651479231,1.098467,6,488
C1.495.177,0.3572996867196543,9.900933,7,495
C1.493.86,0.35729678001274523,18.129908,5,493
C1.488.175,0.3531948962963518,18.02635,6,488
C1.490.255,0.35166601141543063,1.342047,7,490
C1.482.174,0.34960861136636,0.97490096,5,482
C1.486.252,0.3466351668686408,-18.101732,6,486
C1.469.348,0.3462612571783382,6.1171603,4,469
C1.462.125,0.3383099708611599,-5.7137604,5,462
C1.451.22,0.337206038786938,-7.5946956,6,451
C1.451.44,0.33440702196684513,20.812788,6,451
C1.468.100,0.32880422613354765,0.41174817,7,468
C1.488.147,0.3166142111341166,7.845167,6,488
C1.493.197,0.3137289781291187,-7.4597526,5,493
C1.465.33,0.3130372949184328,-14.910969,6,465
C1.477.142,0.31259917511723445,1.6950837,6,477
C1.467.207,0.31250747325572814,-1.6408505,7,467
C1.493.209,0.31238505376647663,2.3528674,5,493
C1.466.52,0.3098776713871899,-9.185085,7,466
C1.493.100,0.30731543016894847,7.1440673,5,493
C1.466.135,0.3071431997020231,-9.528127,7,466
C1.493.33,0.30670255069863206,11.073068,5,493
C1.472.158,0.3037267671569883,-4.6113853,8,472
C1.489.112,0.3022922693894341,0.5533527,7,489
C1.489.53,0.3005566795001382,1.4474099,7,489
C1.495.231,0.29930348436493903,1.9886621,7,495
C1.455.1,0.29785171997183446,-17.153967,6,455
C1.482.30,0.29781677477918145,-4.026511,5,482
C1.472.83,0.2968219513428004,-10.105823,8,472
C1.500.102,0.2935833576167408,12.7701845,7,500
C1.500.100,0.29311857871515656,-18.033916,6,500
C1.490.238,0.29289497106444495,14.46244,6,490
C1.499.67,0.29123940745884,8.438879,7,499
C1.457.53,0.28973173479671577,-4.570942,7,457
C1.493.73,0.28906749999545456,5.0110474,5,493
C1.488.84,0.2862754583971526,-7.080883,6,488
C1.455.40,0.28291247179549384,10.665833,6,455
C1.472.143,0.2824844583998275,-1.0635102,8,472
C1.451.16,0.2758314993074037,1.9335545,6,451
C1.488.93,0.27526970566974995,15.448483,6,488
C1.472.195,0.2750556736391363,6.2553773,8,472
C1.475.75,0.2743134542165092,4.8515964,6,475
C1.455.174,0.27404628528731945,6.3801594,5,455
C1.488.144,0.27064996332872915,5.677017,6,488
C1.500.37,0.27017767839696993,6.546024,6,500
C1.467.84,0.266793487496109,-4.691979,7,467
C1.451.79,0.2616658103366988,-3.7578955,6,451
C1.473.22,0.25916580320193516,-13.264508,7,473
C1.475.71,0.25791643083026916,-2.3899872,6,475
C1.469.373,0.25547546454137193,-0.8702281,4,469
C1.462.112,0.2516007542983909,-9.55294,5,462
C1.494.335,0.25101580150013236,-43.778873,4,494
C1.462.131,0.24864413437471097,-12.197941,5,462
C1.462.97,0.2480710020665214,-16.679,5,462
C1.476.253,0.24749991042238054,-2.670487,7,476
C1.490.68,0.24628242884257248,-5.041682,7,490
C1.495.73,0.24296404536029245,2.809778,6,495
C1.472.160,0.23723803829671228,-10.864832,7,472
C1.472.200,0.2312064852849118,-2.3345172,7,472
C1.489.75,0.22826173794384688,-13.272061,7,489
C1.482.67,0.22796845881312613,8.271882,5,482
C1.467.16,0.22517638532559206,-1.650979,7,467
C1.493.82,0.22468392576492593,2.7557874,5,493
C1.495.222,0.21622718092754498,4.4029045,6,495
C1.485.74,0.2127719293588615,-3.9357326,6,485
C1.451.25,0.21087644795987284,-8.775512,6,451
C1.493.52,0.20968492474840175,11.892227,5,493
C1.488.158,0.2063453246318884,17.194433,6,488
C1.450.106,0.20351059080720715,5.7170024,7,450
C1.451.60,0.20204580516896628,4.3760214,6,451
C1.495.101,0.19696667923573039,1.828088,6,495
C1.488.146,0.195672549270372,19.932817,6,488
C1.493.157,0.1901789022382561,17.353628,5,493
C1.466.181,0.18304385129400333,3.1685915,6,466
C1.472.173,0.18236602425528062,-10.566144,7,472
C1.456.92,0.17765412952158446,-16.434616,5,456
C1.493.15,0.17435770560853828,0.98534745,5,493
C1.488.106,0.17189373442170233,14.081167,6,488
C1.451.26,0.16839082145258336,2.7692213,6,451
C1.462.117,0.16602359069408998,-16.33282,5,462
C1.499.15,0.1653998897188165,6.539134,6,499
C1.457.92,0.15915442752748996,-6.931833,6,457
C1.472.170,0.1572441649566981,4.02699,8,472
C1.456.71,0.15426782479354603,-11.719461,6,456
C1.457.101,0.15279578564860088,5.245001,7,457
C1.457.81,0.1512357401118192,3.782958,7,457
C1.493.70,0.1505910750063135,-3.4020126,5,493
C1.489.114,0.14976855724115037,11.598019,6,489
C1.489.84,0.14924124046829515,-0.9534187,7,489
C1.472.92,0.1465422310215377,-12.469617,7,472
C1.499.116,0.14125877271088158,1.077736,7,499
C1.493.199,0.14097722789882486,10.182907,5,493
C1.488.182,0.1400876193911024,2.6366003,6,488
C1.493.124,0.13755531181780747,-8.092213,5,493
C1.493.45,0.13571998880266403,-1.5983926,5,493
C1.488.130,0.13563471746330877,-0.75544965,6,488
C1.476.76,0.1354579748505413,-6.1736035,7,476
C1.467.124,0.13472589379926111,1.2435092,6,467
C1.489.93,0.1347140628063174,2.1265671,7,489
C1.462.142,0.1336315316246036,-11.70952,5,462
C1.488.57,0.1325992372284369,15.012517,6,488
C1.495.187,0.13126936695849503,-25.415096,6,495
C1.476.30,0.12649511377040293,-0.6265782,8,476
C1.469.387,0.12587037282280764,2.866613,5,469
C1.488.55,0.12527660643269514,3.240967,6,488
C1.466.121,0.12394892094097856,-2.8318021,8,466
C1.482.97,0.12264802172840841,18.736797,6,482
C1.456.89,0.12224163368705124,-10.011911,6,456
C1.495.158,0.12038383981798242,-9.701766,7,495
C1.481.102,0.12008090443220207,-8.842764,4,481
C1.477.85,0.11903229588684458,16.967945,5,477
C1.490.180,0.11400421264313951,12.405499,6,490
C1.466.73,0.11286476067425302,-7.145202,8,466
C1.489.68,0.10858573034525373,1.7887242,7,489
C1.493.54,0.10733204675980004,4.5124073,5,493
C1.499.102,0.10294481877643039,4.654593,7,499
C1.462.98,0.09745342250421204,-23.3081,5,462
C1.486.201,0.09437998120627344,-9.483699,6,486
C1.475.23,0.09155923214797909,-5.636987,6,475
C1.467.102,0.0884227393582849,-2.070622,7,467
C1.482.36,0.08386715310225284,5.123162,5,482
C1.489.103,0.08197582576366252,-10.992533,7,489
C1.493.216,0.07986362615951584,0.02810742,5,493
C1.455.118,0.078634397860606,15.541368,6,455
C1.451.29,0.07707015145036925,-13.825579,6,451
C1.466.201,0.07686714262689873,6.916523,8,466
C1.482.95,0.07612393549571597,5.7505136,6,482
C1.473.126,0.0743373734496435,1.1459774,7,473
C1.472.43,0.0737913389478752,-0.5479619,7,472
C1.482.53,0.0724226621724805,8.035581,5,482
C1.492.211,0.07015239518289576,-4.077868,6,492
C1.488.107,0.0695050132207225,17.37805,6,488
C1.466.58,0.06901251142455803,1.8092353,8,466
C1.488.76,0.06450670231631428,-15.014211,3,488
C1.477.205,0.06259023984151582,10.299812,7,477
C1.500.64,0.06130144423579048,1.0805705,7,500
C1.451.69,0.05952699032398226,-4.971079,6,451
C1.482.81,0.05661709381333599,-3.1998532,6,482
C1.477.192,0.055899019908559194,8.353888,6,477
C1.462.83,0.05184090495049962,-19.2863,5,462
C1.460.72,0.05109340292572698,-17.489016,5,460
C1.476.151,0.050748889170660255,-0.8277782,8,476
C1.495.119,0.048853231297670746,-28.679852,7,495
C1.488.178,0.04750199311146813,18.044968,6,488
C1.489.26,0.04734328560104356,3.8386385,7,489
C1.466.59,0.04730111087442648,-3.8320022,8,466
C1.472.161,0.04543120367750636,10.9874525,8,472
C1.467.48,0.04279314833491174,3.8231065,7,467
C1.466.148,0.042047805447749415,-9.0041275,8,466
C1.489.111,0.041211781804160574,-20.089067,6,489
C1.476.86,0.04063035541606366,8.082193,7,476
C1.495.185,0.03985066053931821,-2.2565522,7,495
C1.495.54,0.039378044301791065,-3.267395,7,495
C1.451.42,0.03709502434449688,-9.682679,6,451
C1.451.3,0.03658336490845707,9.118488,6,451
C1.451.89,0.035093588369137146,11.066571,6,451
C1.461.356,0.0336962882406113,-0.9437303,5,461
C1.461.257,0.02977899307215706,-6.4641905,5,461
C1.462.108,0.02914400249800994,-14.6694,5,462
C1.489.140,0.028259687311812998,-3.6021616,7,489
C1.495.39,0.027346914656877025,-0.81798863,6,495
C1.476.63,0.02679174222074962,8.366684,8,476
C1.472.77,0.025951880375321368,-21.852547,7,472
C1.500.132,0.02457328142686313,1.3744991,7,500
C1.451.35,0.02279423236252051,-4.8363786,6,451
C1.472.120,0.019499756803413648,17.705927,8,472
C1.469.317,0.019277183171217044,12.519173,5,469
C1.500.105,0.0189871260032638,11.464742,7,500
C1.476.262,0.017208099154293527,7.4647593,6,476
C1.500.124,0.0146755377936294,7.0199275,7,500
C1.481.97,0.013732133450199802,-2.8288136,4,481
C1.461.309,0.0136325833859606,8.78175,5,461
C1.472.151,0.011859456715389016,14.275852,8,472
C1.472.15,0.00940759714699857,2.6591897,8,472
C1.499.13,0.0081049305246024,9.127322,7,499
C1.500.128,0.008083681487111,13.329424,6,500
C1.477.156,0.006065921265084623,3.7667692,7,477
C1.488.209,0.0037439931497758594,17.339933,6,488
C1.489.129,0.002153909358154238,8.779824,7,489
C1.488.49,0.0016908696490724462,5.8414335,6,488
C1.472.105,-0.0003471214618928631,1.6743098,7,472
C1.466.187,-0.0006485593013808855,10.596559,7,466
C1.455.189,-0.005722708804402898,0.5091338,6,455
C1.493.19,-0.006275780721526736,2.8919075,5,493
C1.489.146,-0.008582938049723099,-5.8403616,7,489
C1.467.205,-0.008606632595942632,11.443521,7,467
C1.472.129,-0.009161680867888156,8.64929,8,472
C1.462.143,-0.009481846950986444,-7.9941206,5,462
C1.476.116,-0.011965322590176436,1.9143593,8,476
C1.450.100,-0.012121965733866147,8.999774,7,450
C1.488.87,-0.014885201237278739,16.513866,6,488
C1.489.144,-0.015861672983104647,-17.872261,7,489
C1.451.5,-0.017665110455318295,-1.0936621,6,451
C1.475.67,-0.017842690519291743,7.2318296,6,475
C1.467.209,-0.018066078510262124,1.7345923,7,467
C1.477.122,-0.01849642330775328,0.82600385,6,477
C1.495.62,-0.018787077376508338,-9.03738,6,495
C1.493.11,-0.02022879213644041,-0.03615258,5,493
C1.493.150,-0.024128483785380378,4.2133875,5,493
C1.489.83,-0.026308091775439968,-2.833376,7,489
C1.467.190,-0.02695630115239142,9.030864,7,467
C1.471.140,-0.029356896110456526,24.513893,5,471
C1.456.115,-0.03016544898051167,-16.921228,6,456
C1.462.68,-0.0344005270136178,-8.05962,5,462
C1.500.153,-0.03875113243477586,11.960056,7,500
C1.488.86,-0.040883220188710656,1.7136731,5,488
C1.486.184,-0.04460442238197379,-14.883999,6,486
C1.477.3,-0.04558451810462799,-9.5069685,6,477
C1.476.230,-0.04740607881993733,0.8101843,8,476
C1.451.85,-0.04742858078526478,2.9903176,5,451
C1.462.128,-0.04779060502391856,-13.78946,5,462
C1.451.30,-0.04797924437097548,-16.179178,6,451
C1.472.24,-0.04871277340247822,-3.9383905,7,472
C1.472.189,-0.04964177230676649,1.723097,7,472
C1.488.171,-0.05054521537720741,9.4122505,6,488
C1.500.121,-0.052808013457496486,18.836224,6,500
C1.451.72,-0.055432737386492695,3.6457713,6,451
C1.460.37,-0.0561777922888224,-2.6837785,4,460
C1.488.195,-0.05860529218459051,1.0230503,6,488
C1.481.135,-0.06022266283028918,9.597411,4,481
C1.462.141,-0.06076132692410051,-6.1243606,5,462
C1.500.122,-0.06377460703064537,5.620456,7,500
C1.489.88,-0.06411210879113866,-4.55689,7,489
C1.466.133,-0.06434415462350461,10.006323,8,466
C1.493.30,-0.0688934614943368,-12.958053,5,493
C1.462.123,-0.07147786534597696,-3.3224804,5,462
C1.472.64,-0.0736334710496562,12.444383,7,472
C1.489.32,-0.07392156866112383,0.15772417,7,489
C1.455.175,-0.07562493588317651,2.3472004,6,455
C1.488.119,-0.07705986670215009,9.660793,5,488
C1.450.120,-0.07775820087534743,3.7176738,7,450
C1.477.136,-0.07891130733142918,6.570212,7,477
C1.467.52,-0.08023161973353547,12.285164,7,467
C1.456.1,-0.08154996132789669,-32.776028,6,456
C1.489.119,-0.08309885840503145,6.5222096,7,489
C1.488.163,-0.08432865278851936,8.968639,4,488
C1.476.255,-0.08525482371879287,2.702659,6,476
C1.451.66,-0.08746927014574377,-15.171029,6,451
C1.493.35,-0.08749536022741594,8.639387,5,493
C1.493.36,-0.09098299111037755,7.699055,4,493
C1.477.235,-0.09382262405865863,2.003287,6,477
C1.482.38,-0.09680462578031208,0.9239687,5,482
C1.495.123,-0.10085358197191116,-6.0197663,7,495
C1.456.57,-0.10152584838838916,-20.883179,6,456
C1.495.118,-0.10539733365913082,3.3750336,7,495
C1.490.117,-0.10634896562545543,-1.9604101,7,490
C1.462.69,-0.10821798014898418,-8.43636,5,462
C1.476.66,-0.10925249822455432,-4.596191,8,476
C1.455.36,-0.11097951692281649,-5.768266,6,455
C1.477.188,-0.11330768465881816,-1.3356451,7,477
C1.499.53,-0.11339481915634497,1.9392933,7,499
C1.456.67,-0.11423204976689452,-21.140728,6,456
C1.499.174,-0.11525729984987582,-11.175121,7,499
C1.495.31,-0.11751867496748124,-16.422138,7,495
C1.482.80,-0.11766485400891509,-1.9684533,6,482
C1.469.381,-0.11779285131113215,9.150153,5,469
C1.495.89,-0.12083452624006172,3.9875622,7,495
C1.499.146,-0.12162285895624564,10.748568,6,499
C1.472.75,-0.1231933503624372,6.7172685,6,472
C1.499.156,-0.1244986689706376,2.0332932,7,499
C1.476.188,-0.12500097231049775,9.197784,8,476
C1.450.32,-0.127601869300127,7.8108735,7,450
C1.495.102,-0.1292024136942222,4.639261,6,495
C1.471.62,-0.13389340350124584,7.284346,7,471
C1.490.281,-0.13819233958034752,-4.6831245,7,490
C1.488.98,-0.1429313745593986,12.9059,6,488
C1.482.34,-0.1449519834132868,16.12073,6,482
C1.462.139,-0.14569127135955484,-16.37768,5,462
C1.495.143,-0.14663891517046165,10.816977,7,495
C1.455.4,-0.14849767354521426,-5.5580664,6,455
C1.455.16,-0.1492481052017114,-18.668667,6,455
C1.466.171,-0.15138370122721545,-6.5909147,8,466
C1.490.270,-0.15215424958300197,-6.656268,6,490
C1.476.222,-0.15269399667436012,9.601709,8,476
C1.482.103,-0.15416673063295316,14.008797,6,482
C1.490.244,-0.16128748202359858,-1.9965999,5,490
C1.500.183,-0.16149014662611896,12.245357,7,500
C1.499.135,-0.16218522675083052,2.667279,7,499
C1.499.29,-0.16794136218461497,-8.334935,7,499
C1.486.217,-0.1687019515797004,-11.942299,6,486
C1.499.35,-0.16991651065851343,3.5375648,7,499
C1.467.62,-0.17526459469056735,-6.1849504,7,467
C1.476.235,-0.1767035282483202,-5.327191,8,476
C1.494.324,-0.18257183290463797,-20.412638,5,494
C1.476.244,-0.18385322802799714,-3.1614907,8,476
C1.473.47,-0.18610934950485933,-10.421077,6,473
C1.473.21,-0.18657024530189556,-11.973393,6,473
C1.472.184,-0.19172042124702515,6.6902685,7,472
C1.472.40,-0.1918121155770468,0.28963062,7,472
C1.462.105,-0.19234314365127075,1.9970196,5,462
C1.466.216,-0.19271897886324935,-0.11795263,7,466
C1.494.283,-0.1963452859013114,-23.557299,5,494
C1.455.2,-0.19651811254794221,11.234633,6,455
C1.451.67,-0.197251402715665,1.4808378,6,451
C1.486.246,-0.19782702207199487,-9.009566,6,486
C1.451.51,-0.1993900448051228,-6.295629,6,451
C1.493.108,-0.19957192468215995,-2.8221326,5,493
C1.500.125,-0.20163316598940725,-2.5515866,7,500
C1.462.144,-0.2037945660298764,-18.6336,5,462
C1.495.88,-0.20665445680819944,-3.5846665,7,495
C1.476.172,-0.20865848628845154,11.241126,6,476
C1.482.168,-0.20870769607018724,6.66508,6,482
C1.489.66,-0.20880944985664474,7.042896,7,489
C1.476.84,-0.21256307372025668,1.1227843,8,476
C1.450.30,-0.21286332797957366,21.147945,7,450
C1.455.124,-0.21468154255222527,6.270417,6,455
C1.481.24,-0.21511555374371538,6.9463615,4,481
C1.473.137,-0.22200351951514127,-3.419194,6,473
C1.490.264,-0.22489245308390599,-10.25601,7,490
C1.467.21,-0.2271693731341176,-2.5948935,7,467
C1.481.30,-0.22799857852653813,13.256661,4,481
C1.477.145,-0.23353391189554834,7.036052,6,477
C1.476.5,-0.23353555882124571,2.813913,7,476
C1.462.109,-0.23461794623923415,-10.0305605,5,462
C1.500.111,-0.23658227630554302,-4.190658,7,500
C1.451.13,-0.2369043313035501,-6.393429,6,451
C1.456.60,-0.2373335364148183,-21.649496,6,456
C1.466.15,-0.23838526205756078,-5.9699273,8,466
C1.472.10,-0.23936303911616832,4.087477,8,472
C1.490.90,-0.2402427859095529,-6.2636437,6,490
C1.472.130,-0.24054683714057654,5.513267,7,472
C1.469.305,-0.24242789361329664,-19.956926,5,469
C1.457.52,-0.24545304367702064,-2.2306564,7,457
C1.489.29,-0.2461803672986957,12.66411,7,489
C1.462.134,-0.2533295635523048,-16.25348,5,462
C1.477.117,-0.25375421554485905,6.830612,7,477
C1.495.241,-0.25447108255998824,5.3917193,7,495
C1.456.35,-0.25507735212577265,-14.052662,6,456
C1.481.134,-0.2551734553833547,5.9238114,4,481
C1.489.124,-0.25837994300525174,3.5070813,7,489
C1.477.164,-0.2602445288211065,-9.869602,7,477
C1.471.95,-0.2631008267091488,3.5506034,7,471
C1.472.102,-0.2666417992696435,-4.7601104,8,472
C1.472.121,-0.2678364392280619,-0.2894227,8,472
C1.489.139,-0.2689094102126998,-5.30879,7,489
C1.495.210,-0.2692260628586437,-10.011766,7,495
C1.485.58,-0.2693370874090125,-9.539499,6,485
C1.489.43,-0.2725766511458869,4.5699143,6,489
C1.476.29,-0.27491729903642026,-4.8216157,8,476
C1.467.156,-0.27527155200109266,1.3441495,7,467
C1.500.45,-0.2767940292882875,18.462784,7,500
C1.451.45,-0.2783828706990551,18.543055,6,451
C1.456.81,-0.28037585935373766,-32.164413,6,456
C1.482.125,-0.2822003442410208,-22.840586,6,482
C1.461.232,-0.2831124690648429,-9.750131,5,461
C1.477.153,-0.2852745128701609,-4.4893737,7,477
C1.482.176,-0.2867329078876518,-44.340805,3,482
C1.495.24,-0.2942568556664528,0.54693353,7,495
C1.472.141,-0.2951891671269742,-17.344126,5,472
C1.472.119,-0.2953556558560957,-12.085635,8,472
C1.482.124,-0.2962347009793703,8.73908,6,482
C1.486.211,-0.29709428388287246,6.617901,6,486
C1.495.55,-0.2972328104643877,-8.177909,7,495
C1.469.352,-0.29774363554801797,6.8833327,5,469
C1.490.209,-0.29847051728662227,-4.676322,6,490
C1.489.74,-0.29961792821806355,1.5656384,7,489
C1.466.77,-0.30013818722228025,-6.9645147,8,466
C1.450.19,-0.3009339068815581,0.9857166,7,450
C1.465.57,-0.30304405993964656,-14.539944,5,465
C1.469.342,-0.3057877986828703,8.141473,5,469
C1.499.155,-0.3088404139014169,9.124417,6,499
C1.489.1,-0.30998215052314393,-12.082019,7,489
C1.477.75,-0.310074142578888,5.5740647,6,477
C1.481.109,-0.3115415450313461,14.533736,4,481
C1.476.78,-0.3159148753187663,10.80457,7,476
C1.477.132,-0.31986561028820415,10.126312,7,477
C1.456.101,-0.32137305622347134,-17.146296,5,456
C1.482.41,-0.32642240583666193,-0.32901838,5,482
C1.482.62,-0.33211385176592667,6.872813,6,482
C1.493.188,-0.3325682798023475,5.8583674,5,493
C1.476.18,-0.33465022491103014,-6.977744,7,476
C1.493.171,-0.3351853446426334,-0.19413258,5,493
C1.457.75,-0.33713200541103905,-4.334513,7,457
C1.473.89,-0.33800030976921736,-8.355714,5,473
C1.493.28,-0.33804951834263064,3.7879074,5,493
C1.499.104,-0.3395511957061227,3.5450647,7,499
C1.499.43,-0.34147353874394293,10.5768,6,499
C1.477.95,-0.34734620872805844,-0.6062165,7,477
C1.493.99,-0.34748384108748165,-20.658195,4,493
C1.482.112,-0.3504671239769005,7.181061,5,482
C1.476.200,-0.3511635637580496,20.199121,7,476
C1.499.4,-0.3555002431493053,-1.8865925,7,499
C1.488.138,-0.35605752932971074,5.817367,6,488
C1.500.130,-0.3588804765224467,-1.2700866,7,500
C1.500.187,-0.36074453666223383,-1.3450077,6,500
C1.500.86,-0.36146534770221306,18.591,7,500
C1.488.68,-0.363037717701931,20.930866,6,488
C1.450.54,-0.36419844629160614,2.5369308,7,450
C1.462.135,-0.36568288214155387,-16.743587,4,462
C1.482.133,-0.3661968483289697,2.4357967,6,482
C1.482.105,-0.3663988717340728,-4.2831783,5,482
C1.500.117,-0.36698850734242255,10.440356,7,500
C1.499.92,-0.3675935777410879,14.233693,7,499
C1.486.249,-0.3706578515931327,-6.1718993,6,486
C1.462.61,-0.37676945630559067,-24.16546,5,462
C1.500.92,-0.3810715235639015,14.532013,7,500
C1.455.20,-0.38118849326007836,-0.58949953,6,455
C1.482.172,-0.38213147367615474,5.2531633,6,482
C1.499.60,-0.38251800913356604,8.357067,6,499
C1.472.14,-0.3831323163571654,4.7553396,8,472
C1.495.226,-0.3842741671699327,-16.157888,6,495
C1.473.87,-0.3856009362473204,-2.0688798,7,473
C1.495.70,-0.3887727216554465,-6.999052,7,495
C1.456.24,-0.38957914748300726,-20.613512,6,456
C1.477.178,-0.39417108581113836,17.019869,7,477
C1.489.125,-0.39491624346624354,-10.238633,7,489
C1.476.106,-0.39565045344578353,-1.7727225,6,476
C1.500.150,-0.39868239638876446,6.718142,7,500
C1.456.19,-0.39953406537343694,-24.967936,5,456
C1.488.198,-0.40066520553220475,0.39476702,6,488
C1.467.23,-0.40243834981972915,0.6012495,7,467
C1.467.170,-0.4041089196500425,17.293907,7,467
C1.451.84,-0.40691941327247805,7.144238,6,451
C1.495.219,-0.4093645827323811,-12.640281,7,495
C1.466.67,-0.41244691965421665,-6.688552,8,466
C1.499.38,-0.41300997042191756,0.8295361,7,499
C1.489.47,-0.41669495889711083,-5.31499,7,489
C1.499.152,-0.4179183257215341,-4.4785066,7,499
C1.486.186,-0.4207267585784855,-9.030032,6,486
C1.494.290,-0.42108444507305487,-6.5744586,5,494
C1.451.81,-0.4231519587448922,-2.7036955,6,451
C1.462.111,-0.4318560291993935,-11.63014,5,462
C1.489.12,-0.4334677614472281,4.0317492,6,489
C1.499.93,-0.4337873168687226,6.3122787,7,499
C1.450.29,-0.4338118299743139,-9.955909,5,450
C1.481.62,-0.4361996475410903,-3.1295135,4,481
C1.500.5,-0.4369416030694627,22.10287,7,500
C1.482.193,-0.4378383377730539,3.8950467,6,482
C1.467.143,-0.43909352199820084,2.6635637,7,467
C1.499.76,-0.44260933238015265,14.187584,6,499
C1.489.71,-0.4437678988374407,-4.1531186,7,489
C1.455.131,-0.44674735908716323,2.6197991,5,455
C1.495.145,-0.449607759956397,0.3714764,7,495
C1.499.97,-0.4504361636258729,2.2887504,7,499
C1.482.94,-0.45255449629911004,12.83653,6,482
C1.476.147,-0.4551859250509186,-1.4356407,8,476
C1.467.87,-0.457086166078992,7.901764,7,467
C1.462.101,-0.462589603624351,-14.64274,5,462
C1.489.102,-0.46278017201262933,-1.4770187,7,489
C1.472.147,-0.46301356434732444,-4.206376,6,472
C1.477.19,-0.4640088907330504,-2.0191593,7,477
C1.488.60,-0.4643143866380738,12.308901,6,488
C1.477.213,-0.46712262623535594,6.519712,7,477
C1.462.113,-0.4679280404621097,-14.151461,5,462
C1.462.67,-0.471883497484734,-13.94174,5,462
C1.499.55,-0.47195017282317975,-2.6916685,6,499
C1.472.44,-0.472337188904965,-2.0996315,7,472
C1.481.37,-0.47270411920806366,-4.6774635,4,481
C1.456.105,-0.4774050196781924,-21.466879,6,456
C1.481.82,-0.477863194838707,11.356562,4,481
C1.499.83,-0.47864234735540256,22.242918,6,499
C1.477.154,-0.4801577625695387,-9.465602,7,477
C1.477.230,-0.4813880170091849,11.817597,7,477
C1.473.125,-0.4821631968495522,-6.22648,7,473
C1.467.122,-0.4838221224612005,-7.349279,7,467
C1.495.142,-0.4873954723684375,5.7495766,7,495
C1.472.7,-0.4958154349910816,14.400664,8,472
C1.476.73,-0.4958610831654303,5.2171845,8,476
C1.467.107,-0.4963109390777648,5.2365923,7,467
C1.467.9,-0.49716480105880767,5.223378,7,467
C1.451.21,-0.49782173541617025,5.595138,6,451
C1.469.367,-0.5042866888195554,9.216822,3,469
C1.477.195,-0.505099720792226,-5.940502,7,477
C1.493.220,-0.5072021247291317,-3.2816327,5,493
C1.499.150,-0.5108176075832812,2.636436,7,499
C1.499.16,-0.5130405486809766,-5.369921,7,499
C1.489.11,-0.5161644937859527,-22.29019,7,489
C1.490.81,-0.5169411766708284,-7.3942385,7,490
C1.489.69,-0.5194184496761208,-17.795261,7,489
C1.462.84,-0.520184746476508,-19.296381,5,462
C1.500.46,-0.5245335130649251,7.5619845,7,500
C1.488.166,-0.5254786530772775,18.82195,6,488
C1.477.228,-0.5263544123495151,-5.133988,7,477
C1.455.49,-0.5272682647664643,11.8027,6,455
C1.495.140,-0.5280469628280804,5.9214907,7,495
C1.467.130,-0.5326770454110787,8.3792925,7,467
C1.451.12,-0.5336472596669708,1.3034879,6,451
C1.488.210,-0.5353175817982583,6.96225,6,488
C1.477.28,-0.5371095452101945,5.1337266,7,477
C1.499.123,-0.5374166945538917,5.096584,6,499
C1.499.80,-0.5392700854984008,-8.706521,7,499
C1.500.41,-0.5412624638645565,5.215028,7,500
C1.481.56,-0.5436799939735314,6.378959,2,481
C1.485.65,-0.5446716418430676,1.4776675,6,485
C1.477.143,-0.5495584821571119,14.324712,7,477
C1.467.175,-0.5500335562405461,21.010508,7,467
C1.469.368,-0.5502813882845428,-5.225347,5,469
C1.467.43,-0.5551179399614703,-2.2408361,7,467
C1.488.117,-0.5564620227919227,14.080967,6,488
C1.482.151,-0.5625213804163648,12.986564,6,482
C1.488.116,-0.5633170172851774,6.2625837,6,488
C1.482.153,-0.5640843613074854,14.148913,6,482
C1.499.177,-0.5669190455627167,7.882765,7,499
C1.488.94,-0.567453278460448,7.675717,6,488
C1.451.38,-0.5692766621460813,3.8182878,6,451
C1.499.106,-0.569380934944627,12.645279,7,499
C1.499.41,-0.5704784224246566,-1.2344639,7,499
C1.488.151,-0.5731725916729589,12.297151,6,488
C1.455.65,-0.5776037902853669,6.7889338,6,455
C1.473.19,-0.5778365168549806,-14.312251,7,473
C1.469.391,-0.5783125318286197,2.131747,4,469
C1.493.64,-0.5785730366581228,5.7792473,5,493
C1.469.378,-0.5817545288789222,7.4265327,5,469
C1.476.77,-0.582003177689163,-2.0560281,8,476
C1.467.20,-0.5822828782549402,11.330321,7,467
C1.482.57,-0.5840762834015828,10.770721,5,482
C1.486.193,-0.5882909226743455,-7.789016,6,486
C1.451.28,-0.5902149859963308,2.1965046,6,451
C1.462.121,-0.5920184747810535,-15.991321,5,462
C1.489.80,-0.5948136189393086,-2.2844472,7,489
C1.481.72,-0.6006603339971869,6.5804615,4,481
C1.500.166,-0.6011215357648972,8.172103,5,500
C1.481.4,-0.6051429582654525,17.885422,3,481
C1.451.76,-0.6095887856097915,2.1579878,6,451
C1.482.83,-0.6096531605537514,-1.5711913,5,482
C1.467.129,-0.609871528564403,5.3048925,7,467
C1.477.57,-0.6105156225078764,13.779212,7,477
C1.490.300,-0.6130028182920811,0.15150417,7,490
C1.461.267,-0.6156860678340548,-0.83764744,4,461
C1.500.48,-0.6184301209233818,-3.0637152,7,500
C1.499.90,-0.623301449592393,6.1994934,7,499
C1.489.42,-0.6336937057246294,0.54188275,6,489
C1.493.75,-0.6338156409279071,9.169248,5,493
C1.500.139,-0.6387810715868584,12.277127,7,500
C1.476.213,-0.6394354959064271,12.306565,7,476
C1.486.198,-0.6396967044557015,1.0897673,6,486
C1.485.86,-0.6397519376184895,6.0150676,6,485
C1.472.194,-0.6450609412182515,-9.153464,7,472
C1.467.145,-0.6470160165305036,7.926764,7,467
C1.451.2,-0.6494472172162875,7.2179375,5,451
C1.494.265,-0.6522682036455335,-26.79152,5,494
C1.451.75,-0.6530932020156283,-1.3228788,6,451
C1.477.45,-0.6545224046639312,7.934198,7,477
C1.450.27,-0.6610743874974809,4.4067025,7,450
C1.473.114,-0.6614671517086973,-14.204208,7,473
C1.455.50,-0.6635536901554988,-7.773866,6,455
C1.500.140,-0.6660690568912385,-2.357501,7,500
C1.482.148,-0.6677852875241291,18.335602,5,482
C1.500.156,-0.6710817632974487,14.723723,6,500
C1.488.200,-0.6712700702996244,11.205261,5,488
C1.482.119,-0.6719380730570059,9.060297,6,482
C1.489.25,-0.6723968687835389,3.1895921,6,489
C1.472.154,-0.6733101829218181,6.2358146,8,472
C1.495.41,-0.6733424901086537,-6.8686285,5,495
C1.481.115,-0.6741534463592166,8.522472,3,481
C1.462.70,-0.6745543987526341,-9.386781,5,462
C1.499.119,-0.6757321017445433,3.2964647,7,499
C1.489.61,-0.6790520417980143,8.657139,7,489
C1.488.132,-0.6796318725131397,7.797917,6,488
C1.488.211,-0.6814607826015457,5.9337173,6,488
C1.477.7,-0.6834137801086853,14.779155,7,477
C1.499.33,-0.6850105242335195,-5.6365066,7,499
C1.489.107,-0.6858243507051157,-16.02519,6,489
C1.462.92,-0.6891727895503662,-0.14802036,5,462
C1.472.106,-0.6895428690603234,-5.110103,7,472
C1.488.133,-0.690698783150986,-0.9428163,6,488
C1.499.100,-0.6919894573871256,-5.39595,7,499
C1.482.58,-0.6991089727516707,1.6719301,6,482
C1.489.115,-0.7074509724667085,-6.1646185,7,489
C1.456.56,-0.7121370533974803,-26.268936,5,456
C1.477.139,-0.7150135596618505,2.086398,7,477
C1.500.129,-0.7152906816695175,-1.1553731,5,500
C1.489.101,-0.7203942534371038,-2.368433,7,489
C1.499.132,-0.7213664914053467,5.2589216,7,499
C1.499.170,-0.7215541996212181,-7.262678,7,499
C1.471.91,-0.7236358001038146,16.509518,7,471
C1.500.116,-0.7273101061002678,14.959742,7,500
C1.490.319,-0.7282775977899141,-11.242239,5,490
C1.477.50,-0.7283826264209636,8.53007,6,477
C1.489.122,-0.7301653581606711,2.0224385,7,489
C1.481.96,-0.7302389353528267,23.034662,4,481
C1.499.115,-0.7333585602653897,0.29212245,6,499
C1.493.67,-0.7341947905197875,-3.9415727,5,493
C1.482.114,-0.7374083387846159,-6.46567,6,482
C1.467.44,-0.741586544643866,-16.379936,7,467
C1.467.13,-0.7428859004183779,-8.708822,7,467
C1.499.125,-0.7434584280713478,7.1585646,7,499
C1.462.93,-0.7472437971151007,-6.62124,5,462
C1.476.65,-0.747504074571254,-1.5562407,8,476
C1.472.80,-0.7485635664987139,1.5900648,8,472
C1.495.147,-0.7505956356170917,-22.957066,7,495
C1.489.97,-0.752154393797274,4.650336,5,489
C1.493.203,-0.7522353856288757,0.5541274,5,493
C1.451.73,-0.7533328334342482,-7.589262,6,451
C1.477.59,-0.7537981187558112,-2.6798494,5,477
C1.494.329,-0.7551638027887064,-4.1366544,4,494
C1.455.23,-0.7607101242562362,-19.617315,6,455
C1.482.127,-0.7641750599908829,1.1586467,6,482
C1.475.104,-0.7661447242848883,-2.136304,6,475
C1.489.46,-0.767715979395179,15.113524,7,489
C1.455.164,-0.7685382611891278,-11.742749,6,455
C1.476.257,-0.7703124803466606,-9.236416,7,476
C1.462.140,-0.7704249124542526,-1.7693803,5,462
C1.477.46,-0.772393064968546,9.190341,7,477
C1.451.80,-0.7790738644651294,-4.7969956,6,451
C1.450.93,-0.7801506387573636,-5.8326263,7,450
C1.489.35,-0.7821659071061574,3.817967,7,489
C1.451.86,-0.7829145961051795,7.937088,6,451
C1.462.62,-0.784280572772934,-11.16606,5,462
C1.489.141,-0.784426206555953,4.8410754,6,489
C1.469.388,-0.7853211118384706,-20.329414,4,469
C1.477.67,-0.7898144366773345,-20.35223,7,477
C1.481.106,-0.7981909926341819,10.342812,4,481
C1.472.28,-0.7988416212891751,-0.4919227,8,472
C1.489.90,-0.800051939681579,-10.451104,7,489
C1.475.73,-0.8018266083343105,-17.04862,6,475
C1.476.99,-0.8019740529256433,3.1848469,8,476
C1.499.8,-0.802360647030348,3.8807673,6,499
C1.500.174,-0.8026016513099562,-2.6118295,7,500
C1.488.180,-0.8035211347257877,0.04304669,5,488
C1.489.58,-0.8036839372360239,-2.2449045,7,489
C1.476.26,-0.8072238289926142,15.345008,7,476
C1.488.118,-0.8077467540698174,24.385798,4,488
C1.485.92,-0.8082329028576088,-12.704526,5,485
C1.500.79,-0.809982188992718,8.867899,7,500
C1.462.58,-0.8103346349371428,-13.535001,5,462
C1.467.104,-0.8149691715671307,-13.072122,7,467
C1.462.102,-0.823358500551196,-13.70872,5,462
C1.477.41,-0.8235209980106564,7.1255264,7,477
C1.482.190,-0.8262440615096824,9.587664,6,482
C1.499.49,-0.8273258143244712,11.869721,7,499
C1.500.58,-0.829798327855021,4.37254,6,500
C1.492.212,-0.8361858015381132,1.3116447,7,492
C1.455.200,-0.8365375616702222,-13.94166,4,455
C1.499.87,-0.8374439046538252,8.083907,7,499
C1.485.87,-0.8404163359873754,-1.4596459,5,485
C1.477.125,-0.8411058235869349,7.4106407,7,477
C1.499.27,-0.8424518559428259,6.6359787,7,499
C1.488.172,-0.8432339896800238,13.175401,6,488
C1.485.9,-0.8434510569639929,4.9711413,5,485
C1.477.34,-0.8492138844520123,4.757855,7,477
C1.462.77,-0.8575935771099077,-4.36772,5,462
C1.462.60,-0.8613560220937707,-6.5174217,4,462
C1.450.94,-0.8632904981398009,15.133331,7,450
C1.471.15,-0.8635889905386618,30.860304,7,471
C1.456.61,-0.8646625177283207,-22.800678,6,456
C1.455.184,-0.8682534629029703,2.1734004,6,455
C1.500.96,-0.8701853079649724,24.829407,6,500
C1.451.58,-0.8735860786721283,-0.24439546,6,451
C1.477.159,-0.8742132743186655,0.36909783,7,477
C1.499.47,-0.8745136848210201,-11.835893,7,499
C1.482.51,-0.8757774598471763,-0.4451384,5,482
C1.499.14,-0.8793796257026351,12.743836,7,499
C1.472.172,-0.8804846437017209,-4.234482,7,472
C1.467.180,-0.8817266856690084,16.416906,7,467
C1.488.149,-0.8884774952422988,8.392667,6,488
C1.500.178,-0.889462915905967,2.008199,7,500
C1.485.79,-0.8912765177389778,16.323801,6,485
C1.482.45,-0.8916116327132996,15.501818,4,482
C1.486.220,-0.8981638054056394,-12.424799,6,486
C1.499.167,-0.8993315722300245,10.014122,7,499
C1.489.31,-0.9001225584983316,-8.453161,7,489
C1.473.94,-0.9023512052094557,0.39777276,6,473
C1.473.26,-0.9024047144260287,-2.3169346,6,473
C1.482.65,-0.9037513553346691,15.70778,6,482
C1.477.227,-0.9042399886743353,-11.784788,7,477
C1.490.295,-0.9058357458755202,-13.506524,7,490
C1.450.49,-0.9122463569771266,8.472974,6,450
C1.477.99,-0.913863856413524,-0.19681647,7,477
C1.489.95,-0.916098497189977,-0.019047262,7,489
C1.482.197,-0.9187939254199652,-9.989687,6,482
C1.499.65,-0.9221577278693599,3.7562506,6,499
C1.494.311,-0.9287828129524134,-27.92278,5,494
C1.455.43,-0.9292122880383227,-10.005116,6,455
C1.499.140,-0.9349433006835718,-6.9200497,7,499
C1.477.121,-0.9350500987282895,4.413755,7,477
C1.476.23,-0.9373753865287753,1.140356,7,476
C1.482.200,-0.945429367426605,11.239114,6,482
C1.477.238,-0.9454321497353653,11.357731,6,477
C1.489.104,-0.9476341868725079,-2.073334,6,489
C1.477.134,-0.9498754879555364,2.3104122,7,477
C1.490.200,-0.9500876644732841,5.340667,6,490
C1.495.133,-0.951193453322244,-5.6663523,7,495
C1.462.118,-0.9541984913053052,-15.13282,5,462
C1.490.134,-0.9552158506097064,10.807761,7,490
C1.500.52,-0.9569509905184005,-1.2322077,6,500
C1.467.127,-0.9612615124422194,12.437478,7,467
C1.462.95,-0.966155062530937,-9.22544,5,462
C1.467.90,-0.9664324411441971,-9.72875,7,467
C1.499.163,-0.9676701003081672,3.4809074,7,499
C1.489.3,-0.9690702147171717,6.8755527,7,489
C1.500.66,-0.9760624968138039,29.318958,6,500
C1.485.84,-0.9761384065280099,-1.8866353,5,485
C1.489.77,-0.9763887312439302,4.6444526,7,489
C1.500.57,-0.9803063627834827,5.304185,7,500
C1.499.131,-0.9842623218199861,0.61195034,7,499
C1.499.6,-0.9881192434662737,1.6413672,6,499
C1.499.57,-0.9885522943655113,-6.0310354,7,499
C1.477.58,-0.9886947245171622,10.914398,7,477
C1.456.86,-0.9904847763784765,-30.38523,6,456
C1.469.328,-0.994730584993869,-12.777847,5,469
C1.490.121,-0.9977075327920184,-0.41349375,6,490
C1.500.114,-1.0010053016857163,17.190886,7,500
C1.489.16,-1.002382281116571,-1.1971186,7,489
C1.499.144,-1.0049418203094256,-5.3044925,7,499
C1.473.141,-1.0099178901740902,-15.80198,7,473
C1.489.132,-1.0105408124892912,-2.8784616,7,489
C1.489.44,-1.0145376648329678,-12.717918,7,489
C1.488.176,-1.014716321257307,16.366533,6,488
C1.466.229,-1.0163554883487187,-7.1733146,8,466
C1.471.47,-1.0185395117652465,8.19116,7,471
C1.485.36,-1.0194981602530053,20.221352,6,485
C1.462.78,-1.0204899403085306,-10.66846,5,462
C1.462.65,-1.0213341994867395,-5.29048,5,462
C1.472.26,-1.023382532987624,28.790693,6,472
C1.455.139,-1.02450355226028,8.013901,6,455
C1.477.129,-1.025881817042493,21.25107,7,477
C1.462.106,-1.0272747295512858,-6.48468,5,462
C1.499.50,-1.0283660892068671,16.282833,6,499
C1.500.154,-1.029837780729618,1.2425116,6,500
C1.499.48,-1.0345645869381876,4.152636,7,499
C1.495.90,-1.0348108421910527,-8.388146,6,495
C1.495.33,-1.037286002710406,-11.230438,7,495
C1.489.4,-1.0382578847378245,-8.54878,5,489
C1.471.61,-1.0427360444139373,-5.4991765,6,471
C1.493.114,-1.0434163205156002,11.260767,5,493
C1.481.175,-1.0442973981638444,19.231236,4,481
C1.476.136,-1.0481451920444975,5.046584,8,476
C1.485.28,-1.0494338818558175,9.367667,6,485
C1.489.108,-1.051697953252522,2.0938814,7,489
C1.489.18,-1.0541895556925778,-6.9175043,7,489
C1.477.101,-1.054204633412228,1.2801406,7,477
C1.455.197,-1.0598592260595514,14.856584,6,455
C1.477.163,-1.0604948031614159,-6.1068306,7,477
C1.500.151,-1.0652121189093444,10.767442,7,500
C1.462.86,-1.0659116797323034,-1.5195004,5,462
C1.482.64,-1.066583916471593,11.217747,6,482
C1.462.81,-1.066919693771494,-11.91364,5,462
C1.466.69,-1.0677007400101899,4.271223,8,466
C1.492.167,-1.0679450133897335,18.258173,7,492
C1.467.141,-1.0689864743355897,2.996021,7,467
C1.500.69,-1.0701176596767266,16.992157,7,500
C1.489.91,-1.0750338942259188,-12.236519,7,489
C1.488.123,-1.0824115888120487,21.522984,6,488
C1.499.142,-1.0831325839406745,2.159334,6,499
C1.451.91,-1.0844067468319936,-0.7531424,5,451
C1.488.103,-1.0850682878797688,-7.44685,6,488
C1.476.258,-1.0908656546446889,-19.550186,7,476
C1.500.112,-1.093946232110422,4.0886602,6,500
C1.490.124,-1.0940318977810313,-8.697866,6,490
C1.455.46,-1.0983441755975785,7.8109174,6,455
C1.482.33,-1.1032304168027753,11.098347,6,482
C1.500.76,-1.1037232631977802,-4.2893724,7,500
C1.451.70,-1.1056331462432853,-14.908978,6,451
C1.477.18,-1.1069141518487953,4.426055,7,477
C1.499.153,-1.1097380771043084,19.134567,6,499
C1.499.51,-1.109741001814547,5.830384,6,499
C1.482.82,-1.1115925862328992,1.1478416,5,482
C1.489.130,-1.1137113640564253,-10.673819,7,489
C1.488.205,-1.1172038485169586,10.685467,6,488
C1.488.74,-1.1199433339334621,6.43025,6,488
C1.467.160,-1.120366363000307,18.187435,7,467
C1.467.204,-1.126650915868996,5.493764,7,467
C1.489.19,-1.126714621744905,-18.04159,7,489
C1.456.112,-1.133505937435668,-16.216661,6,456
C1.450.112,-1.1340494351459947,25.546488,7,450
C1.467.161,-1.1380709113025826,10.628036,7,467
C1.477.203,-1.1386327961253253,-0.9925879,7,477
C1.477.112,-1.1402421511959784,5.4095693,7,477
C1.482.101,-1.1532761014128075,-3.9853234,5,482
C1.499.172,-1.1543962308054294,3.7006078,5,499
C1.485.71,-1.1550978691215925,-15.223649,6,485
C1.462.119,-1.1554724760707944,-8.2876005,5,462
C1.488.82,-1.1588973961079858,9.4931,6,488
C1.499.127,-1.1593248300538386,-0.39046392,7,499
C1.477.199,-1.1608524496756005,-1.1776308,7,477
C1.500.163,-1.1622494619365682,-1.3989296,7,500
C1.477.69,-1.1635109441545706,15.900241,7,477
C1.500.135,-1.1637136204120344,0.18848151,6,500
C1.495.217,-1.1638353846877287,-22.78018,7,495
C1.499.59,-1.1648672860849416,-2.2221828,6,499
C1.462.103,-1.1683290415051797,-17.29036,5,462
C1.457.65,-1.1690655870757554,-1.1127563,7,457
C1.477.180,-1.171151403602122,-14.661502,7,477
C1.455.22,-1.171975863037509,2.4727182,5,455
C1.462.89,-1.172709437105266,-19.132801,5,462
C1.472.74,-1.1743884522859096,7.2556953,7,472
C1.462.79,-1.1761829444183494,-8.98028,5,462
C1.489.65,-1.1817438955250523,3.403867,7,489
C1.488.160,-1.1820911856337981,-7.461083,6,488
C1.462.133,-1.183359771638148,-22.894041,5,462
C1.486.227,-1.1834856204160273,-5.604583,6,486
C1.499.154,-1.1837725467690259,-4.4014926,7,499
C1.455.62,-1.186730734853592,-1.5145162,6,455
C1.461.337,-1.1928960011252467,-6.97729,5,461
C1.473.50,-1.1941722885173505,-2.2129369,7,473
C1.467.101,-1.1984330050483478,-16.311722,6,467
C1.477.10,-1.2001749210074855,11.38994,7,477
C1.472.39,-1.200599699979387,3.5092878,6,472
C1.499.5,-1.2018266769650574,-9.476121,7,499
C1.451.55,-1.2030451280198942,-12.065079,6,451
C1.495.69,-1.2036085096842288,2.4364479,7,495
C1.477.204,-1.2037460486170009,-15.558093,5,477
C1.500.147,-1.2065032778001892,12.798099,7,500
C1.450.102,-1.210447534015745,1.4198023,7,450
C1.499.74,-1.2117086879644456,-1.6859211,7,499
C1.455.168,-1.2123784648350677,-8.096649,6,455
C1.462.66,-1.2208027814375753,-21.67114,5,462
C1.500.39,-1.2223749863916702,5.101215,6,500
C1.476.60,-1.2241403140759044,-4.2907534,8,476
C1.489.148,-1.22669693788585,-7.4313617,7,489
C1.472.112,-1.2271390387959524,2.3662663,6,472
C1.469.346,-1.228348042952089,12.279813,5,469
C1.472.11,-1.2300434399251277,-2.0802476,7,472
C1.467.158,-1.233084756096304,-1.2556933,7,467
C1.473.95,-1.239403351891832,1.2754916,7,473
C1.499.36,-1.239556424171719,1.0359646,7,499
C1.451.31,-1.240190554210733,7.578321,6,451
C1.499.79,-1.2407519212476235,-4.5698495,7,499
C1.477.32,-1.2408220001828094,-4.9617476,6,477
C1.499.110,-1.2449985812930797,0.1084558,6,499
C1.492.248,-1.245001251984955,7.638759,7,492
C1.500.22,-1.25299346637647,0.7631419,7,500
C1.499.3,-1.2532603558476771,7.6678076,7,499
C1.477.224,-1.2545857031827912,-6.589402,7,477
C1.492.55,-1.2546007073591818,6.0530734,7,492
C1.499.118,-1.2546081737871053,5.944522,7,499
C1.476.138,-1.2585346369715893,-8.53534,8,476
C1.476.79,-1.2607597734093867,-11.663195,7,476
C1.488.194,-1.2632014536400662,2.2865336,6,488
C1.455.143,-1.2650602820721657,1.6809171,6,455
C1.481.140,-1.2687865108015055,23.08916,4,481
C1.450.61,-1.2695925567256576,1.2111024,7,450
C1.500.84,-1.2702452202736025,9.734359,6,500
C1.495.53,-1.2703894648471197,-6.161622,6,495
C1.482.169,-1.2721288262631045,9.1254635,6,482
C1.477.123,-1.2755341076319686,-14.423174,7,477
C1.499.105,-1.2763046984977748,1.0346789,7,499
C1.499.165,-1.2773960031545077,-15.600764,7,499
C1.489.118,-1.2782806685277974,0.0013384526,7,489
C1.494.278,-1.2801476211961975,-15.846758,4,494
C1.473.64,-1.2806115563717766,-29.091635,6,473
C1.476.252,-1.2822649208407286,-7.191201,7,476
C1.499.176,-1.2912318975603356,4.8742557,6,499
C1.500.109,-1.2917261649224123,-6.1608725,7,500
C1.473.163,-1.2936533088454185,-10.049994,7,473
C1.450.95,-1.298637718243337,2.6378167,7,450
C1.481.23,-1.300168038669655,8.902111,4,481
C1.450.154,-1.305813334131426,-7.622962,6,450
C1.489.109,-1.3061426508222513,2.6719384,7,489
C1.485.93,-1.307933309525779,3.2688046,5,485
C1.476.216,-1.309389466012291,-7.589403,8,476
C1.451.27,-1.3104956963209957,15.886254,6,451
C1.469.390,-1.3123725453964705,9.043497,4,469
C1.477.140,-1.3161575211056156,5.886898,7,477
C1.477.158,-1.3167222260511329,-10.493174,7,477
C1.488.100,-1.3176560841282965,11.736501,6,488
C1.467.54,-1.3246260074094738,14.745321,7,467
C1.500.87,-1.3247874578188548,-8.424058,7,500
C1.467.133,-1.3254943793177147,7.2447352,7,467
C1.489.70,-1.3255218465216965,2.079467,7,489
C1.500.168,-1.3324632373740177,-1.972701,7,500
C1.461.275,-1.3360053789773054,-10.724951,5,461
C1.450.169,-1.3372119240097855,5.423931,7,450
C1.492.153,-1.3393515509927525,-3.1584394,6,492
C1.477.212,-1.3408720743682148,-0.28523076,7,477
C1.477.200,-1.345261043954049,4.7054405,7,477
C1.492.136,-1.345940279992487,1.8114876,7,492
C1.467.40,-1.3467118139142458,-2.7429361,7,467
C1.492.35,-1.3514692839261162,3.5774162,7,492
C1.500.143,-1.3563700442455726,2.6473236,6,500
C1.500.8,-1.3573879521206542,-12.028729,7,500
C1.488.70,-1.3590225724065992,19.794434,6,488
C1.492.71,-1.3590257330561482,4.784459,7,492
C1.482.76,-1.3600833646151593,8.289583,4,482
C1.451.50,-1.3610326022969068,-17.611889,5,451
C1.500.127,-1.3655393916688958,-8.59133,7,500
C1.469.302,-1.3712983913899208,-13.4535675,5,469
C1.482.182,-1.3752557868457875,13.361346,6,482
C1.499.103,-1.3755517471342336,0.49896464,7,499
C1.451.24,-1.3782913308964133,-1.3645288,6,451
C1.499.178,-1.3846920222999546,3.453779,7,499
C1.490.136,-1.386279004065043,-9.272568,6,490
C1.499.117,-1.3878748279527149,-1.7649925,7,499
C1.473.124,-1.3889468831282956,-3.9923797,7,473
C1.455.72,-1.3899039998875755,9.422334,6,455
C1.499.39,-1.3912048161337975,-10.2443495,7,499
C1.477.179,-1.3921718675139672,-13.873545,7,477
C1.477.223,-1.393838199050696,5.8682837,7,477
C1.488.109,-1.398680319488842,23.452267,6,488
C1.467.110,-1.3988436318347417,-7.856336,7,467
C1.455.183,-1.403140652796222,-7.9758162,6,455
C1.488.164,-1.4066237545677336,25.932274,5,488
C1.490.123,-1.4135943322174434,-16.860752,7,490
C1.455.9,-1.4137663982079731,-4.624383,6,455
C1.499.107,-1.414252353085725,-9.279294,6,499
C1.477.55,-1.416817258744516,3.2504191,6,477
C1.467.53,-1.4194159942561924,-5.6418076,7,467
C1.482.108,-1.4224408996824975,18.603842,5,482
C1.485.47,-1.4236155767687526,7.413851,6,485
C1.499.99,-1.428126718140081,12.4012,6,499
C1.467.206,-1.434111392100382,6.942532,6,467
C1.462.138,-1.4346232196314108,-11.341801,5,462
C1.492.215,-1.4363669557524563,15.981274,7,492
C1.450.24,-1.4375962921475842,-1.8764977,7,450
C1.462.104,-1.4406835205396389,-8.09678,4,462
C1.477.98,-1.4464198682783622,-6.9022593,7,477
C1.481.84,-1.4475838849478553,9.804961,4,481
C1.489.5,-1.4481645516504544,-6.7102613,7,489
C1.499.54,-1.4485709622776457,9.155451,7,499
C1.488.64,-1.4522545384020018,14.316334,6,488
C1.467.64,-1.4541402937320962,-18.180769,5,467
C1.455.145,-1.4558224253857428,-1.9773161,6,455
C1.476.209,-1.460004970991287,6.8075094,8,476
C1.500.98,-1.4602309856234987,4.831999,7,500
C1.482.37,-1.4602483117319118,6.320813,6,482
C1.488.204,-1.4662177479066678,5.194817,6,488
C1.485.94,-1.4773375568162799,-16.56515,6,485
C1.486.175,-1.477842772261187,-22.925066,6,486
C1.482.156,-1.479369976687509,-8.14677,6,482
C1.456.52,-1.4820005081081884,-13.973762,6,456
C1.500.180,-1.4833141158758707,12.615785,7,500
C1.467.32,-1.4861566184586592,-7.5214934,7,467
C1.499.10,-1.4863696554271648,-4.1559606,6,499
C1.499.109,-1.487806258418939,8.257079,7,499
C1.467.73,-1.4887927600195074,-3.874779,7,467
C1.481.157,-1.4908232162592376,12.794711,4,481
C1.490.222,-1.4925173964372438,4.899361,7,490
C1.489.73,-1.4936560776989192,-9.707776,7,489
C1.489.143,-1.495632879812608,2.303924,7,489
C1.499.19,-1.4981961009084899,12.493822,7,499
C1.467.155,-1.502808137725431,4.6035495,7,467
C1.485.91,-1.5036193465509538,-8.200999,6,485
C1.482.74,-1.5050132819345008,-1.4551384,5,482
C1.489.126,-1.5093929027605262,-7.57599,7,489
C1.499.21,-1.5096404612391647,10.268917,6,499
C1.450.119,-1.50973611026875,12.377145,7,450
C1.499.25,-1.5111151086146468,6.336636,7,499
C1.455.54,-1.5143600407949882,-11.051816,6,455
C1.500.34,-1.5162491555175555,13.254299,7,500
C1.500.14,-1.5163605684161099,2.618142,7,500
C1.455.190,-1.5202019311414707,-10.61735,6,455
C1.455.71,-1.5234738808219124,-3.878883,6,455
C1.492.104,-1.523986426212507,9.144559,7,492
C1.477.110,-1.525833772560016,-2.5368736,7,477
C1.499.42,-1.5299621781575579,-0.7490068,7,499
C1.482.56,-1.53351511983043,3.61718,6,482
C1.495.137,-1.5360371639929837,-0.11413789,7,495
C1.455.13,-1.5363032575605038,-13.741401,5,455
C1.455.11,-1.5393883094813858,-8.715766,6,455
C1.455.162,-1.5406167218937687,-3.7495496,6,455
C1.500.50,-1.5415109337043487,10.884099,7,500
C1.477.106,-1.5446627296307378,8.082684,7,477
C1.482.196,-1.5529900210513619,5.5138803,6,482
C1.493.151,-1.5537840248521686,-5.097913,5,493
C1.477.53,-1.5545105937713912,10.756126,7,477
C1.500.19,-1.554867310970716,3.9938276,7,500
C1.488.170,-1.555688565010805,-1.4945469,5,488
C1.451.49,-1.5558129343120939,1.1368251,5,451
C1.477.11,-1.5577997294138561,8.401735,6,477
C1.467.100,-1.5581764618128469,-3.5864077,7,467
C1.489.37,-1.5583483167709158,1.3405099,7,489
C1.450.107,-1.5596249322599427,13.814403,7,450
C1.499.23,-1.5626062567538217,3.0414505,6,499
C1.492.120,-1.5639714505771591,-10.174513,7,492
C1.499.81,-1.567753585147099,1.6662933,7,499
C1.485.42,-1.569235967271229,6.811051,6,485
C1.477.124,-1.5700242622355018,-10.30096,7,477
C1.476.260,-1.5784661131220508,-3.2418299,7,476
C1.467.89,-1.5848851688781986,-7.060065,7,467
C1.499.56,-1.5895657518216693,2.754836,7,499
C1.482.121,-1.594006815268554,4.498921,5,482
C1.489.8,-1.594219058180764,6.5651813,7,489
C1.482.71,-1.5950009879323659,7.09413,6,482
C1.477.186,-1.5976906534244386,-14.149431,7,477
C1.485.78,-1.60092985537557,7.9323673,6,485
C1.450.76,-1.603728440933239,1.3839023,7,450
C1.489.136,-1.6060387828175435,-3.72229,7,489
C1.450.17,-1.60644299246559,-2.2783587,6,450
C1.467.91,-1.6072728816595263,5.795621,7,467
C1.477.233,-1.6108572851860639,6.3932266,7,477
C1.500.85,-1.6115791680077933,6.283999,7,500
C1.499.114,-1.6144513690543438,6.331465,7,499
C1.450.21,-1.614683034676386,1.1234024,7,450
C1.456.21,-1.6201518760102218,-24.391062,6,456
C1.481.129,-1.6222809296869605,3.0833864,4,481
C1.482.84,-1.6225872097883012,-3.3672366,6,482
C1.477.202,-1.6248088258375786,-2.6296878,7,477
C1.482.18,-1.6255268466910406,12.199863,6,482
C1.477.211,-1.6341354872581708,15.176031,6,477
C1.489.137,-1.6343172433661013,2.7975812,7,489
C1.482.85,-1.643969292316948,12.99908,6,482
C1.500.28,-1.6482623849732196,9.241157,7,500
C1.450.23,-1.6496957631254177,0.40849066,6,450
C1.477.17,-1.6518173345781495,-4.475731,7,477
C1.477.87,-1.6558246165115178,0.8065978,7,477
C1.475.100,-1.6568510561565126,-0.15888713,6,475
C1.469.377,-1.659032516043951,15.031493,5,469
C1.489.72,-1.6608130086694883,-0.7177473,7,489
C1.467.137,-1.6626544378427957,-9.302108,7,467
C1.489.30,-1.6691653183097261,-0.85346156,7,489
C1.499.111,-1.6704886307727507,0.08459322,7,499
C1.462.88,-1.6720154327600176,-20.493841,5,462
C1.492.106,-1.6759964139635013,4.3739305,7,492
C1.451.63,-1.6777136567932722,-0.82496214,6,451
C1.477.29,-1.680853503592528,2.7776406,7,477
C1.450.88,-1.683944680928816,14.683717,7,450
C1.481.146,-1.6842987261709756,-0.20656355,4,481
C1.476.186,-1.6850048644392313,-12.58559,7,476
C1.500.26,-1.6860503736941355,5.768957,6,500
C1.489.105,-1.6865137913432946,-8.883491,7,489
C1.482.130,-1.6918791572920393,6.751061,5,482
C1.500.138,-1.695209526751987,10.307099,7,500
C1.499.175,-1.6954249343230399,-7.0365443,6,499
C1.473.25,-1.6971292952212895,-0.002236925,7,473
C1.475.74,-1.6978949900940292,-5.346887,6,475
C1.450.50,-1.6987106526191809,-5.433346,5,450
C1.451.54,-1.699486326561783,-7.3421826,5,451
C1.477.27,-1.6995609807612468,5.5575266,7,477
C1.499.108,-1.7019971107066092,0.86695033,7,499
C1.489.128,-1.7028771410498837,0.1898956,7,489
C1.486.223,-1.707544535604851,-15.6297,6,486
C1.467.85,-1.710843043211188,-7.1591363,7,467
C1.467.194,-1.7111800893956657,-5.699679,7,467
C1.477.196,-1.713366433315576,-1.307388,7,477
C1.450.72,-1.715766753463775,0.6653452,7,450
C1.499.75,-1.7208516583127695,2.8986933,7,499
C1.476.131,-1.727101438811212,6.0140843,8,476
C1.477.161,-1.7410625188322482,-7.3681736,7,477
C1.482.93,-1.744062482869752,-5.7763033,6,482
C1.500.185,-1.7447557265655127,13.847456,7,500
C1.500.161,-1.7460068978874193,19.517162,5,500
C1.481.13,-1.7473875370185061,11.905036,4,481
C1.467.97,-1.7520520343190613,4.5033493,7,467
C1.462.115,-1.755262114558158,-9.90054,5,462
C1.500.49,-1.756755046112806,6.5181704,7,500
C1.455.181,-1.7598238847223042,5.8312173,6,455
C1.494.304,-1.762616384883234,-19.100124,4,494
C1.473.41,-1.7642213081961697,-0.79712725,6,473
C1.482.110,-1.7642540993571472,19.30968,5,482
C1.451.87,-1.7648303881172667,-10.112812,6,451
C1.482.157,-1.765133180219235,10.613497,6,482
C1.499.169,-1.7700044975386489,-4.1450443,6,499
C1.499.91,-1.7783351361798818,-5.6016326,6,499
C1.456.36,-1.778629253745015,-25.980078,6,456
C1.477.182,-1.7811326208813887,-3.7879736,7,477
C1.469.394,-1.7812390287902664,19.370197,4,469
C1.450.78,-1.7826718603246938,3.7060022,7,450
C1.481.100,-1.789381166095521,-2.0529885,4,481
C1.455.58,-1.7947644264605223,-1.1164995,6,455
C1.467.112,-1.7983160907358986,-4.324024,6,467
C1.473.168,-1.7983285250030479,8.042946,6,473
C1.485.50,-1.809436761899349,-9.231349,6,485
C1.489.116,-1.8095701914111517,2.4595385,7,489
C1.482.164,-1.8120479845298672,-1.3865366,6,482
C1.476.96,-1.8136690367078598,3.249851,7,476
C1.499.113,-1.8153396541518654,-4.7812924,7,499
C1.482.98,-1.8174804463615564,2.8214417,5,482
C1.467.24,-1.818872255311991,3.1835067,7,467
C1.500.59,-1.8226316567858518,12.531556,7,500
C1.467.113,-1.8231680775550902,-0.11931119,6,467
C1.467.67,-1.825729021902417,2.1124153,6,467
C1.481.176,-1.8289963726888827,7.3783364,4,481
C1.481.14,-1.831317887416539,22.05281,4,481
C1.500.15,-1.8327299604223726,1.328799,7,500
C1.482.152,-1.8331230152432432,4.8230615,5,482
C1.482.106,-1.8338433521093669,3.1723967,6,482
C1.489.127,-1.8358211447018564,3.3756242,7,489
C1.481.163,-1.8369234737684337,1.9921864,4,481
C1.476.261,-1.8369566554572323,-0.00422981,7,476
C1.473.129,-1.8410944765048824,-0.3978655,7,473
C1.467.41,-1.8425936699832128,2.400535,7,467
C1.499.130,-1.8433709806884615,0.17827894,7,499
C1.477.33,-1.843729029057348,6.3974977,7,477
C1.467.55,-1.8506516024051236,-11.551479,7,467
C1.477.151,-1.8547337126449952,4.527755,7,477
C1.450.36,-1.8561089267555422,11.323116,7,450
C1.477.229,-1.856648700169958,-2.399945,7,477
C1.499.58,-1.8623140329027983,0.48910752,7,499
C1.489.57,-1.865180638741804,-2.8404186,7,489
C1.489.55,-1.8663079419448332,-1.9024839,6,489
C1.482.88,-1.8681689423925774,1.5650467,6,482
C1.500.175,-1.869859236828747,8.732499,7,500
C1.481.161,-1.870801011759235,-6.8026886,4,481
C1.499.26,-1.8708866356928002,-7.471278,7,499
C1.481.198,-1.8772309300765502,8.569837,4,481
C1.477.169,-1.8774316807104892,2.279698,7,477
C1.482.32,-1.8795305891700809,-15.381463,5,482
C1.489.81,-1.8812412027225305,-4.622169,6,489
C1.492.116,-1.8840601961237844,-6.7619147,6,492
C1.455.88,-1.884169235458875,3.7087672,6,455
C1.492.88,-1.8841966006279527,3.3772733,7,492
C1.481.48,-1.8844467383133092,3.7282865,4,481
C1.477.36,-1.8860631783499124,-0.9159143,6,477
C1.455.74,-1.8867954907429119,-0.8839995,6,455
C1.482.91,-1.8892211701699617,10.046709,5,482
C1.455.66,-1.8942797045460837,2.4759338,6,455
C1.499.2,-1.8992015322332931,-2.9071186,6,499
C1.455.153,-1.9009766614245347,-0.16536617,6,455
C1.451.43,-1.9057402378910056,12.474688,6,451
C1.477.127,-1.9060446013664027,-6.9324164,7,477
C1.477.8,-1.9139246089097768,9.207812,7,477
C1.488.181,-1.9155437798531334,11.902783,6,488
C1.489.96,-1.9266699386029331,-8.452361,7,489
C1.482.55,-1.93154370816488,4.97498,6,482
C1.489.24,-1.9352981247738206,-11.145019,7,489
C1.500.91,-1.9378496172236048,11.118223,5,500
C1.450.110,-1.9399826962836575,1.856688,7,450
C1.499.168,-1.9407465027185908,-0.080149636,7,499
C1.489.59,-1.9412014558703286,-4.80789,7,489
C1.467.69,-1.942557466520281,-3.9437647,7,467
C1.481.51,-1.9444058924762695,3.9341364,4,481
C1.481.127,-1.9475336192945654,18.328533,3,481
C1.481.6,-1.950875984355129,13.038286,4,481
C1.488.217,-1.9511017237243469,18.686634,6,488
C1.462.90,-1.9512997139538089,-7.2372603,5,462
C1.467.39,-1.9529504112014573,1.2812495,7,467
C1.477.234,-1.9543229184251587,-10.069516,7,477
C1.467.197,-1.9554484188190555,-6.1936507,7,467
C1.477.118,-1.9567109772716178,11.138169,7,477
C1.492.101,-1.956876489613877,2.5859988,6,492
C1.492.121,-1.960932454077523,6.0484657,6,492
C1.489.82,-1.9619385787266697,7.938953,7,489
C1.485.6,-1.9624707594891162,8.844134,6,485
C1.482.191,-1.9675985836839656,0.2636287,5,482
C1.489.67,-1.969182422875559,9.467081,7,489
C1.485.32,-1.9717547826143962,2.4146173,6,485
C1.477.177,-1.9720580044361684,-2.585388,7,477
C1.489.138,-1.9736226020571759,-0.5254044,7,489
C1.492.84,-1.97555571257879,17.247934,6,492
C1.500.160,-1.9765781171293912,-6.2081103,6,500
C1.477.47,-1.9769771505889788,2.1486313,6,477
C1.492.144,-1.9776567142801837,4.2123876,7,492
C1.488.102,-1.9785840281477725,-23.487886,5,488
C1.451.23,-1.9835163680307333,-7.3711123,6,451
C1.469.320,-1.9870771147398312,-17.526634,4,469
C1.489.39,-1.988461667293067,3.9223099,7,489
C1.499.148,-1.98988325639438,-2.434183,6,499
C1.489.100,-1.991604592483657,-13.331661,7,489
C1.489.94,-1.9926582298764965,-3.453776,7,489
C1.499.46,-1.9927041861467305,-0.65807754,6,499
C1.455.151,-1.994560951989329,5.545517,6,455
C1.482.158,-1.9948453271034488,-9.556199,5,482
C1.481.155,-2.000002601325542,-18.04728,3,481
C1.500.113,-2.003580050450772,16.021128,7,500
C1.482.31,-2.005064445742658,26.841381,5,482
C1.467.201,-2.0059938413096177,20.984621,7,467
C1.495.120,-2.007119904197698,1.5738907,7,495
C1.456.37,-2.0084119261093067,-19.351128,6,456
C1.451.52,-2.010357711757324,-2.911962,6,451
C1.500.6,-2.010815416254885,-2.9249296,7,500
C1.477.217,-2.0113042000614887,2.2660646,6,477
C1.476.9,-2.011332970816978,-9.715801,7,476
C1.455.196,-2.0131912395522873,-3.6348662,6,455
C1.477.144,-2.0146877560171013,-3.0327594,7,477
C1.499.95,-2.0157466273314637,-12.702749,7,499
C1.467.105,-2.0160613494486794,5.8000207,7,467
C1.482.117,-2.0174018833004657,11.973034,4,482
C1.499.82,-2.021080069680628,-0.41514963,7,499
C1.481.11,-2.022158632671376,8.469087,4,481
C1.477.70,-2.0229113814132678,-4.0339594,7,477
C1.467.60,-2.0229293543750826,-6.205091,6,467
C1.481.132,-2.0233293808917905,1.7179666,3,481
C1.467.50,-2.0263320154286246,-8.008008,7,467
C1.467.131,-2.0266970647510103,-16.103123,7,467
C1.500.31,-2.029348429602818,-6.2295866,7,500
C1.477.167,-2.029371295037717,-0.49295932,7,477
C1.477.111,-2.032539420603472,-4.5794163,7,477
C1.467.147,-2.0329007752711203,9.494693,7,467
C1.500.44,-2.034155292600885,5.0788417,7,500
C1.500.158,-2.036350224470469,3.579384,6,500
C1.481.42,-2.0378116703963913,12.210087,4,481
C1.481.10,-2.040765719559347,10.729937,4,481
C1.469.338,-2.0419988986387043,6.022273,5,469
C1.489.86,-2.045336868461669,0.9249956,7,489
C1.467.92,-2.0498881692211777,7.838678,7,467
C1.477.52,-2.055396885295093,-6.0705595,7,477
C1.499.136,-2.055810427756991,4.0513077,7,499
C1.489.142,-2.055873058432818,13.450596,7,489
C1.499.173,-2.05939948828889,-12.734064,7,499
C1.477.81,-2.06706475376867,-8.484745,7,477
C1.499.62,-2.0693602559484843,-6.169235,7,499
C1.476.259,-2.0720978425480614,6.503713,7,476
C1.500.171,-2.072266255893416,-4.4337935,6,500
C1.451.88,-2.0854087746492627,-0.7673624,5,451
C1.467.34,-2.0859627304082067,-12.78221,6,467
C1.467.103,-2.0860955447915632,-4.951789,6,467
C1.492.30,-2.086176041765525,-4.1900125,7,492
C1.490.156,-2.0862087947811236,2.7317328,7,490
C1.481.166,-2.088937301756033,12.068461,4,481
C1.489.2,-2.0918229061675024,-11.823261,7,489
C1.477.4,-2.092395685804397,0.4183121,7,477
C1.492.43,-2.095502187584995,6.613832,6,492
C1.473.45,-2.0964021196722786,-1.7073369,7,473
C1.455.67,-2.0972267644494544,6.191384,6,455
C1.467.68,-2.0974730323567257,1.1870781,7,467
C1.489.106,-2.099975807916694,2.19411,7,489
C1.481.122,-2.1048653535659962,8.043612,4,481
C1.490.80,-2.1052260011751063,-7.503945,5,490
C1.492.91,-2.1059534001681737,1.0849018,7,492
C1.477.12,-2.1065125855214704,11.212297,7,477
C1.477.108,-2.1067143136891815,1.689255,7,477
C1.455.28,-2.1168012375977563,-10.176157,5,455
C1.477.183,-2.126506436230354,-6.6942735,7,477
C1.450.84,-2.1308348226510008,-6.0057263,7,450
C1.477.94,-2.1323987468521066,13.387441,7,477
C1.495.130,-2.1324003504054647,-4.831895,7,495
C1.467.139,-2.137995693210592,16.756636,7,467
C1.482.116,-2.1388006721106496,10.754521,5,482
C1.477.176,-2.1466714065431898,-0.777845,7,477
C1.469.321,-2.1468840624084806,-10.798607,5,469
C1.475.52,-2.148588040797115,-28.34642,6,475
C1.481.178,-2.1499077669301636,2.2668614,4,481
C1.477.197,-2.157572583919018,1.725255,7,477
C1.477.166,-2.160282380519111,-7.479531,7,477
C1.488.214,-2.161318107480405,24.792383,6,488
C1.467.8,-2.1636101103225998,-16.229164,7,467
C1.500.95,-2.163999310723097,2.096124,4,500
C1.492.202,-2.164285597744884,-4.3008122,7,492
C1.476.148,-2.1652644744495473,-8.656062,7,476
C1.481.81,-2.168792566729605,-0.23191355,4,481
C1.477.115,-2.1712545142047004,-1.9839022,7,477
C1.499.84,-2.171565427161417,23.578783,6,499
C1.481.101,-2.172493513332065,-6.6574883,4,481
C1.499.126,-2.1762347582923804,-6.409735,7,499
C1.450.168,-2.185285465996584,4.460802,7,450
C1.499.32,-2.1903512751613574,-0.99660677,7,499
C1.477.149,-2.1949408972700515,7.897755,7,477
C1.467.111,-2.194957818030079,-5.6326504,7,467
C1.481.113,-2.1966563350856063,3.5507364,4,481
C1.473.53,-2.203484327537312,-5.802323,7,473
C1.493.222,-2.215043769914227,7.4216676,5,493
C1.473.73,-2.21568064502396,-7.292983,6,473
C1.450.62,-2.2185779980217624,11.744177,6,450
C1.477.105,-2.222669630985558,-12.646831,7,477
C1.489.123,-2.223881221519988,-10.804475,6,489
C1.481.144,-2.2285001878078337,5.5547614,4,481
C1.482.109,-2.2303024857048213,11.296864,6,482
C1.481.53,-2.2306638857895753,10.391586,4,481
C1.473.14,-2.232741780160567,-6.063437,7,473
C1.455.47,-2.235448553725021,1.4145838,6,455
C1.488.121,-2.24390750471063,18.41725,6,488
C1.467.162,-2.2442113783019977,13.009436,7,467
C1.500.148,-2.2455731629703606,5.83464,6,500
C1.499.129,-2.2456406455849396,4.5257645,7,499
C1.477.193,-2.2458886712431148,13.660969,7,477
C1.477.42,-2.255923690070835,-1.9949164,7,477
C1.477.232,-2.2566945910021774,-7.037488,7,477
C1.467.59,-2.257368472625172,-0.11762193,7,467
C1.500.119,-2.2574437775777008,2.093199,7,500
C1.467.144,-2.261108695184942,-8.270479,7,467
C1.467.51,-2.270686112884316,-6.3203406,6,467
C1.455.10,-2.275306315596463,-14.04805,6,455
C1.499.121,-2.277394381887885,-9.364278,7,499
C1.500.33,-2.2781448008875524,10.449057,7,500
C1.467.135,-2.279336154094718,-4.135879,7,467
C1.450.164,-2.2796757206449403,5.0312595,7,450
C1.467.36,-2.2800252041336035,-5.292879,7,467
C1.500.136,-2.286895052012018,6.6143813,6,500
C1.477.130,-2.2887667901577347,-11.545816,7,477
C1.476.221,-2.289141821284179,-3.377978,8,476
C1.467.35,-2.2906082339006786,-12.319365,7,467
C1.455.172,-2.2967025983766254,-2.197766,6,455
C1.462.71,-2.302539315033062,-20.70834,5,462
C1.473.35,-2.307498738044001,-11.49338,7,473
C1.499.149,-2.3193127761282772,-1.5475211,7,499
C1.481.142,-2.332303844764583,1.1476865,4,481
C1.500.60,-2.3342711094747775,-9.039473,7,500
C1.467.126,-2.337382894194955,-3.6134934,7,467
C1.500.38,-2.339274115494674,-5.705487,7,500
C1.455.17,-2.341815612529355,-13.26086,5,455
C1.477.240,-2.3458953096703494,4.104941,7,477
C1.477.30,-2.346018911667148,-8.92956,7,477
C1.467.125,-2.3504413766475145,-0.29009336,7,467
C1.482.39,-2.3513193623685424,-1.7692784,5,482
C1.450.97,-2.3514086631988635,8.732117,7,450
C1.481.38,-2.3541914092398795,11.753436,4,481
C1.494.280,-2.3568042606932633,-26.45172,5,494
C1.467.182,-2.3587179923222332,-10.983285,6,467
C1.489.48,-2.359168117261576,9.004338,7,489
C1.499.139,-2.3612839626663025,-9.722064,7,499
C1.492.96,-2.365658279080335,-2.1837554,7,492
C1.492.73,-2.378685612533638,-2.258141,7,492
C1.451.39,-2.3821384902206133,2.788488,6,451
C1.473.98,-2.3877605806268276,-20.17328,7,473
C1.451.77,-2.39640108490176,-4.114979,6,451
C1.469.318,-2.400064427370985,1.3147469,4,469
C1.489.121,-2.4100423373150184,13.8041525,7,489
C1.481.50,-2.410071548461889,13.460812,4,481
C1.500.35,-2.4102401107943376,5.2986135,7,500
C1.450.25,-2.413951006724616,8.732917,7,450
C1.477.79,-2.416440164031539,7.094855,7,477
C1.467.38,-2.4179708940401037,2.1715639,7,467
C1.488.189,-2.4234072601961443,19.778551,6,488
C1.500.164,-2.426964907464815,-6.788087,7,500
C1.499.166,-2.432393170527002,0.30946466,7,499
C1.494.323,-2.4380998962431923,-12.332099,5,494
C1.477.78,-2.4390328120086577,-3.1095736,7,477
C1.499.137,-2.4440818620929794,7.324979,7,499
C1.467.65,-2.4553933579311114,9.352192,7,467
C1.467.83,-2.4564644314296893,-2.9592218,7,467
C1.485.60,-2.4586357944340973,2.9164507,6,485
C1.455.192,-2.459431201560383,14.1308155,4,455
C1.500.77,-2.4608247147940903,-4.4397726,7,500
C1.500.155,-2.46115112042411,-12.133168,6,500
C1.492.133,-2.4642426279157177,1.8556876,7,492
C1.500.78,-2.4642608272444266,3.179856,7,500
C1.450.69,-2.468808439334427,13.57646,7,450
C1.451.14,-2.468825279125586,4.1306214,6,451
C1.469.329,-2.480073115590297,7.107953,5,469
C1.481.126,-2.48066106589798,5.6811366,4,481
C1.482.192,-2.4834655773416836,1.0518134,6,482
C1.461.310,-2.486235807882235,0.08682968,5,461
C1.482.132,-2.486373414939723,6.97118,6,482
C1.489.14,-2.490523982418573,-7.905676,7,489
C1.482.42,-2.4944310586632183,6.9881287,5,482
C1.477.103,-2.4967269671919126,-0.4606022,7,477
C1.467.188,-2.5029908485714856,2.7225637,7,467
C1.499.120,-2.5039151268000226,-8.596821,7,499
C1.492.149,-2.507532796932247,-8.187255,7,492
C1.500.24,-2.5098766990978914,-5.366085,6,500
C1.477.113,-2.5106323966026314,8.78447,7,477
C1.500.88,-2.5146761166848886,1.6069847,7,500
C1.477.185,-2.5160472463410413,-5.154545,7,477
C1.500.23,-2.5163979014641575,6.3100567,6,500
C1.492.152,-2.5164735900600568,0.18991613,7,492
C1.477.66,-2.5177403370794593,-8.519488,7,477
C1.500.67,-2.5190371184776894,1.5109419,7,500
C1.482.155,-2.523014916215737,7.33348,6,482
C1.489.45,-2.5240457991961396,2.1257384,7,489
C1.476.246,-2.5241422283644646,4.9174094,8,476
C1.489.21,-2.5297799622095907,1.1583813,7,489
C1.477.126,-2.537474942019665,8.125598,7,477
C1.499.9,-2.537927223276764,2.1943505,6,499
C1.467.88,-2.543934547523937,-7.843993,7,467
C1.477.173,-2.5443285100524275,3.2193406,7,477
C1.461.341,-2.549766723593909,8.096869,5,461
C1.492.207,-2.5515302239073194,9.282288,7,492
C1.500.159,-2.5525979027568786,5.014791,4,500
C1.489.62,-2.569106028586192,-5.0630474,7,489
C1.467.56,-2.5728843448638563,11.031321,7,467
C1.500.123,-2.576133453752057,10.050943,5,500
C1.477.31,-2.580022561070823,-2.0042593,7,477
C1.477.189,-2.5872796258079718,2.644612,7,477
C1.499.71,-2.5908352654095967,-3.2452924,7,499
C1.500.126,-2.5910582741737804,2.7687418,7,500
C1.482.61,-2.593329932673173,-1.8685533,6,482
C1.477.49,-2.5979692106587633,11.325655,7,477
C1.482.123,-2.600873506781123,2.0433967,6,482
C1.489.89,-2.6065349866090752,-0.335044,5,489
C1.455.165,-2.608029595164809,2.272067,6,455
C1.450.71,-2.609749977011455,0.9389737,7,450
C1.482.89,-2.6098003321466314,3.8205633,6,482
C1.451.8,-2.6148158194737037,-7.8207955,6,451
C1.500.152,-2.615742640161392,1.8428898,6,500
C1.477.138,-2.616153561347377,-8.006831,7,477
C1.455.52,-2.617114076934923,-10.41515,6,455
C1.500.11,-2.619827425339493,12.571771,7,500
C1.489.85,-2.621044266926363,-2.7024329,7,489
C1.499.63,-2.6266685516854955,-9.9606495,7,499
C1.482.187,-2.632111317742138,5.4004135,6,482
C1.450.13,-2.63607288137357,13.379638,5,450
C1.489.63,-2.6435990443628334,-0.024032976,7,489
C1.467.202,-2.644778772207394,5.081778,7,467
C1.467.203,-2.64873250064629,-11.021644,6,467
C1.482.40,-2.6502372973007486,14.512109,5,482
C1.467.165,-2.6604180769573036,10.306122,6,467
C1.482.195,-2.6604523947050955,5.5359635,6,482
C1.492.208,-2.663291365763555,-9.313055,7,492
C1.482.139,-2.6636052992860457,8.63038,6,482
C1.492.109,-2.664378859161338,4.2329874,7,492
C1.499.12,-2.6719878589315127,-2.7160609,6,499
C1.451.7,-2.678631362417732,-0.9419788,6,451
C1.492.47,-2.6788236822608282,-4.151298,7,492
C1.455.35,-2.687158590513843,-25.56779,4,455
C1.492.210,-2.68836370316818,0.010530421,7,492
C1.492.44,-2.6914285360529293,-5.244041,7,492
C1.476.182,-2.696834200407116,9.121409,8,476
C1.492.59,-2.7074579441758844,7.594349,5,492
C1.477.231,-2.712817770254437,1.1815692,7,477
C1.489.7,-2.7163050568186424,-16.837305,7,489
C1.467.152,-2.721399703640268,14.792135,7,467
C1.492.165,-2.724894384466524,6.572345,7,492
C1.492.76,-2.733846773238738,2.6304305,7,492
C1.489.27,-2.735882701973474,5.3094954,7,489
C1.481.169,-2.736057111022788,5.830611,4,481
C1.477.147,-2.736070600866866,3.2983265,7,477
C1.492.240,-2.736560628311055,-0.967956,6,492
C1.500.172,-2.7373720065587577,7.485163,5,500
C1.467.116,-2.7410971934943897,-11.266622,7,467
C1.481.22,-2.7468522449379096,9.659362,4,481
C1.492.181,-2.7472757490070285,-8.293156,7,492
C1.467.186,-2.7508787490503805,11.231435,7,467
C1.477.148,-2.7516367677440856,5.9315405,7,477
C1.467.19,-2.757619694305142,2.9277067,7,467
C1.481.44,-2.7619121540693348,-2.8201885,4,481
C1.492.162,-2.762694626336201,0.97106063,6,492
C1.476.247,-2.7638006585895893,-18.461206,7,476
C1.500.145,-2.7657422276743153,7.9370847,7,500
C1.488.50,-2.7675549108823367,13.535033,6,488
C1.482.113,-2.770933462033262,-3.37382,6,482
C1.481.28,-2.7755122558324783,24.85341,4,481
C1.489.64,-2.782764652549756,-3.149633,7,489
C1.477.128,-2.783691695830317,-3.0451736,7,477
C1.477.171,-2.7845699376269057,-15.592002,6,477
C1.500.13,-2.7884202797787117,10.916341,4,500
C1.499.171,-2.7921028876358864,-9.959049,7,499
C1.467.114,-2.7976223823360082,-9.8766365,7,467
C1.485.5,-2.7978442789820264,2.1382174,6,485
C1.469.343,-2.800627467383531,8.897241,4,469
C1.489.135,-2.8058082847180286,-8.448801,6,489
C1.500.103,-2.809118140674468,6.2823563,7,500
C1.477.89,-2.8229830339702833,-10.102231,7,477
C1.482.180,-2.8230052283836713,-0.3456113,5,482
C1.482.72,-2.824416373164452,22.988613,6,482
C1.499.94,-2.826747389546882,-9.510678,7,499
C1.482.100,-2.827469231482498,2.1246383,4,482
C1.477.201,-2.83607213096003,-10.361659,7,477
C1.469.323,-2.838658523993318,-4.1325073,5,469
C1.500.61,-2.8455860114239413,2.5767434,6,500
C1.492.177,-2.8457944333796807,9.780118,6,492
C1.477.187,-2.8546255052405316,0.31478354,7,477
C1.499.85,-2.8554981735401666,-7.0600066,7,499
C1.492.223,-2.8579396958500394,-8.72087,7,492
C1.482.131,-2.8607464002302816,3.6296468,6,482
C1.489.76,-2.860985459730813,11.780782,7,489
C1.450.165,-2.864998142634501,7.9509025,7,450
C1.500.81,-2.86847451762891,-3.3304725,7,500
C1.467.171,-2.873403524148148,-3.0620933,7,467
C1.482.161,-2.8787529228694657,-10.5602865,6,482
C1.469.349,-2.8806245252975384,4.6006927,5,469
C1.485.53,-2.8836047850142412,11.260184,6,485
C1.467.179,-2.885508444171842,8.266235,7,467
C1.483.161,-2.8860667898818444,-40.260303,5,483
C1.482.140,-2.889755582441305,4.516181,5,482
C1.500.133,-2.8900811588112423,-14.644993,6,500
C1.481.116,-2.89054087227313,0.7619666,3,481
C1.450.16,-2.8913537341256674,2.9155452,7,450
C1.492.62,-2.9010472093578703,-0.02776958,7,492
C1.485.40,-2.9151494884122515,16.633005,5,485
C1.492.86,-2.915255938572709,7.2373734,7,492
C1.488.88,-2.9292718705019394,9.270393,5,488
C1.482.120,-2.9352588618267514,20.522722,5,482
C1.492.93,-2.9362053628643765,3.9929876,7,492
C1.477.15,-2.936453847045522,3.8649406,7,477
C1.477.9,-2.9400024348655047,2.5102835,7,477
C1.455.32,-2.9443649081125445,-21.635767,6,455
C1.477.172,-2.9473308235780578,-4.016688,7,477
C1.455.158,-2.9536228010396046,-8.204133,6,455
C1.482.70,-2.9559128645622987,0.90631336,6,482
C1.492.206,-2.9577731276893178,2.5112875,7,492
C1.455.146,-2.962844213616888,-6.5440826,6,455
C1.485.2,-2.9721481596865997,-1.8944659,6,485
C1.499.96,-2.985388414964137,11.143717,6,499
C1.492.58,-2.988630562230949,11.962345,7,492
C1.481.89,-2.9931132489569845,9.938512,4,481
C1.455.191,-2.9982293558174997,-0.17484951,6,455
C1.481.200,-3.000099285387938,14.9137335,3,481
C1.467.210,-3.0012842609916537,8.671378,7,467
C1.482.162,-3.00367702712642,-14.709757,4,482
C1.481.111,-3.004776987479363,3.2213864,4,481
C1.467.98,-3.005428986722949,1.1676781,7,467
C1.500.72,-3.0065983158125142,6.0904064,6,500
C1.492.180,-3.0110491419984693,-4.6003838,7,492
C1.469.299,-3.0239084412185044,-2.9106398,4,469
C1.492.221,-3.024481100634747,5.044159,7,492
C1.455.152,-3.039872903552963,-3.0581663,6,455
C1.467.140,-3.04019779012686,9.516513,6,467
C1.492.169,-3.0423595621490116,3.3351989,6,492
C1.477.191,-3.043916981858561,6.5048265,7,477
C1.482.92,-3.0504348771126786,-1.8334584,5,482
C1.477.16,-3.0526770122136835,-4.697931,7,477
C1.477.43,-3.058797529389188,-1.355245,7,477
C1.492.124,-3.059016050442842,3.5258107,6,492
C1.492.127,-3.0636887104186674,0.6000304,7,492
C1.492.183,-3.0810020320817455,-0.10171778,6,492
C1.500.70,-3.0887070970172856,-3.2525296,7,500
C1.492.130,-3.0967911945701956,-9.83939,6,492
C1.482.21,-3.1003979915876094,1.2984301,6,482
C1.489.13,-3.10167482427161,6.8575244,7,489
C1.477.218,-3.105962623260576,-6.606459,7,477
C1.477.84,-3.1068335360520587,-3.473545,7,477
C1.467.77,-3.1079151444863298,-11.996137,7,467
C1.481.160,-3.1083907128324695,-4.0411386,4,481
C1.455.69,-3.1124602155921193,-4.82119,5,455
C1.469.375,-3.1146198392215543,1.6085969,4,469
C1.476.146,-3.1186657909403324,3.2188344,8,476
C1.499.141,-3.1191867989312563,-5.337264,7,499
C1.455.34,-3.1262894519929043,-11.800016,6,455
C1.492.142,-3.131550575802834,-1.4864696,7,492
C1.492.225,-3.1356236021736907,12.530388,7,492
C1.455.136,-3.1381028920825296,-6.854316,6,455
C1.477.175,-3.1435072929320795,2.9902265,7,477
C1.467.168,-3.15456952685163,-3.065479,7,467
C1.481.15,-3.1580245139850587,6.5190053,3,481
C1.481.75,-3.1646055554295796,4.7181115,4,481
C1.482.142,-3.1827651281954488,9.80638,6,482
C1.467.198,-3.1853344604978076,2.4577496,7,467
C1.482.154,-3.192708653317122,-5.3624783,5,482
C1.492.204,-3.1939561174149884,1.3569019,7,492
C1.482.20,-3.1943135787355326,23.918247,6,482
C1.477.100,-3.205309514136709,-1.2039021,7,477
C1.481.159,-3.2074434401392278,7.1013365,4,481
C1.467.30,-3.211189621722273,3.1165924,6,467
C1.450.91,-3.2278103612169624,14.590716,7,450
C1.492.184,-3.2303046707063614,-1.0671124,7,492
C1.455.154,-3.2433283879849046,5.2207828,5,455
C1.477.51,-3.2467748902731293,-3.2640164,7,477
C1.489.23,-3.246866925717705,-4.9802475,7,489
C1.492.140,-3.24804579254227,-4.1047983,7,492
C1.492.160,-3.2545046480013187,-5.66557,7,492
C1.489.113,-3.2612019534917573,-3.459076,7,489
C1.455.173,-3.2658609591979535,-4.4720826,6,455
C1.481.130,-3.2797679766770877,20.514662,4,481
C1.500.47,-3.282197635487734,-5.2363725,7,500
C1.450.126,-3.287273626720919,15.658774,6,450
C1.467.199,-3.287826554860749,-0.28332192,7,467
C1.492.166,-3.305199389339228,-3.9119554,7,492
C1.500.181,-3.319562676930399,-4.9270263,6,500
C1.492.105,-3.3198183993725494,6.784559,7,492
C1.469.335,-3.3328229363910293,4.496873,5,469
C1.455.75,-3.344439478479559,8.246684,6,455
C1.492.139,-3.34878642737185,10.870873,7,492
C1.467.149,-3.3496015272613673,-13.163008,6,467
C1.492.119,-3.3537162265418643,-2.4875553,7,492
C1.492.125,-3.3551986254631063,5.939459,7,492
C1.492.34,-3.3577274788143456,-15.223011,5,492
C1.467.193,-3.372904413863184,0.40332094,7,467
C1.477.39,-3.3734125312653656,7.596098,7,477
C1.477.214,-3.3747100154373664,-6.9435663,6,477
C1.492.29,-3.3786606041457152,5.3775735,7,492
C1.477.64,-3.394436489660436,-0.36764503,7,477
C1.476.164,-3.4005140369301934,-10.201728,8,476
C1.482.43,-3.401250404988481,6.72148,6,482
C1.482.44,-3.418988229060587,-1.9438533,6,482
C1.500.71,-3.429638530394781,-9.722216,7,500
C1.450.138,-3.430816730544939,4.549274,7,450
C1.492.90,-3.433882064898891,3.3669019,7,492
C1.455.59,-3.4342837371161243,-4.925216,6,455
C1.481.39,-3.439572857182953,14.347736,4,481
C1.455.79,-3.441251084919074,1.0093172,6,455
C1.481.7,-3.458113788540739,10.264736,4,481
C1.492.241,-3.4613164100172056,9.409316,7,492
C1.492.151,-3.4685517821105454,3.6714988,6,492
C1.482.78,-3.47668018515422,-17.117188,6,482
C1.492.230,-3.4776804667640424,-4.1757345,6,492
C1.492.197,-3.4794980619904625,9.441959,7,492
C1.492.137,-3.488927010186606,-3.8558981,7,492
C1.481.95,-3.5015543655281776,7.2677865,4,481
C1.467.172,-3.5030838926931636,1.0977352,7,467
C1.485.66,-3.5099544205812903,1.169484,6,485
C1.492.155,-3.511519246989685,1.8056304,7,492
C1.482.138,-3.512973532088944,1.4112887,5,482
C1.500.12,-3.517916150076361,7.8232274,7,500
C1.473.4,-3.519141856095381,2.8876443,6,473
C1.477.174,-3.5202440345784476,0.6092121,7,477
C1.482.23,-3.5209391841691033,19.716166,3,482
C1.455.195,-3.5223451691654146,-11.784766,6,455
C1.485.8,-3.5231173890421856,-8.431059,5,485
C1.482.115,-3.5249243991760646,-2.9770176,5,482
C1.492.85,-3.5274751609890544,13.454328,6,492
C1.489.133,-3.532465498589991,-10.270533,7,489
C1.489.99,-3.5389651908408286,-13.290347,7,489
C1.492.89,-3.5404321687259146,7.8254447,7,492
C1.450.96,-3.546007538952476,2.6763022,7,450
C1.455.30,-3.54618491072325,5.146484,6,455
C1.482.170,-3.5478322957328063,2.54953,6,482
C1.477.76,-3.5489847019555727,-17.996117,7,477
C1.455.61,-3.5510359255068282,-10.1859,6,455
C1.473.96,-3.5551712432591924,-7.6579514,7,473
C1.482.27,-3.557885372302464,11.810641,5,482
C1.492.235,-3.5707687873705125,-12.283098,7,492
C1.481.63,-3.572845956496043,12.868036,4,481
C1.477.206,-3.5753386894407173,11.161441,7,477
C1.492.220,-3.601805374126091,-16.61727,7,492
C1.481.103,-3.6177224575704954,-1.3935136,4,481
C1.455.182,-3.6190140205222785,-7.0497994,6,455
C1.492.222,-3.624970182404359,-7.641208,5,492
C1.455.103,-3.6340539214981695,-11.103266,6,455
C1.482.184,-3.6343355761769107,11.409942,5,482
C1.477.77,-3.6440458690612876,-2.3335023,7,477
C1.500.184,-3.654065141712969,14.352085,7,500
C1.492.244,-3.6545273618375154,2.297059,7,492
C1.485.77,-3.6634010561750916,9.01965,6,485
C1.481.43,-3.6771099049076716,3.3881114,4,481
C1.450.64,-3.677338622250572,-0.418576,6,450
C1.481.170,-3.6787576234799833,17.664886,4,481
C1.500.75,-3.6867373040125337,-4.663202,6,500
C1.492.103,-3.694984255031962,2.4408162,7,492
C1.500.36,-3.698785917574605,-2.598858,7,500
C1.467.169,-3.7106625681167196,18.39198,6,467
C1.481.25,-3.7144795037998044,17.783754,3,481
C1.467.132,-3.7162067024637238,-9.035536,7,467
C1.450.38,-3.717591993292362,8.431788,7,450
C1.482.48,-3.717757292296661,7.7515135,6,482
C1.492.115,-3.7217896889167856,-13.768112,7,492
C1.492.147,-3.7276437894815992,15.185744,7,492
C1.492.98,-3.752687366780025,11.135016,7,492
C1.500.120,-3.75349552658094,1.5696398,6,500
C1.467.57,-3.756942951340989,3.7032208,7,467
C1.477.1,-3.7619349485997855,1.6602407,7,477
C1.485.61,-3.7690400883912156,-9.805749,6,485
C1.482.173,-3.771284182900141,10.787613,6,482
C1.481.17,-3.781572756808046,13.378986,4,481
C1.482.178,-3.781776610529219,4.1575966,6,482
C1.481.20,-3.788075276605598,7.9322367,4,481
C1.482.107,-3.7927535271741277,27.524363,6,482
C1.482.17,-3.804445902671076,5.68553,6,482
C1.485.68,-3.816286494909539,7.3941674,6,485
C1.492.232,-3.822209965563268,8.755359,7,492
C1.482.26,-3.827793803580749,8.17498,6,482
C1.455.127,-3.8493777055560843,-5.008416,6,455
C1.481.9,-3.8510187238981457,-3.2933886,4,481
C1.481.90,-3.8597322409284476,4.0216613,4,481
C1.482.19,-3.8628071565874382,11.818742,5,482
C1.500.101,-3.864646842663498,-4.1406517,6,500
C1.481.147,-3.871144729984298,-2.2885137,4,481
C1.500.162,-3.879346631210287,16.236414,7,500
C1.483.204,-3.8810279169331627,-2.4137433,5,483
C1.492.75,-3.882986762699857,-15.804027,7,492
C1.481.167,-3.8839783459350565,-3.6584384,4,481
C1.500.51,-3.898655579365193,6.726542,7,500
C1.485.81,-3.8994063430720547,3.1851673,6,485
C1.481.83,-3.9004565617608176,-8.565278,3,481
C1.482.122,-3.901144991503855,5.22263,6,482
C1.467.200,-3.9050983676886126,-16.511993,7,467
C1.492.60,-3.9120282924390644,-4.9230266,7,492
C1.492.38,-3.9195648329586943,3.042059,7,492
C1.485.41,-3.919902733773092,4.5060673,6,485
C1.492.238,-3.924485477656831,-16.68177,5,492
C1.500.170,-3.9270362665213088,12.506328,7,500
C1.482.179,-3.9274908883512967,11.540082,5,482
C1.482.22,-3.930680594348113,15.747947,6,482
C1.482.47,-3.9311956624475672,1.1316301,6,482
C1.467.142,-3.9312845595925356,-1.005079,7,467
C1.500.149,-3.933415413826133,23.851284,7,500
C1.455.137,-3.940935773770116,-4.3838496,6,455
C1.492.40,-3.9498482323659356,-0.7391696,7,492
C1.455.194,-3.9502536239461814,-2.2605329,6,455
C1.482.46,-3.956526448373408,11.52738,6,482
C1.492.224,-3.962493078745867,-20.484072,5,492
C1.488.97,-3.963127016378631,-0.10610694,5,488
C1.481.35,-3.964986268676883,14.203662,4,481
C1.467.80,-3.9689291628789025,-14.670458,6,467
C1.481.123,-3.9692919607576456,5.0714364,4,481
C1.467.71,-3.973339632338444,-9.183722,7,467
C1.492.65,-3.978350747493894,6.0711846,6,492
C1.500.89,-3.978779083410562,0.9930562,7,500
C1.481.41,-3.9802100312392894,-3.3101635,4,481
C1.482.135,-3.995610523658299,-6.830137,6,482
C1.492.198,-3.9994928703907755,-5.240262,5,492
C1.482.16,-4.015252949890862,7.144962,5,482
C1.489.22,-4.021246619043555,0.038224168,7,489
C1.492.229,-4.022977770142713,-1.791441,7,492
C1.485.73,-4.024518468624578,-20.653782,6,485
C1.492.247,-4.035312219704162,7.2818446,7,492
C1.489.51,-4.035853937251394,-9.23409,7,489
C1.492.74,-4.0507210074316315,3.3793304,7,492
C1.492.53,-4.102526774743765,-5.002284,7,492
C1.481.149,-4.10866769755298,5.2757115,4,481
C1.481.119,-4.119427967617761,7.0934615,4,481
C1.481.49,-4.12763832691221,3.7923365,4,481
C1.492.176,-4.129762584226826,-17.124601,6,492
C1.492.146,-4.1427033394499135,7.7669306,7,492
C1.482.171,-4.151222977648457,2.9947634,6,482
C1.485.85,-4.151696753511057,12.381984,6,485
C1.489.34,-4.153676285614581,5.946167,7,489
C1.481.52,-4.155443465124682,0.87641144,4,481
C1.455.45,-4.179712159472579,-25.741533,6,455
C1.492.164,-4.185588224230508,0.13707328,7,492
C1.477.165,-4.1908632252374565,5.4682264,7,477
C1.477.38,-4.190965266072418,-4.350945,7,477
C1.455.42,-4.20430665455899,-4.315333,6,455
C1.467.94,-4.20954094490756,-13.992622,7,467
C1.477.220,-4.21209781018989,-2.011645,7,477
C1.481.18,-4.214291319512192,12.031611,4,481
C1.500.42,-4.218440025063208,5.453956,7,500
C1.483.183,-4.238393840686146,-0.55472314,5,483
C1.481.150,-4.248854550150368,10.766261,4,481
C1.492.236,-4.256010426450368,1.5752019,7,492
C1.477.198,-4.270065334132979,6.925498,6,477
C1.455.198,-4.273305556858413,2.9586005,6,455
C1.481.60,-4.281816100005454,4.5596366,4,481
C1.477.155,-4.286361017625329,-8.936474,7,477
C1.481.107,-4.313805991091172,7.2985616,4,481
C1.481.162,-4.316659110854015,1.7998865,4,481
C1.482.160,-4.3281980406485845,1.2911468,6,482
C1.492.51,-4.328582119720975,7.162945,7,492
C1.481.58,-4.329436338877971,13.339067,2,481
C1.455.44,-4.331355599040525,2.180384,6,455
C1.481.94,-4.3426986881857905,-1.0395136,4,481
C1.482.52,-4.355444072013499,9.794296,6,482
C1.492.145,-4.371138476105563,9.362916,7,492
C1.481.31,-4.37389238784267,19.564411,4,481
C1.482.194,-4.378827398492935,-5.5392866,6,482
C1.467.11,-4.392023065198173,-15.386479,7,467
C1.482.165,-4.399757202983902,-8.325553,6,482
C1.482.166,-4.413199248317655,14.58613,6,482
C1.477.35,-4.4205912051321885,0.26124066,7,477
C1.500.7,-4.4287530460882145,1.5973133,7,500
C1.492.132,-4.452334045153906,4.7154303,7,492
C1.455.64,-4.472190708867299,-7.844483,6,455
C1.492.233,-4.4767168154430275,-2.569784,7,492
C1.483.194,-4.478706229965996,-0.6476232,5,483
C1.485.90,-4.483283621573621,-2.492266,6,485
C1.492.97,-4.4886160282536585,-8.095173,6,492
C1.492.191,-4.541268902577079,2.4989939,6,492
C1.481.88,-4.542235564636574,10.025811,4,481
C1.481.40,-4.545302319975412,13.238687,4,481
C1.481.55,-4.547100767071301,-4.337414,4,481
C1.482.189,-4.550604853229706,7.777321,5,482
C1.481.141,-4.571600418621849,-1.0118386,4,481
C1.486.244,-4.575444835166769,-9.898716,6,486
C1.486.251,-4.586305226273492,-15.759749,6,486
C1.492.179,-4.589967092388417,-3.7759552,7,492
C1.467.181,-4.622220652552594,1.8518066,7,467
C1.455.150,-4.63226684567114,-2.675666,6,455
C1.492.49,-4.635808250591163,-6.6499553,7,492
C1.481.21,-4.6705569342912465,2.6088881,3,481
C1.492.131,-4.689926781445484,7.376188,7,492
C1.483.218,-4.7050570804280625,-19.064903,5,483
C1.482.24,-4.7106553048707225,15.281783,4,482
C1.481.131,-4.7228686122993,10.303987,4,481
C1.481.174,-4.752502510440501,12.992387,4,481
C1.481.77,-4.755241579147273,1.0663865,4,481
C1.492.237,-4.774389894702004,3.3422513,6,492
C1.455.188,-4.78975481956676,-13.057716,6,455
C1.481.99,-4.795695706423882,11.393512,4,481
C1.492.231,-4.799023463810229,2.4799185,6,492
C1.481.98,-4.808455743712133,17.014421,3,481
C1.492.218,-4.814525192433911,-2.7468982,7,492
C1.500.94,-4.817114857831099,3.2402134,7,500
C1.455.134,-4.827590639832981,-4.642533,6,455
C1.483.210,-4.831696569151689,-3.5439832,5,483
C1.481.151,-4.842285174393948,-9.705488,4,481
C1.481.79,-4.8441764488582955,-11.171528,3,481
C1.481.110,-4.855168323332463,12.946687,4,481
C1.481.27,-4.865280603113872,-0.28283855,4,481
C1.481.68,-4.890788756213308,15.264411,4,481
C1.481.66,-4.898784529732305,13.360911,4,481
C1.492.174,-4.90704077683095,-12.485779,4,492
C1.481.168,-4.947679020879822,4.5701,3,481
C1.483.150,-4.955865556900449,12.184677,5,483
C1.492.168,-4.957152217550919,-0.80552673,7,492
C1.481.73,-4.964779341204547,10.333112,4,481
C1.481.143,-4.977816145357832,11.150311,4,481
C1.481.145,-4.980778495278736,-1.3975145,3,481
C1.482.177,-5.0152821685088105,4.5706816,5,482
C1.482.134,-5.018324615711913,7.3285465,6,482
C1.481.128,-5.024432573338352,-3.3835635,4,481
C1.492.243,-5.027163887261959,-0.8588553,7,492
C1.455.177,-5.043843876911948,1.9076672,6,455
C1.477.239,-5.0521984798838355,-5.9942594,7,477
C1.482.129,-5.0609543878455385,-1.8381699,6,482
C1.481.8,-5.07103214006156,0.094761446,4,481
C1.500.63,-5.162040118226832,8.710914,7,500
C1.481.67,-5.174302462176913,9.007711,4,481
C1.484.101,-5.202929846945038,-14.611251,6,484
C1.481.87,-5.207585080126332,4.8817115,4,481
C1.492.36,-5.207847102485423,4.797702,7,492
C1.481.165,-5.215279038456538,-9.003228,3,481
C1.483.201,-5.224838649480519,-48.9163,5,483
C1.492.239,-5.249763900322599,10.806573,7,492
C1.481.93,-5.284060113409132,0.65641147,4,481
C1.483.171,-5.29197543374801,-18.708323,5,483
C1.481.112,-5.298910965762461,6.2601867,4,481
C1.484.25,-5.327439730669596,-28.780485,6,484
C1.481.29,-5.336915672430021,-8.278289,4,481
C1.481.117,-5.340478738867035,-6.1893277,3,481
C1.477.2,-5.393957666419321,-5.3648167,7,477
C1.492.42,-5.410575990671254,3.1313472,6,492
C1.484.86,-5.417322277033502,-12.656401,6,484
C1.481.172,-5.430382691360324,4.7633114,4,481
C1.483.177,-5.464449865545379,-10.926923,5,483
C1.477.74,-5.498943755486588,-5.384488,7,477
C1.483.216,-5.541976314007753,15.413537,5,483
C1.492.199,-5.550024480347995,-4.243998,7,492
C1.492.246,-5.5906944034081585,-3.9599125,7,492
C1.484.65,-5.605178511850311,-1.7146177,6,484
C1.483.166,-5.6199214299623135,-12.545143,5,483
C1.455.123,-5.62014102624624,-15.118266,6,455
C1.483.189,-5.624412840965942,-15.070943,5,483
C1.483.209,-5.682403191896102,1.3072368,5,483
C1.492.138,-5.760144938423297,15.634473,7,492
C1.484.13,-5.778378835609133,-13.062784,5,484
C1.481.26,-5.794350227107402,5.8697615,4,481
C1.485.54,-5.804534859285685,6.326284,6,485
C1.481.45,-5.849289288079113,-3.0268135,4,481
C1.467.154,-6.016823816789832,-17.443539,6,467
C1.481.177,-6.041751964300777,7.4983883,3,481
C1.481.12,-6.078523723774219,5.0996614,4,481
C1.483.151,-6.185479614306088,-17.327288,4,483
C1.483.192,-6.202337779611081,-18.741623,5,483
C1.483.228,-6.226495116767971,-26.152203,5,483
C1.483.172,-6.331230446562121,-6.8365884,4,483
C1.483.165,-6.353084071785378,-13.761213,4,483
C1.485.30,-6.388519354130253,-5.167199,6,485
C1.483.221,-6.399848806436761,-16.403263,5,483
C1.483.226,-6.402805360537605,0.79217374,4,483
C1.481.137,-6.476485695535649,4.3174863,4,481
C1.481.36,-6.5642602584982646,0.35611144,4,481
C1.481.108,-6.639349943684843,8.625736,4,481
C1.483.175,-6.652541410769373,-9.220304,5,483
C1.481.19,-6.67685621251282,-3.9655278,3,481
C1.484.80,-6.717848411715574,-8.462917,6,484
C1.483.195,-6.7184116961055995,-12.381063,5,483
C1.483.178,-6.744176161872472,-14.499503,5,483
C1.483.212,-6.756589172651289,-6.101343,5,483
C1.483.180,-6.839123131974334,-34.419903,5,483
C1.483.156,-6.899755114055199,-35.250263,5,483
C1.481.164,-6.92837171441755,14.742486,4,481
C1.481.121,-6.93294090985833,12.952987,4,481
C1.484.82,-6.954478878356349,-27.424252,6,484
C1.481.65,-7.007518359653832,3.5411615,4,481
C1.483.187,-7.00911367842811,-27.942297,4,483
C1.485.22,-7.012942059488482,-10.924883,6,485
C1.483.167,-7.1024962752719025,-15.5714035,5,483
C1.481.199,-7.116015898195663,10.670636,4,481
C1.483.197,-7.130367161048621,-11.280103,5,483
C1.483.198,-7.187203087237817,-12.979943,5,483
C1.484.37,-7.215204964091413,-24.560188,5,484
C1.481.32,-7.251463021756077,6.5313053,3,481
C1.481.80,-7.286289135609584,3.6415365,4,481
C1.484.88,-7.319547105149691,-1.1034844,6,484
C1.481.148,-7.33426310630895,4.1696863,4,481
C1.484.93,-7.340879748719817,0.58619136,5,484
C1.483.157,-7.477075297035137,-32.370804,5,483
C1.483.185,-7.48515124063033,-16.596483,5,483
C1.483.164,-7.5206143760525,-16.086363,5,483
C1.483.149,-7.568204910137666,-9.321763,5,483
C1.484.58,-7.575098290678974,-1.5881747,4,484
C1.483.203,-7.585334286788185,-23.908043,5,483
C1.484.79,-7.624596854034821,-2.819701,6,484
C1.481.173,-7.681308273174235,2.6694114,4,481
C1.483.184,-7.693272034206308,-0.60582316,5,483
C1.473.122,-7.6967014140371255,-17.388737,7,473
C1.483.222,-7.799745888964321,-26.993124,5,483
C1.483.200,-7.839766898932158,-9.114723,5,483
C1.484.94,-7.962285155107035,0.6331656,6,484
C1.484.106,-8.035696165081426,-2.8957677,6,484
C1.483.196,-8.172699564699581,-30.131742,5,483
C1.483.207,-8.442352121558761,-7.148403,5,483
C1.483.229,-8.466218660618324,14.135337,5,483
C1.483.213,-8.493420240478404,-18.244583,5,483
C1.483.173,-8.632143251504509,-16.291443,5,483
C1.483.199,-8.698044849908232,-17.863724,5,483
C1.483.153,-8.700132465564804,-11.304643,5,483
C1.483.174,-8.72825508641936,-4.276963,5,483
C1.484.40,-8.736710212050236,-20.670033,4,484
C1.483.163,-8.998606534620995,-4.181623,5,483
C1.484.70,-9.404148708544563,5.8591657,6,484
C1.484.57,-9.440898857081885,-12.382929,5,484
C1.483.155,-9.51137067752944,-7.6183033,5,483
C1.484.47,-9.651266818365995,-6.555368,6,484
C1.484.69,-9.668256632506086,-7.032301,6,484
C1.484.83,-9.692454975459004,-18.074268,6,484
C1.483.202,-9.715891054146745,-3.509263,5,483
C1.483.170,-9.743802067895427,-31.778423,5,483
C1.484.102,-9.79265685625404,-20.529884,6,484
C1.483.220,-9.820646736545354,-17.695343,5,483
C1.483.148,-9.906328301160274,-28.326263,5,483
C1.484.91,-9.962316829911066,-15.687401,6,484
C1.484.22,-10.165109408547888,0.9432823,6,484
C1.484.23,-10.171373957522304,-32.32322,6,484
C1.483.206,-10.259219228732164,-4.326943,5,483
C1.484.28,-10.391594374036389,-8.223451,6,484
C1.483.205,-10.420859888295755,-48.355213,4,483
C1.484.95,-10.489404510764077,-5.7207675,6,484
C1.484.26,-10.56887798021837,-0.22365105,6,484
C1.484.11,-10.57324720756019,-24.944548,5,484
C1.484.7,-10.598948655230606,-0.73981774,6,484
C1.484.78,-10.706395301735737,-7.9263844,6,484
C1.484.52,-10.713867430473046,-14.121818,6,484
C1.484.87,-10.813244953515126,7.888285,5,484
C1.484.60,-10.876739154211627,1.0440156,6,484
C1.484.64,-10.897414823500919,-16.216568,6,484
C1.484.68,-10.901981901628895,-25.57367,4,484
C1.484.84,-10.960301607941188,-17.553585,6,484
C1.484.29,-10.9656632979617,-14.338818,6,484
C1.484.110,-11.041045953384604,-4.476269,5,484
C1.484.99,-11.0739247215976,4.479593,5,484
C1.483.225,-11.173046052005029,-25.578913,4,483
C1.484.105,-11.176289945821827,-12.396301,6,484
C1.484.76,-11.21623903402417,-20.545717,6,484
C1.484.5,-11.356673232572286,-14.658151,6,484
C1.484.8,-11.402579475372379,-13.411951,6,484
C1.484.16,-11.723173764821034,-21.619663,4,484
C1.484.61,-11.833577628444464,-16.450384,6,484
C1.484.33,-11.87717214610849,-12.181618,6,484
C1.484.62,-12.033578493969856,-14.9340515,6,484
C1.484.59,-12.14193359852734,-19.900488,5,484
C1.484.35,-12.223072015581792,-6.6165524,5,484
C1.484.32,-12.382304156656454,-17.338408,5,484
C1.484.43,-12.405029277408802,-16.300034,6,484
C1.484.15,-12.643429201576925,1.653749,6,484
C1.484.27,-12.719696167718567,-17.43772,4,484
C1.484.98,-12.738664833424295,11.174966,6,484
C1.484.55,-12.831729067363165,-26.034985,6,484
C1.484.6,-12.895368423969108,-2.1002486,5,484
C1.484.18,-12.979794947778634,-4.015609,5,484
C1.484.72,-13.333261920647717,-8.805234,6,484
C1.484.54,-13.358768502744159,-23.379364,5,484
C1.484.67,-14.467526010942233,-0.9271011,6,484
C1.484.9,-14.54892424966591,-13.100218,6,484
C1.484.74,-14.67357062327355,-1.4188844,6,484
C1.484.108,-15.111046541574376,-31.343918,6,484
C1.484.34,-16.28689158267464,-35.43957,5,484
